,u,v,w,x,x bin,y,y bin,z,z bin
0,9.26643181,0.162490159,1.32940984,-0.100793406,-11.0,0.007626621,0.0,0.083451629,8.0
1,9.29121494,0.116537459,1.15505755,-0.107536599,-11.0,0.007942715999999999,0.0,0.08512137800000001,8.0
2,9.28620338,0.10744366,1.28468907,-0.102239341,-11.0,0.005364935,0.0,0.08479241300000001,8.0
3,9.28339958,0.072005577,1.20058203,-0.106565207,-11.0,0.003750823,0.0,0.08472215400000001,8.0
34063,9.37657356,0.033071958,1.19003916,-0.10667073,-11.0,0.001142487,0.0,0.08900188699999999,8.0
