,u,v,w,x,x bin,y,y bin,z,z bin
0,7.67312908,0.461493582,-0.859672546,-0.114369124,-12.0,0.009941659,0.0,-0.03161481,-4.0
1,7.6106472000000025,0.38734567200000003,-0.91763401,-0.112519778,-12.0,0.007862328,0.0,-0.031917087999999996,-4.0
2,7.64365005,0.30359751,-0.8615722659999999,-0.114932664,-12.0,0.0061688640000000005,0.0,-0.030005073,-4.0
3,7.68674898,0.432067662,-0.962047338,-0.111002937,-12.0,0.009061472,0.0,-0.034942441,-4.0
4,7.57356977,0.222012311,-0.951213002,-0.113126487,-12.0,0.004448581,0.0,-0.031731378,-4.0
5,7.98080873,0.37791988299999996,-0.868801177,-0.11812260699999999,-12.0,0.00973836,0.0,-0.037921261,-4.0
6,7.74275303,0.141872093,-0.877771735,-0.117295049,-12.0,0.002360086,0.0,-0.032144558,-4.0
79208,7.65801811,0.097979426,-1.05896521,-0.11088307900000001,-12.0,0.000655997,0.0,-0.03618345,-4.0
