,u,v,w,x,x bin,y,y bin,z,z bin
0,9.83925629,0.08414763199999999,-0.6740733390000001,-0.119099766,-12.0,0.009278045,0.0,-0.121360525,-13.0
1,9.86960793,0.057833873,-0.7655953759999999,-0.111142032,-12.0,0.001487336,0.0,-0.120721549,-13.0
2,9.85387707,0.076478265,-0.659508824,-0.118982449,-12.0,0.008806003,0.0,-0.12327819300000001,-13.0
3,9.85918427,0.068436392,-0.6551423670000001,-0.118940204,-12.0,0.007655246,0.0,-0.123941295,-13.0
135818,9.85845852,0.054699298,-0.658336699,-0.11894685,-12.0,0.005048948,0.0,-0.12375759300000001,-13.0
