,u,v,w,x,x bin,y,y bin,z,z bin
0,8.39245129,0.196102381,0.82907337,-0.121305026,-13.0,0.008920033,0.0,0.044551615,4.0
1,8.34852409,0.170848265,0.8429526690000001,-0.12016391800000001,-13.0,0.007189414,0.0,0.044102419000000004,4.0
2,8.32954407,0.14107340599999998,0.774770737,-0.122621723,-13.0,0.005928118,0.0,0.041339375,4.0
35732,8.26268864,0.06549648200000001,0.797560632,-0.12185838800000001,-13.0,0.002476644,0.0,0.040331338,4.0
