,u,v,w,x,x bin,y,y bin,z,z bin
0,9.23659039,0.135543883,0.916393995,-0.121307179,-13.0,0.009982131,0.0,0.08069174700000001,8.0
1,9.23408508,0.109465823,0.912045002,-0.122075573,-13.0,0.007310486,0.0,0.08087062099999999,8.0
2,9.26097488,0.08701077900000001,0.911463797,-0.12205369,-13.0,0.005154891,0.0,0.082442381,8.0
3,9.43396568,0.10314831099999999,0.78671062,-0.12811888800000001,-13.0,0.009880332,0.0,0.08838649800000001,8.0
4,9.23107243,0.056711011,0.892760158,-0.124343857,-13.0,0.002073777,0.0,0.081000313,8.0
5,9.28819275,0.064082705,0.865975678,-0.125230178,-13.0,0.003613119,0.0,0.082642473,8.0
6,9.25571346,0.040803611,0.936556518,-0.122141972,-13.0,0.000793132,0.0,0.08213572200000001,8.0
32092,9.405885699999999,0.038629465,0.793081045,-0.129112229,-13.0,0.002861409,0.0,0.08793971699999999,8.0
