,u,v,w,x,x bin,y,y bin,z,z bin
0,9.5797224,0.091936752,0.8311664459999999,-0.12051434800000001,-13.0,0.009535896,0.0,0.101316981,10.0
1,9.56091404,0.078611389,0.8260408640000001,-0.121492982,-13.0,0.008062625,0.0,0.100009501,10.0
2,9.56788254,0.057483066,0.825179577,-0.120910451,-13.0,0.006042716,0.0,0.10070749400000001,10.0
3,9.56804466,0.042705946,0.822365522,-0.120899543,-13.0,0.004606231,0.0,0.100857928,10.0
4,9.56911373,0.017143097,0.8180791140000001,-0.120903291,-13.0,0.0021575920000000003,0.0,0.101234794,10.0
5,9.58642673,0.004520564,0.8065665959999999,-0.121070616,-13.0,0.001232072,0.0,0.102808222,10.0
39304,9.55966568,-0.002037368,0.799077988,-0.122632094,-13.0,0.000350437,0.0,0.100820139,10.0
