,u,v,w,x,x bin,y,y bin,z,z bin
0,8.48189449,0.10604949999999999,0.478735924,-0.136688203,-14.0,0.006366448,0.0,0.032434315,3.0
1,8.34564495,0.10738948,0.5607390999999999,-0.131326199,-14.0,0.005712518000000001,0.0,0.034072682,3.0
2,8.55613708,0.058345858,0.459487259,-0.138855055,-14.0,0.003700642,0.0,0.032034241,3.0
3,8.51615524,0.02814937,0.461018056,-0.138115719,-14.0,0.001410147,0.0,0.030321557,3.0
39761,8.32851791,0.04580674,0.538627744,-0.131892949,-14.0,0.0014375339999999999,0.0,0.030691122999999997,3.0
