,u,v,w,x,x bin,y,y bin,z,z bin
0,9.16478157,0.104102947,0.731251001,-0.134388104,-14.0,0.007710899,0.0,0.06929925099999999,6.0
1,8.983557699999997,0.10261656300000001,0.75066328,-0.134032264,-14.0,0.006858966,0.0,0.060224135,6.0
2,8.99716473,0.086162269,0.765456021,-0.133183703,-14.0,0.005383956999999999,0.0,0.062028445,6.0
3,9.00440979,0.069010645,0.7889541390000001,-0.131878674,-14.0,0.0037430009999999997,0.0,0.063942343,6.0
4,8.98268986,0.028172221,0.729100585,-0.13456633699999998,-14.0,0.002158334,0.0,0.060390044,6.0
5,8.99257183,0.012236606,0.764548302,-0.132670075,-14.0,0.00036933,0.0,0.063042782,6.0
6,9.11607456,0.024710871,0.688143253,-0.136837706,-14.0,0.001850107,0.0,0.065700442,6.0
28487,9.09819126,0.015155281999999999,0.757847369,-0.13320870699999998,-14.0,4.9e-05,0.0,0.068471395,6.0
