,u,v,w,x,x bin,y,y bin,z,z bin
0,9.26161671,0.08021251900000001,0.579087496,-0.14535252699999998,-15.0,0.007601061,0.0,0.068518594,6.0
1,9.25786972,0.067774035,0.6103568079999999,-0.142965466,-15.0,0.005942139,0.0,0.06972122900000001,6.0
28284,9.10503197,0.010235733,0.628866017,-0.141148984,-15.0,0.000358769,0.0,0.062389411,6.0
