,u,v,w,x,x bin,y,y bin,z,z bin
0,9.39945507,0.072236873,0.456067145,-0.15762192,-16.0,0.009169257,0.0,0.07291294599999999,7.0
1,9.3831234,0.06833814099999999,0.443460941,-0.158576876,-16.0,0.007407726,0.0,0.070965216,7.0
2,9.3936882,0.055822812,0.467505038,-0.15697777300000001,-16.0,0.006189615,0.0,0.072913319,7.0
3,9.40857315,0.044243023,0.509055734,-0.15393284,-16.0,0.0057781130000000005,0.0,0.07609933599999999,7.0
4,9.40022755,0.043549813,0.473949164,-0.156807899,-16.0,0.0043918640000000005,0.0,0.073651448,7.0
5,9.39836884,0.030821156,0.527485251,-0.152572677,-16.0,0.003326507,0.0,0.076135315,7.0
6,9.42102051,0.017655814,0.506649971,-0.154924229,-16.0,0.0013934610000000001,0.0,0.076729119,7.0
7,9.42803955,0.014824064,0.53827548,-0.15241059699999998,-16.0,0.001985811,0.0,0.078867093,7.0
32053,9.42402172,0.0051646999999999995,0.5662293429999999,-0.150233507,-16.0,0.000740888,0.0,0.079901964,7.0
