,u,v,w,x,x bin,y,y bin,z,z bin
0,9.06867981,0.114909261,-0.203056991,-0.159384742,-16.0,0.009886228,0.0,-0.020965139,-3.0
1,9.07585716,0.096935496,-0.21549157800000002,-0.159201622,-16.0,0.007894805999999999,0.0,-0.023017652000000003,-3.0
2,8.92917061,0.113180131,-0.257422507,-0.152644336,-16.0,0.006040612,0.0,-0.022238245,-3.0
3,8.99878788,0.10357987099999999,-0.26472440399999997,-0.154680818,-16.0,0.007032877,0.0,-0.025622759,-3.0
4,8.96796608,0.080968976,-0.242554665,-0.155056804,-16.0,0.003804605,0.0,-0.021516709,-3.0
5,8.99528408,0.115888238,-0.297774047,-0.15310643599999998,-16.0,0.008769168,0.0,-0.02906757,-3.0
6,8.99123955,0.047114041,-0.295337558,-0.154586434,-16.0,0.00255647,0.0,-0.026750792,-3.0
77149,8.95579624,0.037940588,-0.34256845700000005,-0.152011588,-16.0,0.0019465329999999999,0.0,-0.029649764,-3.0
