,u,v,w,x,x bin,y,y bin,z,z bin
0,9.54253769,0.037831493,0.496245503,-0.156337112,-16.0,0.009670823,0.0,0.086473756,8.0
1,9.57464027,0.042155627,0.477974236,-0.156894922,-16.0,0.009911921,0.0,0.089778401,8.0
2,9.57570267,0.031498179,0.461291969,-0.158695295,-16.0,0.007731664,0.0,0.08875528699999999,8.0
3,9.5112114,0.005371105,0.534436405,-0.15310174199999999,-16.0,0.002805337,0.0,0.086252958,8.0
4,9.56202412,0.009649739,0.46471265,-0.158764496,-16.0,0.003205636,0.0,0.087678939,8.0
5,9.51218224,0.00026704,0.527398765,-0.15382832300000002,-16.0,0.001733028,0.0,0.085928813,8.0
6,9.54473305,0.001209628,0.495329261,-0.155953526,-16.0,0.001402722,0.0,0.08811387400000001,8.0
36163,9.53748798,-0.0047002020000000005,0.511403084,-0.154368863,-16.0,6.78e-05,0.0,0.08869519099999999,8.0
