,u,v,w,x,x bin,y,y bin,z,z bin
0,9.47955036,0.042947880999999986,0.376984894,-0.16644352699999998,-17.0,0.006140016,0.0,0.072489567,7.0
1,9.50378799,0.028149972000000002,0.364621222,-0.16823223199999998,-17.0,0.004348427,0.0,0.07314432400000001,7.0
2,9.45954895,0.029928343,0.424915105,-0.162001699,-17.0,0.003296048,0.0,0.07565899200000001,7.0
30179,9.48333931,0.016752658,0.402664185,-0.164486945,-17.0,0.0013759689999999999,0.0,0.076269016,7.0
