,u,v,w,x,x bin,y,y bin,z,z bin
0,9.61738682,0.043192457,-0.333048999,-0.17433738699999998,-18.0,0.007718059,0.0,-0.08242348599999999,-9.0
1,9.64653873,0.032815032,-0.318443656,-0.178395435,-18.0,0.004661544,0.0,-0.086604871,-9.0
2,9.64080715,0.027550569,-0.315883279,-0.17887818800000002,-18.0,0.003008006,0.0,-0.08586535599999999,-9.0
3,9.63531876,0.020788126,-0.316761464,-0.17861399100000006,-18.0,0.000776773,0.0,-0.085795581,-9.0
4,9.65350246,0.037820872,-0.323806167,-0.177319765,-18.0,0.006158348,0.0,-0.08795996,-9.0
5,9.65139961,0.031777777,-0.33372038600000004,-0.17511487,-18.0,0.003930881,0.0,-0.08960265699999999,-9.0
6,9.64403248,0.026046973,-0.334210128,-0.174882323,-18.0,0.00204907,0.0,-0.08904466,-9.0
117449,9.63664627,0.020358473000000002,-0.33216536,-0.17521423100000003,-18.0,0.000245231,0.0,-0.088138416,-9.0
