,u,v,w,x,x bin,y,y bin,z,z bin
0,9.52973747,0.04938077900000002,0.274333358,-0.178521559,-18.0,0.009866116999999999,0.0,0.062917575,6.0
1,9.51946831,0.04590819,0.325091213,-0.171972558,-18.0,0.008372657,0.0,0.069209643,6.0
2,9.52936459,0.044190228,0.283081949,-0.177317187,-18.0,0.008768758,0.0,0.064168289,6.0
3,9.55391598,0.029241333,0.288618952,-0.17968796199999998,-18.0,0.007398856999999998,0.0,0.066925734,6.0
26760,9.56076813,0.010974076000000001,0.29980298899999996,-0.17968010899999998,-18.0,0.004363786,0.0,0.069022767,6.0
