,u,v,w,x,x bin,y,y bin,z,z bin
0,9.42298412,0.061179172,0.150823355,-0.185163677,-19.0,0.006972448000000001,0.0,0.02952263,2.0
39758,9.43034363,0.032521427,0.143994614,-0.187810123,-19.0,0.001268269,0.0,0.028817957,2.0
