,u,v,w,x,x bin,y,y bin,z,z bin
0,12.382252699999999,0.338412851,-1.26017296,-0.008616162,-1.0,0.009578577,0.0,-0.081103116,-9.0
1,12.3155899,0.28307634600000003,-1.24134624,-0.008940756,-1.0,0.0069430690000000005,0.0,-0.081213787,-9.0
2,12.327136,0.17326149300000002,-0.994514287,-0.008205399,-1.0,0.006526135,0.0,-0.084306166,-9.0
3,12.2164364,0.137817398,-0.7212982179999999,-0.003337197,-1.0,0.000450477,0.0,-0.082059115,-9.0
4,12.2717533,0.169804543,-0.700808942,-0.004790632,-1.0,0.005574174,0.0,-0.087638564,-9.0
5,12.2051764,0.13510555,-1.06528521,-0.008410885,-1.0,0.00076408,0.0,-0.084230565,-9.0
6,12.1759205,0.153913587,-0.766694188,-0.004893781,-1.0,0.001645028,0.0,-0.08654872300000001,-9.0
7,12.1854372,0.145666882,-1.1292521999999998,-0.00980657,-1.0,0.0016362870000000002,0.0,-0.086628594,-9.0
92167,12.1674671,0.16278968800000002,-0.9545900820000001,-0.00785004,-1.0,0.002641502,0.0,-0.088226624,-9.0
