,u,v,w,x,x bin,y,y bin,z,z bin
0,12.1666727,0.370249391,-2.05458879,-0.013064556,-2.0,0.003393802,0.0,-0.07427595599999999,-8.0
1,12.1448631,0.582365155,-2.43599558,-0.01996284,-2.0,0.009157599,0.0,-0.079401128,-8.0
2,12.2720041,0.449772418,-1.76823199,-0.012701013999999998,-2.0,0.008053111,0.0,-0.078707717,-8.0
83297,12.0378609,0.20079360899999998,-2.69592142,-0.019607347,-2.0,0.000646395,0.0,-0.076317996,-8.0
