,u,v,w,x,x bin,y,y bin,z,z bin
0,11.2065525,0.15241459,-0.573890209,-0.013331916,-2.0,0.006671089,0.0,-0.120718904,-13.0
1,11.0193081,0.118703932,-0.42350351799999997,-0.012567662,-2.0,0.008397746,0.0,-0.129618853,-13.0
2,10.9975948,0.124647908,-0.573158383,-0.019146994,-2.0,0.007692592,0.0,-0.128354579,-13.0
3,11.018354400000002,0.113094494,-0.40339046700000003,-0.012259677,-2.0,0.005869955,0.0,-0.129389018,-13.0
4,10.9880219,0.116971254,-0.558058143,-0.019223236,-2.0,0.004903724,0.0,-0.12836045,-13.0
134513,10.999770199999999,0.11137951199999999,-0.478057355,-0.016089365,-2.0,0.003391847,0.0,-0.128643125,-13.0
