,u,v,w,x,x bin,y,y bin,z,z bin
0,11.1076088,0.14600175599999998,-0.728881001,-0.021669811,-3.0,0.007016284,0.0,-0.122559443,-13.0
1,11.0384979,0.135801643,-0.807282686,-0.026270904,-3.0,0.003961361,0.0,-0.123454452,-13.0
2,10.9597979,0.141488999,-0.7795273659999999,-0.027044121,-3.0,0.009245551,0.0,-0.127082244,-13.0
3,11.0342102,0.131379381,-0.7367933990000001,-0.024170734,-3.0,0.005166318,0.0,-0.124796487,-13.0
4,10.9369392,0.130912185,-0.852652967,-0.029797993999999998,-3.0,0.002785802,0.0,-0.12558540699999998,-13.0
5,11.0167599,0.113872379,-0.623464823,-0.020858763,-3.0,0.0011448889999999998,0.0,-0.126074046,-13.0
134507,10.971390699999999,0.108410656,-0.58314085,-0.020717081000000002,-3.0,0.002094691,0.0,-0.12826120900000001,-13.0
