,u,v,w,x,x bin,y,y bin,z,z bin
0,10.836834,0.217163831,1.65885746,-0.038565527999999995,-4.0,0.009885465,0.0,0.100129001,10.0
1,11.0081463,0.186346114,1.51478946,-0.03330189,-4.0,0.0077399880000000015,0.0,0.102509439,10.0
2,11.0115089,0.20876413600000002,1.44247484,-0.032548189,-4.0,0.009450917,0.0,0.104221329,10.0
3,10.7993803,0.153779685,1.4583329,-0.038454514,-4.0,0.006925806999999999,0.0,0.105910063,10.0
4,11.134986900000001,0.130869895,1.5786128000000001,-0.030789123999999998,-4.0,0.003325762,0.0,0.10035663800000001,10.0
5,10.9684143,0.161091954,1.50766599,-0.034023717,-4.0,0.006203604000000001,0.0,0.103177264,10.0
6,11.146971699999998,0.107080594,1.55219281,-0.030146737000000007,-4.0,0.00181992,0.0,0.101185292,10.0
7,10.9799194,0.11569801,1.36040199,-0.03193986,-4.0,0.00350741,0.0,0.107348934,10.0
36146,11.0541992,0.07931558,1.56949162,-0.032308709,-4.0,0.00016255799999999998,0.0,0.10158243800000001,10.0
