,u,v,w,x,x bin,y,y bin,z,z bin
0,9.1756382,0.5216401820000001,4.10752201,-0.047799323,-5.0,0.009776626,0.0,0.06788212099999999,6.0
1,10.157400099999998,0.395546764,3.98331261,-0.040474348,-5.0,0.007002876999999999,0.0,0.06823612,6.0
2,9.58855247,-0.020055339,4.18031979,-0.045153298,-5.0,0.000753303,0.0,0.067046784,6.0
3,9.74371529,0.186055422,3.98482156,-0.044528473,-5.0,0.004859178,0.0,0.06993483,6.0
4,9.23876381,0.012101948,4.31628609,-0.047209941,-5.0,0.000602431,0.0,0.06518064400000001,6.0
5,8.68889904,0.346830666,4.53454256,-0.048177183,-5.0,0.005608368000000001,0.0,0.061865393,6.0
6,9.05772209,0.089191854,4.422194,-0.047278456,-5.0,0.001650614,0.0,0.06354773,6.0
39887,8.77844334,0.465188384,4.58677864,-0.046907101,-5.0,0.006485803,0.0,0.060191515999999994,6.0
