,u,v,w,x,x bin,y,y bin,z,z bin
0,9.68886089,0.38944399399999996,3.27650571,-0.055711795,-6.0,0.008983914,0.0,0.077948175,7.0
1,9.68272305,0.26070115,3.23094606,-0.056115888,-6.0,0.006766212,0.0,0.079190642,7.0
2,9.6963625,0.36118522299999994,3.39786363,-0.054594986,-6.0,0.00818542,0.0,0.076740488,7.0
3,9.78727913,0.146447062,3.42771792,-0.052899294000000006,-6.0,0.004391638,0.0,0.07788600799999999,7.0
4,9.47036934,0.45319920799999996,3.59932661,-0.05635152,-6.0,0.008967413,0.0,0.073264971,7.0
5,9.41303062,0.117965311,3.68725705,-0.056064524,-6.0,0.002650991,0.0,0.074066192,7.0
6,9.177221300000001,0.552420974,3.76541328,-0.058883697,-6.0,0.009933954,0.0,0.070061281,7.0
7,9.41572762,0.275958568,3.71081185,-0.055296779,-6.0,0.005537441,0.0,0.073013805,7.0
32010,9.06254387,0.142614573,3.93665957,-0.055697410999999995,-6.0,0.002432709,0.0,0.070747934,7.0
