,u,v,w,x,x bin,y,y bin,z,z bin
106488,9.8951025,0.212161481,-2.48771286,-0.061707965999999996,-7.0,0.000156335,0.0,-0.089427277,-9.0
