,u,v,w,x,x bin,y,y bin,z,z bin
0,5.26104498,0.409476191,-3.00837183,-0.072849423,-8.0,0.0036114940000000002,0.0,-0.034339062999999996,-4.0
1,5.76870728,0.6548384429999999,-3.02045584,-0.075256035,-8.0,0.006644272,0.0,-0.037950132,-4.0
73150,5.57958651,0.300186813,-2.82560086,-0.076305896,-8.0,0.0033868759999999996,0.0,-0.036533576,-4.0
