,u,v,w,x,x bin,y,y bin,z,z bin
0,9.23124123,0.230217248,2.81623602,-0.070710935,-8.0,0.008296235,0.0,0.076713033,7.0
1,9.20552349,0.210046902,2.31282973,-0.07812654200000001,-8.0,0.008792559,0.0,0.078006223,7.0
2,9.23038673,0.10133308199999999,2.54905176,-0.074427962,-8.0,0.005531220999999999,0.0,0.078195632,7.0
3,8.66466713,-0.014647637,2.9122901000000003,-0.075469181,-8.0,0.00256947,0.0,0.07144352799999999,7.0
4,8.85768509,0.071066424,2.45256948,-0.079673439,-8.0,0.003714525,0.0,0.074377023,7.0
5,8.99135494,-0.07091964,2.94905424,-0.07166787200000001,-8.0,0.000501674,0.0,0.07475103400000001,7.0
28319,9.08469868,0.065638125,2.335675,-0.07896669999999999,-8.0,0.002867923,0.0,0.076918677,7.0
