,u,v,w,x,x bin,y,y bin,z,z bin
39271,10.051523199999998,-0.028381492999999997,1.22440767,-0.074450374,-8.0,0.000167729,0.0,0.11731684199999999,11.0
