,u,v,w,x,x bin,y,y bin,z,z bin
0,4.64429903,0.808126152,1.81459761,-0.082742237,-9.0,0.008829380999999999,0.0,0.019787093999999998,1.0
1,4.93148232,0.403303087,1.61322808,-0.087033995,-9.0,0.005052662,0.0,0.019256599,1.0
2,5.26496553,0.084746562,1.4607028999999998,-0.089619301,-9.0,0.00163877,0.0,0.018810827,1.0
3,5.0261879,0.482771903,1.16688752,-0.089562401,-9.0,0.006111034,0.0,0.015844263,1.0
4,4.42378616,0.705834746,1.72768736,-0.081580497,-9.0,0.007127496999999998,0.0,0.018290953999999998,1.0
5,4.88568401,0.271928161,1.31171095,-0.08793760800000001,-9.0,0.003628733,0.0,0.016260016999999998,1.0
61047,4.73783588,0.09008464199999999,0.8681017759999999,-0.087287709,-9.0,0.00134757,0.0,0.011957685,1.0
