,u,v,w,x,x bin,y,y bin,z,z bin
0,6.48066616,0.63007158,-2.72244692,-0.081796117,-9.0,0.008617257,0.0,-0.042529058,-5.0
1,6.45211601,0.507156014,-2.85810471,-0.08009970200000001,-9.0,0.005934005,0.0,-0.043092154,-5.0
2,6.24947214,0.097477198,-2.78540087,-0.080597423,-9.0,0.0007260319999999999,0.0,-0.040177379,-5.0
3,7.31342125,0.493869364,-2.28147721,-0.08987466300000001,-9.0,0.009195716999999999,0.0,-0.04740119,-5.0
4,6.61629629,0.35171926,-2.69334412,-0.082637906,-9.0,0.003768472,0.0,-0.043750692,-5.0
81169,7.34232759,0.387555063,-2.44598055,-0.08791455599999999,-9.0,0.005797759,0.0,-0.049046092,-5.0
