,u,v,w,x,x bin,y,y bin,z,z bin
0,7.5368185,0.442765474,-2.42842197,-0.088841125,-9.0,0.0081234,0.0,-0.050268792,-6.0
1,7.70438099,0.420948774,-2.55729771,-0.087596878,-9.0,0.007773403000000002,0.0,-0.053153697,-6.0
2,7.83803368,0.48543235700000004,-2.94126439,-0.08241193,-9.0,0.009093928000000001,0.0,-0.059058208,-6.0
3,7.37676144,0.348578513,-2.67526197,-0.085246556,-9.0,0.004119285,0.0,-0.050793849,-6.0
4,7.86374903,0.36841040799999997,-2.54354405,-0.087593474,-9.0,0.007041947,0.0,-0.056463793,-6.0
5,7.79884052,0.421459675,-2.88685942,-0.083143883,-9.0,0.0072665759999999986,0.0,-0.058007628,-6.0
6,7.69574308,0.34925568100000004,-3.10139871,-0.080370523,-9.0,0.004121815,0.0,-0.057897440999999994,-6.0
7,7.68118954,0.274683744,-2.59762383,-0.087025046,-9.0,0.003420896,0.0,-0.053569421,-6.0
87570,7.80234718,0.15713492,-2.50273514,-0.088090554,-9.0,0.000878016,0.0,-0.055380762,-6.0
