,u,v,w,x,x bin,y,y bin,z,z bin
0,12.4269705,0.158496246,-0.158058271,0.002861556,0.0,0.007514869,0.0,-0.083018035,-9.0
1,11.9994507,0.151457235,0.390846103,0.009801313,0.0,0.002036892,0.0,-0.081105284,-9.0
2,12.392861400000001,0.16547557699999998,-0.09940034199999999,0.0030710790000000004,0.0,0.007789691,0.0,-0.08605053300000001,-9.0
3,12.283144,0.157537177,-0.381293416,4.870000000000001e-05,0.0,0.004196897,0.0,-0.085594617,-9.0
4,12.2558727,0.160921633,0.041632783,0.006023071999999999,0.0,0.003328056,0.0,-0.083375134,-9.0
5,12.195631,0.171028316,0.35648039,0.009933752,0.0,0.000996306,0.0,-0.084750794,-9.0
92115,12.3223829,0.17536568600000002,0.134755671,0.005668576999999999,0.0,0.007345424000000001,0.0,-0.089031123,-9.0
