,u,v,w,x,x bin,y,y bin,z,z bin
0,11.7917147,0.064237505,0.577640414,0.009774335,0.0,0.008467421999999999,0.0,-0.075363837,-8.0
1,11.9440289,0.107302517,0.199793801,0.007017231999999999,0.0,0.003801238,0.0,-0.075818598,-8.0
81202,12.2985477,0.10214167800000001,-0.181557938,0.002439774,0.0,0.007786973000000001,0.0,-0.077882998,-8.0
