,u,v,w,x,x bin,y,y bin,z,z bin
0,11.7069016,0.148102596,-0.01031504,0.006152242,0.0,0.009456908,0.0,-0.112090364,-12.0
1,11.648288699999998,0.15334563,-0.109475985,0.001934789,0.0,0.006424531999999999,0.0,-0.11429134,-12.0
2,11.548432400000001,0.13381747900000002,-0.011491068,0.005235914,0.0,0.005562027,0.0,-0.116121545,-12.0
3,11.438802699999998,0.136452407,0.15382348,0.008967776,0.0,0.00054059,0.0,-0.117102824,-12.0
126507,11.4396496,0.11290804300000001,0.016186278000000002,0.007452640999999999,0.0,0.009774481,0.0,-0.118835442,-12.0
