,u,v,w,x,x bin,y,y bin,z,z bin
0,8.63611603,0.002913095,-1.2151773,0.116771936,11.0,0.00890642,0.0,0.068942376,6.0
1,8.1598177,0.007716253,-1.22576571,0.113876484,11.0,0.009081566,0.0,0.066836022,6.0
2,8.35460758,0.038791485,-1.19645929,0.113185138,11.0,0.0064701490000000006,0.0,0.06906562299999999,6.0
3,7.43438244,0.031942081000000004,-1.11577654,0.11662839400000001,11.0,0.008648332,0.0,0.06346094599999999,6.0
4,6.46842098,0.030614311,-0.870522201,0.117718205,11.0,0.000480654,0.0,0.061579734,6.0
5,7.19676113,0.048000678,-1.11114347,0.11086314900000001,11.0,0.005733709,0.0,0.064349785,6.0
6,7.43703461,0.02240485,-1.08096147,0.111732394,11.0,0.002915651,0.0,0.06617761400000001,6.0
37798,6.23449707,0.009152213000000001,-0.9124520420000001,0.11073294300000001,11.0,0.000249955,0.0,0.062014714000000006,6.0
