,u,v,w,x,x bin,y,y bin,z,z bin
0,6.57538652,-0.261134505,2.54700732,0.114496142,11.0,0.006146273000000001,0.0,-0.042757980999999994,-5.0
1,5.83531809,-0.17342162100000005,2.58651114,0.11194405,11.0,0.002613545,0.0,-0.041353513,-5.0
2,6.91491985,-0.101552419,2.43785763,0.11851035800000001,11.0,0.005171506,0.0,-0.044032548,-5.0
3,6.37145519,0.115740009,2.50349116,0.11290364,11.0,0.000800313,0.0,-0.045316376,-5.0
85431,7.22373772,0.16793824699999998,2.38709927,0.11664327199999999,11.0,0.0020929570000000003,0.0,-0.048997998,-5.0
