,u,v,w,x,x bin,y,y bin,z,z bin
0,10.2249041,-0.007402176,-0.34940058,0.11334736599999999,11.0,0.009584403,0.0,0.14766569400000001,14.0
1,10.2271385,-0.0060528,-0.341346383,0.11340303,11.0,0.009810572,0.0,0.149428114,14.0
2,10.200054199999999,-0.005927514,-0.358966589,0.119218826,11.0,0.008423409,0.0,0.145632192,14.0
3,10.2151146,0.000523934,-0.356849134,0.11549969,11.0,0.006569074,0.0,0.147189423,14.0
4,10.211005199999999,0.00535953,-0.352829695,0.11699052199999999,11.0,0.005410051999999999,0.0,0.14859750900000002,14.0
5,10.1959352,0.001488734,-0.371849835,0.119169362,11.0,0.005894081,0.0,0.144821897,14.0
36879,10.233998300000001,0.000635955,-0.40754377799999997,0.111780159,11.0,0.002731944,0.0,0.141779974,14.0
