,u,v,w,x,x bin,y,y bin,z,z bin
0,10.1529484,0.113354132,0.8420794009999999,0.1125682,11.0,0.001965816,0.0,-0.116051212,-12.0
131444,10.1330509,0.067263871,0.750025988,0.11743125300000001,11.0,0.007369771999999999,0.0,-0.118419707,-12.0
