,u,v,w,x,x bin,y,y bin,z,z bin
35747,6.61795235,0.03201462,-0.793714404,0.127007559,12.0,0.004933575,0.0,0.061075690999999994,6.0
