,u,v,w,x,x bin,y,y bin,z,z bin
0,7.92987394,0.014561248999999997,-0.8851875659999999,0.13811670199999998,13.0,0.008925183,0.0,0.063510045,6.0
1,8.41956329,0.07157580599999999,-0.908526003,0.13370305300000002,13.0,0.0032110309999999996,0.0,0.067896292,6.0
2,7.61451721,0.053747077,-0.866784453,0.130435079,13.0,0.004260266,0.0,0.064752713,6.0
33860,7.85625505,0.048430897,-0.797798157,0.13983804,13.0,0.004878269,0.0,0.064635105,6.0
