,u,v,w,x,x bin,y,y bin,z,z bin
0,10.045574199999999,0.128590882,0.8255425690000001,0.132410303,13.0,0.005014314000000001,0.0,-0.106864616,-11.0
1,10.0097761,0.180651426,0.828799665,0.139336616,13.0,0.00048133,0.0,-0.105051026,-11.0
126542,10.0391531,0.15616302199999998,0.8121771809999999,0.13452208,13.0,0.001838354,0.0,-0.10916535599999999,-11.0
