,u,v,w,x,x bin,y,y bin,z,z bin
0,10.0760632,0.034166686,0.439457208,0.153219238,15.0,0.009781887,0.0,-0.136460781,-14.0
1,10.0739832,0.044197291,0.436411589,0.153250188,15.0,0.007369983,0.0,-0.13709939999999998,-14.0
141521,10.078641900000001,0.037948266,0.426388562,0.153306633,15.0,0.009073491999999999,0.0,-0.138559848,-14.0
