,u,v,w,x,x bin,y,y bin,z,z bin
0,8.99058056,-0.08217361599999999,1.33278275,0.181991965,18.0,0.006488711,0.0,-0.046203233,-5.0
1,9.09787941,-0.028009564,1.28910255,0.184626192,18.0,0.005480240999999999,0.0,-0.048017733,-5.0
2,9.16085339,0.051334761,1.3012917,0.181143716,18.0,0.003542734,0.0,-0.049695455,-5.0
3,8.85046101,0.016267616000000002,1.40322995,0.18097476699999998,18.0,0.002167366,0.0,-0.044673298,-5.0
4,9.05022717,0.069379464,1.31448793,0.187023133,18.0,0.001590082,0.0,-0.046487037,-5.0
92233,9.19791794,0.140636921,1.28880262,0.18451048399999997,18.0,0.000490371,0.0,-0.049722157,-5.0
