,u,v,w,x,x bin,y,y bin,z,z bin
0,9.42527771,0.072708517,-0.42582395700000003,0.188343763,18.0,0.005176933,0.0,0.077820346,7.0
1,8.88152504,0.071762018,-0.398945808,0.187754333,18.0,0.00406313,0.0,0.07101763,7.0
30288,9.34193039,0.079138398,-0.451230824,0.180265903,18.0,0.001060196,0.0,0.078542903,7.0
