,u,v,w,x,x bin,y,y bin,z,z bin
0,10.0117712,0.009675238,-0.327939957,0.180802345,18.0,0.009266162,0.0,0.120545425,12.0
43242,10.0049963,0.035830084,-0.317851245,0.181609303,18.0,8.379999999999999e-05,0.0,0.12318307199999999,12.0
