,u,v,w,x,x bin,y,y bin,z,z bin
0,9.98945427,0.117457479,0.612558126,0.191733539,19.0,0.007919686,0.0,-0.091033734,-10.0
123161,9.96544456,0.1677441,0.534168005,0.196584538,19.0,0.0005397690000000001,0.0,-0.098051056,-10.0
