,u,v,w,x,x bin,y,y bin,z,z bin
0,6.28429031,0.082093872,0.5439579489999999,0.192722425,19.0,0.006301648000000001,0.0,-0.013493733,-2.0
1,7.1571269,-0.066565752,0.932208419,0.192959309,19.0,0.009001457,0.0,-0.01706212,-2.0
2,5.86725998,-0.712677896,0.385984182,0.19464653699999998,19.0,0.002677584,0.0,-0.014553741,-2.0
3,7.05513525,-0.32022306300000003,0.7893046140000001,0.195253015,19.0,0.006770801999999999,0.0,-0.017319633,-2.0
77111,7.34106255,-0.7758968470000001,0.832967937,0.197886437,19.0,0.003242613,0.0,-0.019887848,-2.0
