,u,v,w,x,x bin,y,y bin,z,z bin
145429,10.0502367,0.034694549,0.285244554,0.196570978,19.0,0.009712067,0.0,-0.149046078,-15.0
