,u,v,w,x,x bin,y,y bin,z,z bin
137206,11.0233793,0.054057155,0.269720107,0.018771826999999998,1.0,0.001254722,0.0,-0.133336231,-14.0
