,u,v,w,x,x bin,y,y bin,z,z bin
0,11.5740461,0.075322472,-0.14058578,0.011905734,1.0,0.005206549,0.0,0.101633653,10.0
1,11.5256252,0.061920881,-0.270531595,0.014379971,1.0,0.005064875999999999,0.0,0.102207273,10.0
2,11.566025699999999,0.049375299000000004,-0.317912668,0.014630897,1.0,4.98e-05,0.0,0.100135095,10.0
3,11.4678936,0.053686794,-0.437291443,0.01849898,1.0,0.0021810320000000003,0.0,0.101850078,10.0
4,11.448091499999999,0.072464943,-0.054732308,0.012224278,1.0,0.00576298,0.0,0.10789172400000001,10.0
5,11.5033216,0.05001938,-0.415830493,0.017522309,1.0,6.26e-05,0.0,0.101249993,10.0
6,11.5026569,0.052429095,-0.34614157700000003,0.016168468000000002,1.0,0.0012083060000000001,0.0,0.102428965,10.0
7,11.3426237,0.07077416,-0.296894431,0.018835831,1.0,0.003872582,0.0,0.107801341,10.0
36158,11.5079288,0.066642016,-0.018818967,0.010992166000000001,1.0,0.000805133,0.0,0.105943538,10.0
