,u,v,w,x,x bin,y,y bin,z,z bin
0,11.235546099999999,0.073189348,0.43855923399999996,0.022671446,2.0,0.0015910660000000001,0.0,-0.12055205599999999,-13.0
1,11.0266151,0.047438636,0.440091133,0.029204276,2.0,0.007683015,0.0,-0.127917871,-13.0
2,11.1417732,0.061459824,0.42650693700000003,0.024224337000000002,2.0,0.005581882,0.0,-0.125528201,-13.0
3,11.0569868,0.06470988,0.463042349,0.028086724,2.0,0.001536064,0.0,-0.126478225,-13.0
134434,11.073181199999999,0.052353114000000006,0.397386461,0.024996038999999998,2.0,0.00804288,0.0,-0.128743514,-13.0
