,u,v,w,x,x bin,y,y bin,z,z bin
131443,10.6846619,0.07632812900000001,0.875540972,0.060074965999999994,6.0,0.0069659809999999996,0.0,-0.12289749800000001,-13.0
