,u,v,w,x,x bin,y,y bin,z,z bin
138419,10.507934599999999,0.048108770999999995,0.605761707,0.066560537,6.0,0.002758828,0.0,-0.135031775,-14.0
