,u,v,w,x,x bin,y,y bin,z,z bin
0,10.407383,-0.019454928,-1.06678212,0.07689668200000001,7.0,0.008369803,0.0,0.101579085,10.0
1,10.3853722,-0.006145837,-1.0483954,0.07886412,7.0,0.006843788000000001,0.0,0.102034859,10.0
33133,10.4470978,-0.0028739959999999998,-0.914829016,0.075073317,7.0,0.006583111,0.0,0.108405985,10.0
