,u,v,w,x,x bin,y,y bin,z,z bin
0,10.462910699999998,0.031922359,0.598361254,0.070633344,7.0,0.005185282,0.0,-0.135677695,-14.0
1,10.405612,0.012519856,0.608929515,0.076976225,7.0,0.008905451,0.0,-0.136356249,-14.0
2,10.400853199999998,0.024631251,0.610266149,0.077536225,7.0,0.006585461999999999,0.0,-0.13653709,-14.0
3,10.4010248,0.039352696,0.614618242,0.077527255,7.0,0.003838493,0.0,-0.136264876,-14.0
4,10.401216499999999,0.055077485999999995,0.621744215,0.077511884,7.0,0.000980826,0.0,-0.135702357,-14.0
5,10.3927679,0.012762256,0.588639975,0.079060875,7.0,0.008713341,0.0,-0.138640776,-14.0
6,10.4004526,0.022618456000000002,0.591874957,0.07761474,7.0,0.006411917,0.0,-0.13853660199999998,-14.0
7,10.4006157,0.032625623,0.596100628,0.077600911,7.0,0.00458368,0.0,-0.138211206,-14.0
140576,10.400781599999998,0.046164073,0.6009590029999999,0.07758981,7.0,0.002083886,0.0,-0.137866706,-14.0
