,u,v,w,x,x bin,y,y bin,z,z bin
37212,10.4052086,0.017235562,-0.86436522,0.078925014,7.0,0.003905889,0.0,0.11012192800000001,11.0
