,u,v,w,x,x bin,y,y bin,z,z bin
0,10.349205,-0.023018509,-0.55270189,0.08911292300000001,8.0,0.008519842,0.0,0.12704610800000002,12.0
1,10.3685207,-0.000864088,-0.553736329,0.084589027,8.0,0.004739862,0.0,0.127631098,12.0
2,10.3486977,-0.016748356000000002,-0.546817899,0.088731535,8.0,0.00754919,0.0,0.1275419,12.0
43217,10.364980699999998,0.006108506999999999,-0.548286021,0.084575653,8.0,0.003679203,0.0,0.128096282,12.0
