,u,v,w,x,x bin,y,y bin,z,z bin
0,10.2860222,0.072586827,0.810452878,0.092394456,9.0,0.0032930940000000003,0.0,-0.120536685,-13.0
1,10.3105974,0.009577078,0.748402059,0.092323482,9.0,0.007849135,0.0,-0.124432214,-13.0
2,10.306282000000001,0.046757467000000004,0.7679322359999999,0.09113419800000001,9.0,0.0035854240000000002,0.0,-0.123219706,-13.0
3,10.3078804,0.067331635,0.789573431,0.090352163,9.0,0.001902337,0.0,-0.122909106,-13.0
4,10.3044415,0.071953207,0.76901257,0.09054282300000001,9.0,0.000405077,0.0,-0.123953328,-13.0
5,10.3005829,0.007339275,0.7397801279999999,0.094036028,9.0,0.008236456999999999,0.0,-0.125120178,-13.0
6,10.314903300000001,0.024416822999999997,0.741397738,0.091216892,9.0,0.00547853,0.0,-0.125335664,-13.0
7,10.2487431,0.05449459,0.7547435159999999,0.099921987,9.0,0.002835169,0.0,-0.124649793,-13.0
135822,10.2774897,0.018072736000000002,0.7057079079999999,0.09738303,9.0,0.006347367,0.0,-0.128066286,-13.0
