,u,v,w,x,x bin,y,y bin,z,z bin
0,8.4028759,0.085587792,2.56753778,0.091250397,9.0,0.004635472,0.0,-0.06344988900000001,-7.0
1,9.16123867,0.001730725,2.27414227,0.094850287,9.0,0.007759725,0.0,-0.069107346,-7.0
2,8.75744534,0.14276278,2.41403818,0.09580826,9.0,0.003002322,0.0,-0.065159775,-7.0
3,8.92679214,0.211976856,2.29345274,0.09855938,9.0,0.002121008,0.0,-0.06611508099999999,-7.0
4,8.55900574,0.265588522,2.47998667,0.09519779699999999,9.0,0.000552594,0.0,-0.063639961,-7.0
5,8.35955715,0.253530115,2.50409532,0.097086139,9.0,0.000826201,0.0,-0.061429016,-7.0
92155,9.19572735,0.144628882,2.22746611,0.09742029,9.0,0.0037655970000000003,0.0,-0.068774805,-7.0
