,u,v,w,x,x bin,y,y bin,z,z bin
0,10.30058,0.056488819,0.89645189,0.09247075,9.0,0.007527189,0.0,-0.116538785,-12.0
129772,10.2901354,0.019685486000000002,0.832308292,0.095242731,9.0,0.009935913000000001,0.0,-0.11825183800000001,-12.0
