,u,v,w,x,x bin,y,y bin,z,z bin
0,10.2883434,-0.039403081,-0.773908973,0.091525719,9.0,0.009697435,0.0,0.112462871,11.0
1,10.2768593,-0.020972166,-0.804893732,0.091944858,9.0,0.007684951,0.0,0.11105556,11.0
2,10.2455254,-0.00589769,-0.804468393,0.094577536,9.0,0.0055558790000000005,0.0,0.111167774,11.0
35073,10.2667742,0.012912845,-0.816340387,0.092090935,9.0,0.003517229,0.0,0.111286901,11.0
