,Unnamed: 0,Unnamed: 0.1,u,v,w,x,x bin,y,y bin,z,z bin
0,2,2,5.80949593,1.36209989,-0.265810907,0,10.0,-0.058332275999999995,-6.0,-0.037393127000000005,-4.0
1,0,0,4.67889452,1.34553385,-0.121175535,0,10.0,-0.053667817,-6.0,-0.035099991000000004,-4.0
2,4,102284,6.4574194,1.64759254,-0.078533523,0,10.0,-0.055553842,-6.0,-0.039718065,-4.0
3,1,1,4.90341091,1.10879064,-0.31384170100000003,0,10.0,-0.058690023,-6.0,-0.034754228,-4.0
4,3,3,6.08390236,1.58222628,0.00950329,0,10.0,-0.053806208,-6.0,-0.03912526,-4.0
