,Unnamed: 0,Unnamed: 0.1,u,v,w,x,x bin,y,y bin,z,z bin
0,7,130831,10.262459800000002,0.34299653799999996,-0.150509328,0,10.0,-0.126216665,-13.0,0.079519518,7.0
1,0,0,10.2398605,0.405930996,-0.146010816,0,10.0,-0.120872833,-13.0,0.071009561,7.0
2,1,1,10.2485886,0.38816630799999996,-0.156413138,0,10.0,-0.121945463,-13.0,0.074604102,7.0
3,2,2,10.233305,0.393081427,-0.163975313,0,10.0,-0.120598137,-13.0,0.075512566,7.0
4,3,3,10.2401619,0.37219101200000004,-0.17147897199999998,0,10.0,-0.121326484,-13.0,0.078305163,7.0
5,4,4,10.2442322,0.366801083,-0.155053288,0,10.0,-0.12353988,-13.0,0.076815791,7.0
6,6,6,10.2488737,0.35273394,-0.160311073,0,10.0,-0.12403024,-13.0,0.078732252,7.0
7,5,5,10.2493515,0.35122203799999996,-0.149511844,0,10.0,-0.125577345,-13.0,0.07711719,7.0
