,Unnamed: 0,Unnamed: 0.1,u,v,w,x,x bin,y,y bin,z,z bin
0,0,0,10.261652,0.306975394,0.17075859,0,10.0,-0.104674287,-11.0,-0.117014065,-12.0
1,1,149195,10.2647448,0.2929672,0.17098519199999998,0,10.0,-0.10475099800000001,-11.0,-0.11980962,-12.0
