,Unnamed: 0,Unnamed: 0.1,u,v,w,x,x bin,y,y bin,z,z bin
0,3,141802,10.18225,0.326475143,0.715926051,0,10.0,-0.027615597999999998,-3.0,-0.120949291,-13.0
1,2,2,10.1462021,0.30190438,0.7373951670000001,0,10.0,-0.024259936,-3.0,-0.120810241,-13.0
2,1,1,10.133498199999998,0.29479593,0.759422064,0,10.0,-0.022075305,-3.0,-0.120618984,-13.0
3,0,0,10.1326704,0.282182932,0.741412163,0,10.0,-0.021585913,-3.0,-0.121629983,-13.0
