,Unnamed: 0,Unnamed: 0.1,u,v,w,x,x bin,y,y bin,z,z bin
0,5,5,10.2092209,0.258606613,-0.560399771,0,10.0,-0.046312224000000006,-5.0,0.11355756199999999,11.0
1,0,0,10.2024593,0.235867068,-0.6019722820000001,0,10.0,-0.040040754,-5.0,0.11473310000000002,11.0
2,1,1,10.202978100000001,0.235573605,-0.577264726,0,10.0,-0.04195196599999999,-5.0,0.11589296199999999,11.0
3,7,82326,10.1995573,0.264682442,-0.534773588,0,10.0,-0.049427729000000004,-5.0,0.113360167,11.0
4,2,2,10.1919041,0.249668717,-0.574333191,0,10.0,-0.04390423,-5.0,0.113198921,11.0
5,6,6,10.1886635,0.246582165,-0.5435566310000001,0,10.0,-0.046151903,-5.0,0.114937708,11.0
6,4,4,10.1872492,0.247366294,-0.523545623,0,10.0,-0.04797424,-5.0,0.115688644,11.0
7,3,3,10.1773462,0.23147454899999997,-0.523929179,0,10.0,-0.045734662999999995,-5.0,0.11740565300000001,11.0
