,Unnamed: 0,Unnamed: 0.1,u,v,w,x,x bin,y,y bin,z,z bin
0,0,0,6.5901289000000025,1.96023905,-1.92340183,0,10.0,-0.034998357,-4.0,0.029915273,2.0
1,1,65370,6.56867886,2.03689528,-1.4618063000000001,0,10.0,-0.038540717,-4.0,0.029479072000000002,2.0
