,Unnamed: 0,Unnamed: 0.1,u,v,w,x,x bin,y,y bin,z,z bin
0,0,0,10.1689787,0.625864625,0.179000661,0,10.0,-0.100368403,-11.0,0.013328491,1.0
1,2,2,10.1734705,0.574694276,0.100796014,0,10.0,-0.105257995,-11.0,0.014782128,1.0
2,1,1,10.0988216,0.533845007,0.15073052,0,10.0,-0.103303514,-11.0,0.010297149,1.0
3,3,107682,10.143976199999999,0.50860095,0.090736345,0,10.0,-0.10711214699999999,-11.0,0.011255656000000001,1.0
