,Unnamed: 0,Unnamed: 0.1,u,v,w,x,x bin,y,y bin,z,z bin
0,3,3,10.163184199999998,0.6449197529999999,-0.193313465,0,10.0,-0.099376261,-10.0,0.060915679,6.0
1,0,0,10.1244402,0.7419965270000001,-0.250989228,0,10.0,-0.091528095,-10.0,0.062465683,6.0
2,1,1,10.1548338,0.6644779439999999,-0.209720641,0,10.0,-0.096961997,-10.0,0.062240965999999995,6.0
3,4,4,10.159915,0.632619381,-0.206584886,0,10.0,-0.098988973,-10.0,0.06330505,6.0
4,2,2,10.1397543,0.672178388,-0.225536257,0,10.0,-0.095610745,-10.0,0.063752919,6.0
5,5,107908,10.145941699999998,0.6168103220000001,-0.216164529,0,10.0,-0.098942548,-10.0,0.065472998,6.0
