,Unnamed: 0,Unnamed: 0.1,u,v,w,x,x bin,y,y bin,z,z bin
0,0,0,9.88186359,0.772530079,-1.22346258,0,10.0,-0.043005526,-5.0,0.07119716,7.0
1,1,1,9.88067532,0.826512694,-1.18216455,0,10.0,-0.045624699000000005,-5.0,0.070036978,7.0
2,4,4,10.0115166,0.736819983,-0.983415663,0,10.0,-0.049900748,-5.0,0.07542813599999999,7.0
3,2,2,9.90092468,0.808521688,-1.12966657,0,10.0,-0.046619408,-5.0,0.070734523,7.0
4,3,3,10.035574,0.586583078,-1.05503488,0,10.0,-0.041729357,-5.0,0.077986874,7.0
5,5,73962,10.00634,0.5687410829999999,-0.925103605,0,10.0,-0.046023779,-5.0,0.079979055,7.0
