,Unnamed: 0,Unnamed: 0.1,u,v,w,x,x bin,y,y bin,z,z bin
0,0,126969,10.1402931,1.19429028,0.37498879399999996,0,10.0,-0.061147064,-7.0,-0.061292075,-7.0
