,Unnamed: 0,Unnamed: 0.1,u,v,w,x,x bin,y,y bin,z,z bin
0,1,1,10.2354679,0.335887551,0.043048658,0,10.0,-0.117346525,-12.0,-0.025998134,-3.0
1,2,2,10.2215595,0.33629685600000003,0.030772895,0,10.0,-0.117131568,-12.0,-0.028773505,-3.0
2,3,130664,10.210097300000001,0.316198945,0.035241947,0,10.0,-0.118618026,-12.0,-0.027662184,-3.0
3,0,0,10.2021446,0.330126256,0.033153154,0,10.0,-0.114859208,-12.0,-0.026122531,-3.0
