,Unnamed: 0,Unnamed: 0.1,u,v,w,x,x bin,y,y bin,z,z bin
0,5,39828,6.65405798,-0.09533409,-1.05122912,0,10.0,-0.007753241,-1.0,0.065202519,6.0
1,2,2,7.547270299999999,-0.045195438,-1.0844698,0,10.0,-0.006775412,-1.0,0.06916354599999999,6.0
2,1,1,7.52655745,-0.039215848,-1.10353971,0,10.0,-0.0041767259999999995,-1.0,0.068576649,6.0
3,3,3,6.06138515,-0.056290567,-0.92722702,0,10.0,-0.001893236,-1.0,0.063044615,6.0
4,4,4,6.05242777,-0.077724204,-0.86822778,0,10.0,-0.0058745740000000005,-1.0,0.06319508,6.0
5,0,0,7.2311511,-0.056762446,-1.0327481,0,10.0,-0.003751432,-1.0,0.06735906,6.0
