,Unnamed: 0,Unnamed: 0.1,u,v,w,x,x bin,y,y bin,z,z bin
0,2,66916,10.201326400000001,0.158802092,-0.514538407,0,10.0,-0.029250533999999998,-3.0,0.126760766,12.0
1,1,1,10.1990118,0.153001279,-0.502387226,0,10.0,-0.028988246,-3.0,0.127896369,12.0
2,0,0,10.1976662,0.148056149,-0.505444586,0,10.0,-0.027267525,-3.0,0.128108203,12.0
