,Unnamed: 0,Unnamed: 0.1,u,v,w,x,x bin,y,y bin,z,z bin
0,0,135187,10.2196655,0.319177598,0.028189911,0,10.0,-0.12005200199999999,-13.0,-0.032375608,-4.0
