,Unnamed: 0,Unnamed: 0.1,u,v,w,x,x bin,y,y bin,z,z bin
0,0,98092,10.1390095,0.677015901,-0.11359812300000001,0,10.0,-0.099597387,-10.0,0.049039524,4.0
