,Unnamed: 0,Unnamed: 0.1,u,v,w,x,x bin,y,y bin,z,z bin
0,2,2,10.1881285,0.5775159000000001,-0.29880783,0,10.0,-0.098363169,-10.0,0.075981475,7.0
1,3,3,10.1787777,0.5316739079999999,-0.308309078,0,10.0,-0.097107917,-10.0,0.079818822,7.0
2,1,1,10.150150300000002,0.581708848,-0.35347855100000003,0,10.0,-0.090836085,-10.0,0.079524018,7.0
3,0,0,10.1367264,0.6199949379999999,-0.337353587,0,10.0,-0.091178015,-10.0,0.075528547,7.0
4,4,118771,10.163782099999999,0.50139606,-0.289441705,0,10.0,-0.098006502,-10.0,0.079761848,7.0
