,Unnamed: 0,Unnamed: 0.1,u,v,w,x,x bin,y,y bin,z,z bin
0,1,1,9.24999428,0.388037533,0.043633543,0,10.0,-0.090361103,-10.0,-0.016428761,-2.0
1,6,114246,10.0937424,0.396666229,0.041840352000000004,0,10.0,-0.09894748800000001,-10.0,-0.01960624,-2.0
2,3,3,9.8407526,0.413160235,0.135841519,0,10.0,-0.095317312,-10.0,-0.01119875,-2.0
3,2,2,10.0654888,0.40051078799999995,0.141334862,0,10.0,-0.099489301,-10.0,-0.010751489,-2.0
4,0,0,9.36780548,0.38137310700000004,0.11981678800000001,0,10.0,-0.091763087,-10.0,-0.011019534,-2.0
5,5,5,9.79479218,0.372139841,0.095126785,0,10.0,-0.095487878,-10.0,-0.01383365,-2.0
6,4,4,9.55654716,0.335432261,0.049640252999999995,0,10.0,-0.094014086,-10.0,-0.016238151,-2.0
