,Unnamed: 0,Unnamed: 0.1,u,v,w,x,x bin,y,y bin,z,z bin
0,0,0,10.247353599999999,0.501542389,0.110790722,0,10.0,-0.099681735,-10.0,-0.070573218,-8.0
1,6,141051,10.2380915,0.558556378,0.189001277,0,10.0,-0.09165737800000001,-10.0,-0.078959599,-8.0
2,5,5,10.2275486,0.55363065,0.179009557,0,10.0,-0.092497192,-10.0,-0.077758752,-8.0
3,4,4,10.223287599999999,0.539974928,0.165606201,0,10.0,-0.094330773,-10.0,-0.07679087700000001,-8.0
4,2,2,10.2261524,0.510930896,0.132068202,0,10.0,-0.09794312699999999,-10.0,-0.073883638,-8.0
5,3,3,10.2124748,0.563290179,0.17000535100000005,0,10.0,-0.092064351,-10.0,-0.075067207,-8.0
6,1,1,10.2163725,0.58764559,0.157078668,0,10.0,-0.090737842,-10.0,-0.072174504,-8.0
