,Unnamed: 0,Unnamed: 0.1,u,v,w,x,x bin,y,y bin,z,z bin
0,8,54756,9.81146145,0.33868923799999995,-1.20312262,0,10.0,-0.029587949,-3.0,0.078934819,7.0
1,0,0,8.94683266,0.19605560600000002,-1.33200967,0,10.0,-0.022676259,-3.0,0.072226055,7.0
2,7,7,9.72921181,0.341513783,-1.22709703,0,10.0,-0.029520091,-3.0,0.077894032,7.0
3,6,6,9.72993279,0.327593774,-1.23133588,0,10.0,-0.028311227999999997,-3.0,0.07799454,7.0
4,2,2,9.30870914,0.313422143,-1.34664583,0,10.0,-0.026685700000000003,-3.0,0.07230404,7.0
5,5,5,9.44410706,0.34009912600000003,-1.27588391,0,10.0,-0.027510276,-3.0,0.073208861,7.0
6,4,4,9.28970623,0.38977372600000004,-1.31883383,0,10.0,-0.028063027,-3.0,0.070717976,7.0
7,3,3,9.73538589,0.230194777,-1.12909794,0,10.0,-0.021575997000000003,-3.0,0.078752048,7.0
8,1,1,9.43749714,0.215676129,-1.19259441,0,10.0,-0.020397499,-3.0,0.074171417,7.0
