,Unnamed: 0,Unnamed: 0.1,u,v,w,x,x bin,y,y bin,z,z bin
0,5,5,10.2065105,0.394092798,-0.48423025,0,10.0,-0.067406461,-7.0,0.099770889,9.0
1,0,0,10.182595300000001,0.40001499700000004,-0.550376356,0,10.0,-0.060677279,-7.0,0.096977077,9.0
2,4,4,10.1625147,0.45194146,-0.519616127,0,10.0,-0.065733567,-7.0,0.091925152,9.0
3,6,100736,10.158268,0.464331448,-0.520426631,0,10.0,-0.06640891,-7.0,0.090681858,9.0
4,2,2,10.1655302,0.40523320399999996,-0.506350756,0,10.0,-0.063960709,-7.0,0.095767915,9.0
5,1,1,10.1444931,0.438668609,-0.580889225,0,10.0,-0.060180105,-7.0,0.091185994,9.0
6,3,3,10.1605291,0.375985682,-0.491033912,0,10.0,-0.063249275,-7.0,0.098228887,9.0
