,Unnamed: 0,Unnamed: 0.1,u,v,w,x,x bin,y,y bin,z,z bin
0,0,145266,10.2274723,0.325036228,0.047716681,0,10.0,-0.12263406800000001,-13.0,-0.068520844,-7.0
