,Unnamed: 0,Unnamed: 0.1,u,v,w,x,x bin,y,y bin,z,z bin
0,2,2,10.185379,0.183036923,0.76848805,0,10.0,-0.009216124,-1.0,-0.122537725,-13.0
1,1,1,10.173561099999999,0.17006658,0.7818618420000001,0,10.0,-0.0067889230000000005,-1.0,-0.121403217,-13.0
2,0,0,10.2075586,0.099854633,0.780580103,0,10.0,-0.001157564,-1.0,-0.123477988,-13.0
3,3,137226,10.188077900000001,0.124269843,0.714224339,0,10.0,-0.00516513,-1.0,-0.126956105,-13.0
