,Unnamed: 0,Unnamed: 0.1,u,v,w,x,x bin,y,y bin,z,z bin
0,1,1,7.47465992,2.28464961,1.08520329,0,10.0,-0.034397371,-4.0,-0.045657527,-5.0
1,3,3,6.88803387,2.20157504,1.15596104,0,10.0,-0.032994397,-4.0,-0.043067504000000006,-5.0
2,7,7,7.75391102,2.2129221,0.8710109,0,10.0,-0.038840994,-4.0,-0.046508659,-5.0
3,8,104524,7.35041475,2.22144175,0.895743847,0,10.0,-0.038144647999999996,-4.0,-0.044532649,-5.0
4,5,5,6.56213903,2.11589003,1.04977,0,10.0,-0.034493059,-4.0,-0.041141428,-5.0
5,0,0,7.94691467,1.9798453999999999,1.15639889,0,10.0,-0.031044845,-4.0,-0.04873389400000002,-5.0
6,6,6,7.24425364,2.12240648,0.985386014,0,10.0,-0.034872562,-4.0,-0.044408456,-5.0
7,2,2,7.83984995,2.08189058,1.03512192,0,10.0,-0.033380281,-4.0,-0.047709167000000004,-5.0
8,4,4,8.09893608,2.03531313,0.971693516,0,10.0,-0.034794696,-4.0,-0.04879247,-5.0
