,Unnamed: 0,Unnamed: 0.1,u,v,w,x,x bin,y,y bin,z,z bin
0,0,0,10.2832088,0.223969936,0.297281742,0,10.0,-0.055088557,-6.0,-0.146208048,-15.0
1,5,5,10.2834091,0.220934451,0.269042104,0,10.0,-0.057588428,-6.0,-0.14839901,-15.0
2,2,2,10.2829561,0.220003903,0.276721567,0,10.0,-0.056565862,-6.0,-0.148279116,-15.0
3,7,151377,10.2771397,0.22164619,0.26495814300000003,0,10.0,-0.059648756,-6.0,-0.147758976,-15.0
4,6,6,10.278285,0.233195469,0.275295407,0,10.0,-0.059042268,-6.0,-0.144891188,-15.0
5,4,4,10.2794018,0.227798328,0.275391459,0,10.0,-0.057979476,-6.0,-0.146122962,-15.0
6,1,1,10.278077099999999,0.23192000399999999,0.28746467800000003,0,10.0,-0.057266875999999994,-6.0,-0.144671038,-15.0
7,3,3,10.275362,0.239094138,0.28457069399999996,0,10.0,-0.058485471,-6.0,-0.143474773,-15.0
