,Unnamed: 0,Unnamed: 0.1,u,v,w,x,x bin,y,y bin,z,z bin
0,5,5,10.273604400000002,0.139750063,-0.15283291,0,10.0,-0.095428765,-10.0,0.148392797,14.0
1,6,124506,10.2729464,0.136074319,-0.14982353199999998,0,10.0,-0.095901646,-10.0,0.149456456,14.0
2,0,0,10.2649746,0.15633186699999999,-0.162429959,0,10.0,-0.09716782,-10.0,0.14372506699999998,14.0
3,2,2,10.2621117,0.153024882,-0.158319339,0,10.0,-0.09895028199999999,-10.0,0.144627839,14.0
4,1,1,10.2675819,0.151957512,-0.160858437,0,10.0,-0.095786147,-10.0,0.145060986,14.0
5,3,3,10.2653646,0.149080485,-0.157447964,0,10.0,-0.097176604,-10.0,0.145852461,14.0
6,4,4,10.267147999999999,0.148023337,-0.15776269099999998,0,10.0,-0.09617087199999999,-10.0,0.14620061199999998,14.0
