,Unnamed: 0,Unnamed: 0.1,u,v,w,x,x bin,y,y bin,z,z bin
0,0,0,10.2419987,0.232086837,0.074933313,0,10.0,-0.13192789300000002,-14.0,-0.11045853,-12.0
1,1,150364,10.2418528,0.21954511100000002,0.06128807400000001,0,10.0,-0.136742875,-14.0,-0.110530525,-12.0
