,Unnamed: 0,Unnamed: 0.1,u,v,w,x,x bin,y,y bin,z,z bin
0,0,124138,10.2373257,0.369404733,0.035277866,0,10.0,-0.127834052,-13.0,0.011787266000000001,1.0
