,Unnamed: 0,Unnamed: 0.1,u,v,w,x,x bin,y,y bin,z,z bin
0,0,145121,10.1745491,0.395804435,0.42237275799999996,0,10.0,-0.059347145,-6.0,-0.11505169400000001,-12.0
