,Unnamed: 0,Unnamed: 0.1,u,v,w,x,x bin,y,y bin,z,z bin
0,2,52210,4.59283686,0.973494649,-2.00601315,0,10.0,-0.017476624,-2.0,0.030666756,3.0
1,0,0,4.77239084,0.7983036040000001,-1.53568316,0,10.0,-0.017860927,-2.0,0.038933687,3.0
2,1,1,5.14086866,0.989399612,-2.01546574,0,10.0,-0.019237846,-2.0,0.031995155,3.0
