,Unnamed: 0,Unnamed: 0.1,u,v,w,x,x bin,y,y bin,z,z bin
0,1,1,10.1176949,1.10961437,0.141542524,0,10.0,-0.070297405,-8.0,-0.057186699999999986,-6.0
1,0,0,9.54439735,0.8178672790000001,-0.063983992,0,10.0,-0.079378411,-8.0,-0.050271299000000005,-6.0
2,3,133535,9.98505116,0.9103310109999999,0.06143051400000001,0,10.0,-0.07622000599999999,-8.0,-0.057127215,-6.0
3,2,2,9.92319012,0.906258166,0.028175391,0,10.0,-0.077192806,-8.0,-0.055161662,-6.0
