,Unnamed: 0,Unnamed: 0.1,u,v,w,x,x bin,y,y bin,z,z bin
0,0,123159,10.1628265,0.211006865,1.05525839,0,10.0,-0.001256162,-1.0,-0.105378173,-11.0
