,Unnamed: 0,Unnamed: 0.1,u,v,w,x,x bin,y,y bin,z,z bin
0,0,102414,7.57348347,0.422577262,-0.176497221,0,10.0,-0.078620382,-8.0,-0.025541434,-3.0
