,Unnamed: 0,Unnamed: 0.1,u,v,w,x,x bin,y,y bin,z,z bin
0,0,0,10.24084,0.079057232,0.6056093570000001,0,10.0,-0.006019035,-1.0,-0.13750548699999998,-14.0
1,1,142465,10.216980900000001,0.08809758699999999,0.564223468,0,10.0,-0.008614265,-1.0,-0.139323279,-14.0
