,Unnamed: 0,Unnamed: 0.1,u,v,w,x,x bin,y,y bin,z,z bin
0,5,5,10.2765484,0.437647015,0.033160374,0,10.0,-0.10902049400000001,-11.0,-0.058196965999999996,-6.0
1,2,2,10.2611351,0.43286562,0.023338515,0,10.0,-0.107186578,-11.0,-0.052193139000000006,-6.0
2,0,0,10.246066099999998,0.482891411,0.029699652000000007,0,10.0,-0.102090366,-11.0,-0.056991406,-6.0
3,1,1,10.249773,0.454563528,0.019647464,0,10.0,-0.10463976900000001,-11.0,-0.055919725,-6.0
4,3,3,10.247224800000001,0.421978265,0.021289383999999998,0,10.0,-0.10808063300000001,-11.0,-0.052905365999999995,-6.0
5,7,136454,10.2390642,0.423066318,0.038819213,0,10.0,-0.109484278,-11.0,-0.059943027999999995,-6.0
6,6,6,10.2415819,0.412802249,0.023670172000000003,0,10.0,-0.109968022,-11.0,-0.056416381,-6.0
7,4,4,10.231486300000002,0.422306269,0.015633391,0,10.0,-0.107615516,-11.0,-0.055916205,-6.0
