,Unnamed: 0,Unnamed: 0.1,u,v,w,x,x bin,y,y bin,z,z bin
0,5,5,10.176129300000001,0.235710278,0.762911797,0,10.0,-0.015890403,-2.0,-0.12283978599999999,-13.0
1,4,4,10.1771746,0.224780232,0.7499214409999999,0,10.0,-0.015309935,-2.0,-0.123780377,-13.0
2,3,3,10.184201199999999,0.213382155,0.73506856,0,10.0,-0.015000906999999999,-2.0,-0.12496293300000001,-13.0
3,7,139658,10.178256,0.225549832,0.728747308,0,10.0,-0.016700536000000002,-2.0,-0.124894835,-13.0
4,2,2,10.1775236,0.202586055,0.7142955059999999,0,10.0,-0.014613142,-2.0,-0.126133949,-13.0
5,1,1,10.1824274,0.18563389800000002,0.6877142190000001,0,10.0,-0.014214708000000001,-2.0,-0.128002897,-13.0
6,6,6,10.180565800000002,0.164458677,0.6585416789999999,0,10.0,-0.01326014,-2.0,-0.129738301,-13.0
7,0,0,10.1259012,0.211519271,0.764667749,0,10.0,-0.011338672,-2.0,-0.121313438,-13.0
