,Unnamed: 0,Unnamed: 0.1,u,v,w,x,x bin,y,y bin,z,z bin
0,3,69791,10.007942199999999,1.20593274,-0.425028354,0,10.0,-0.068956219,-7.0,0.051569406,5.0
1,1,1,9.88206768,1.23842502,-0.708445787,0,10.0,-0.06227693,-7.0,0.055415492999999996,5.0
2,0,0,9.85618782,1.31928849,-0.616190493,0,10.0,-0.063069269,-7.0,0.05159949900000002,5.0
3,2,2,9.84346771,1.13848114,-0.79208684,0,10.0,-0.060011253,-7.0,0.057496935,5.0
