,Unnamed: 0,Unnamed: 0.1,u,v,w,x,x bin,y,y bin,z,z bin
0,3,3,10.1839647,0.7819237109999999,0.15351495099999998,0,10.0,-0.09467651,-10.0,0.024986174,2.0
1,4,93180,10.1625576,0.7486510279999999,0.1657902,0,10.0,-0.095582545,-10.0,0.025409821000000003,2.0
2,0,0,10.1679049,0.8305249809999999,0.25978988399999997,0,10.0,-0.090108715,-10.0,0.022888264,2.0
3,2,2,10.1558647,0.7578876609999999,0.199808583,0,10.0,-0.094617359,-10.0,0.023191557999999998,2.0
4,1,1,10.1323528,0.8040411470000001,0.266443223,0,10.0,-0.090718247,-10.0,0.023224518,2.0
