,Unnamed: 0,Unnamed: 0.1,u,v,w,x,x bin,y,y bin,z,z bin
0,0,150613,10.257122,0.21290880399999998,0.139030099,0,10.0,-0.110836379,-12.0,-0.136839107,-14.0
