,Unnamed: 0,Unnamed: 0.1,u,v,w,x,x bin,y,y bin,z,z bin
0,2,2,10.2240086,0.344376147,0.618054569,0,10.0,-0.036125951,-4.0,-0.12227516599999999,-13.0
1,3,3,10.2226324,0.304692209,0.612490773,0,10.0,-0.032681957000000005,-4.0,-0.126565829,-13.0
2,1,1,10.2003021,0.33188796,0.635677636,0,10.0,-0.03401107,-4.0,-0.121680774,-13.0
3,0,0,10.1828318,0.331519186,0.6607315539999999,0,10.0,-0.032386467,-4.0,-0.120317295,-13.0
4,4,144648,10.2099218,0.335105062,0.571644485,0,10.0,-0.039581668,-4.0,-0.12190362099999999,-13.0
