,Unnamed: 0,Unnamed: 0.1,u,v,w,x,x bin,y,y bin,z,z bin
0,0,144241,10.2206249,0.36305964,0.10071837199999999,0,10.0,-0.11078582699999999,-12.0,-0.08730039,-9.0
