,Unnamed: 0,Unnamed: 0.1,u,v,w,x,x bin,y,y bin,z,z bin
0,1,100477,10.1653433,0.574949324,0.021206357999999998,0,10.0,-0.107666545,-11.0,0.03095419,3.0
1,0,0,10.153361300000002,0.596831501,0.019048132,0,10.0,-0.104356796,-11.0,0.033255771,3.0
