,Unnamed: 0,Unnamed: 0.1,u,v,w,x,x bin,y,y bin,z,z bin
0,0,135110,10.2165918,0.373117983,0.022837196,0,10.0,-0.112704031,-12.0,-0.049084678,-5.0
