,Unnamed: 0,Unnamed: 0.1,u,v,w,x,x bin,y,y bin,z,z bin
0,1,1,10.2271824,0.285123527,-0.45864892,0,10.0,-0.064364269,-7.0,0.111855976,11.0
1,3,91316,10.2085819,0.28673043800000003,-0.447423667,0,10.0,-0.066443197,-7.0,0.11039687699999999,11.0
2,0,0,10.204427699999998,0.271145374,-0.441367537,0,10.0,-0.06403236799999999,-7.0,0.113894179,11.0
3,2,2,10.199330300000002,0.277278721,-0.438067913,0,10.0,-0.065829456,-7.0,0.111833058,11.0
