,Unnamed: 0,Unnamed: 0.1,u,v,w,x,x bin,y,y bin,z,z bin
0,0,0,10.2476692,0.237000301,0.07696017599999999,0,10.0,-0.1311142,-14.0,-0.108939424,-11.0
1,1,1,10.2410879,0.22954633800000002,0.066322409,0,10.0,-0.134362221,-14.0,-0.10877025900000001,-11.0
2,2,2,10.2414417,0.222171068,0.06112486900000001,0,10.0,-0.13659833400000002,-14.0,-0.109437488,-11.0
3,3,150372,10.242473599999999,0.213642985,0.057924005999999986,0,10.0,-0.13979920699999998,-14.0,-0.10865248699999999,-11.0
