,Unnamed: 0,Unnamed: 0.1,u,v,w,x,x bin,y,y bin,z,z bin
0,0,0,10.0161171,0.08209452,1.52814651,0,10.0,0.009545861999999999,0.0,-0.08716647300000001,-9.0
1,1,1,9.972229,0.181170836,1.62223554,0,10.0,0.004382868,0.0,-0.084526435,-9.0
2,2,106480,9.99751282,0.19001475,1.49465275,0,10.0,0.004397145999999999,0.0,-0.086495265,-9.0
