,Unnamed: 0,Unnamed: 0.1,u,v,w,x,x bin,y,y bin,z,z bin
0,1,35643,5.50856543,-1.27529001,-1.51728106,0,10.0,0.019451924,1.0,0.043186747000000004,4.0
1,0,0,4.79966545,-0.971357107,-1.25256133,0,10.0,0.015319014,1.0,0.045043446,4.0
