,Unnamed: 0,Unnamed: 0.1,u,v,w,x,x bin,y,y bin,z,z bin
0,0,99000,10.284769099999998,-0.18939527899999997,0.24101172399999998,0,10.0,0.108558066,10.0,-0.136817142,-14.0
