,Unnamed: 0,Unnamed: 0.1,u,v,w,x,x bin,y,y bin,z,z bin
0,0,0,10.29076,-0.184745491,-0.171368808,0,10.0,0.12973652800000002,12.0,0.1091998,10.0
1,1,1112,10.279911,-0.22609421600000001,-0.208298504,0,10.0,0.12359208599999999,12.0,0.100753143,10.0
