,Unnamed: 0,Unnamed: 0.1,u,v,w,x,x bin,y,y bin,z,z bin
0,1,25341,10.1797781,-0.782446623,-0.16538107400000002,0,10.0,0.11036614300000001,11.0,-0.002624382,-1.0
1,0,0,10.1680641,-0.759376168,-0.145697191,0,10.0,0.111592114,11.0,-0.004380228,-1.0
