,Unnamed: 0,Unnamed: 0.1,u,v,w,x,x bin,y,y bin,z,z bin
0,4,14540,10.267919500000001,-0.544819236,-0.09292642,0,10.0,0.131842896,13.0,-0.002532883,-1.0
1,3,3,10.2538738,-0.491756588,-0.082517952,0,10.0,0.137026519,13.0,-0.001002728,-1.0
2,2,2,10.2612267,-0.485940576,-0.068444453,0,10.0,0.138257742,13.0,-0.0036229,-1.0
3,0,0,10.257209800000002,-0.482101172,-0.081160069,0,10.0,0.13856954900000001,13.0,-0.000559458,-1.0
4,1,1,10.2653131,-0.477863699,-0.064095259,0,10.0,0.13962172,13.0,-0.003951984,-1.0
