,Unnamed: 0,Unnamed: 0.1,u,v,w,x,x bin,y,y bin,z,z bin
0,3,40969,10.2673302,-0.37277799799999994,0.090984225,0,10.0,0.14732933,14.0,-0.063536942,-7.0
1,0,0,10.2689705,-0.370686084,0.0799677,0,10.0,0.148541957,14.0,-0.060448952,-7.0
2,2,2,10.2676268,-0.365239918,0.084315755,0,10.0,0.149094433,14.0,-0.06300573799999999,-7.0
3,1,1,10.259201,-0.399095893,0.099055812,0,10.0,0.144961253,14.0,-0.061417211,-7.0
