,Unnamed: 0,Unnamed: 0.1,u,v,w,x,x bin,y,y bin,z,z bin
0,1,1,10.2661114,-0.612778962,-0.059615314,0,10.0,0.127912298,12.0,-0.010246337,-2.0
1,0,0,10.2562933,-0.5793215629999999,-0.046963632000000005,0,10.0,0.12980757699999998,12.0,-0.011551388,-2.0
2,3,19016,10.245132400000001,-0.585585713,-0.002876386,0,10.0,0.127978414,12.0,-0.01938593,-2.0
3,2,2,10.253784199999998,-0.571274579,-0.016752817,0,10.0,0.129776031,12.0,-0.016540771,-2.0
