,Unnamed: 0,Unnamed: 0.1,u,v,w,x,x bin,y,y bin,z,z bin
0,0,4609,10.2565651,-0.321247399,-0.156521827,0,10.0,0.139292151,13.0,0.048979428,4.0
