,Unnamed: 0,Unnamed: 0.1,u,v,w,x,x bin,y,y bin,z,z bin
0,3,3,10.242506,-0.406364739,0.272476315,0,10.0,0.11623807300000001,11.0,-0.093720518,-10.0
1,7,64791,10.246231100000001,-0.389800817,0.27417925,0,10.0,0.11537712800000001,11.0,-0.096230939,-10.0
2,6,6,10.2489433,-0.386501908,0.265095949,0,10.0,0.117603384,11.0,-0.095496029,-10.0
3,2,2,10.2201366,-0.454541415,0.299895018,0,10.0,0.110243447,11.0,-0.090828806,-10.0
4,1,1,10.2258091,-0.44024083,0.288746715,0,10.0,0.112657472,11.0,-0.09138335300000001,-10.0
5,0,0,10.2304516,-0.428836226,0.280917704,0,10.0,0.114357948,11.0,-0.091931611,-10.0
6,5,5,10.234934800000001,-0.4223179520000001,0.29287862800000003,0,10.0,0.111851409,11.0,-0.093886204,-10.0
7,4,4,10.2395163,-0.410902858,0.284458697,0,10.0,0.11367698,11.0,-0.094376676,-10.0
