,Unnamed: 0,Unnamed: 0.1,u,v,w,x,x bin,y,y bin,z,z bin
0,0,0,10.3099632,-0.349795938,-0.259841979,0,10.0,0.119988322,11.0,0.069636516,6.0
1,2,2,10.2654896,-0.401935011,-0.306611091,0,10.0,0.112397663,11.0,0.064316832,6.0
2,3,7730,10.255468400000002,-0.417612225,-0.304080367,0,10.0,0.11257390699999999,11.0,0.061330162,6.0
3,1,1,10.2213936,-0.38130337,-0.29730588199999997,0,10.0,0.113046765,11.0,0.063976713,6.0
