,Unnamed: 0,Unnamed: 0.1,u,v,w,x,x bin,y,y bin,z,z bin
0,3,3,10.2744007,-0.151312739,0.241332725,0,10.0,0.103634939,10.0,-0.14954720400000002,-15.0
1,0,0,10.263938000000001,-0.153487653,0.23260295399999997,0,10.0,0.10768225,10.0,-0.146844119,-15.0
2,4,110961,10.262170800000002,-0.14696200199999998,0.22015333199999998,0,10.0,0.10972060300000001,10.0,-0.148618892,-15.0
3,1,1,10.2640715,-0.150593132,0.232789144,0,10.0,0.106518194,10.0,-0.148340702,-15.0
4,2,2,10.264322300000002,-0.148184195,0.233679637,0,10.0,0.10528280599999999,10.0,-0.149678767,-15.0
