,Unnamed: 0,Unnamed: 0.1,u,v,w,x,x bin,y,y bin,z,z bin
0,1,12048,10.235092199999999,-0.51800096,-0.13824825,0,10.0,0.130509287,13.0,0.011058773999999999,1.0
1,0,0,10.23244,-0.49521932,-0.1299548,0,10.0,0.133020967,13.0,0.011138507,1.0
