,Unnamed: 0,Unnamed: 0.1,u,v,w,x,x bin,y,y bin,z,z bin
0,0,0,10.3087883,-0.300714433,-0.296107829,0,10.0,0.106184788,10.0,0.091043219,9.0
1,1,3169,10.2865038,-0.28759765600000003,-0.308992803,0,10.0,0.100402981,10.0,0.09685940300000001,9.0
