,Unnamed: 0,Unnamed: 0.1,u,v,w,x,x bin,y,y bin,z,z bin
0,8,51574,10.2045183,-0.49250692100000004,0.242736235,0,10.0,0.12119515199999999,12.0,-0.079549059,-8.0
1,7,7,10.2072668,-0.485606968,0.238445684,0,10.0,0.122101329,12.0,-0.07989265799999999,-8.0
2,6,6,10.2214174,-0.478823513,0.226307452,0,10.0,0.12354809800000001,12.0,-0.078466564,-8.0
3,4,4,10.2477026,-0.45262318799999995,0.20540674,0,10.0,0.126728982,12.0,-0.07839099299999999,-8.0
4,3,3,10.2299147,-0.483014375,0.216907993,0,10.0,0.123954982,12.0,-0.075717971,-8.0
5,0,0,10.2137337,-0.507615685,0.226783216,0,10.0,0.121610999,12.0,-0.07366699,-8.0
6,5,5,10.220023199999998,-0.458925605,0.214290559,0,10.0,0.124855049,12.0,-0.079106137,-8.0
7,2,2,10.2382116,-0.451093853,0.19512897699999998,0,10.0,0.126593158,12.0,-0.076308824,-8.0
8,1,1,10.2394924,-0.443790555,0.187819019,0,10.0,0.128170222,12.0,-0.07571251,-8.0
