,Unnamed: 0,Unnamed: 0.1,u,v,w,x,x bin,y,y bin,z,z bin
0,4,13646,10.2659416,-0.561296165,-0.11273607599999999,0,10.0,0.130108669,13.0,0.000644436,0.0
1,3,3,10.2640934,-0.5418396,-0.10867247,0,10.0,0.131463215,13.0,0.001020957,0.0
2,2,2,10.249747300000001,-0.543199062,-0.123298578,0,10.0,0.130259529,13.0,0.004065908,0.0
3,1,1,10.2525501,-0.535743773,-0.119944617,0,10.0,0.13144625699999998,13.0,0.003902829,0.0
4,0,0,10.228189500000001,-0.51884234,-0.129638612,0,10.0,0.131154761,13.0,0.007786197,0.0
