,Unnamed: 0,Unnamed: 0.1,u,v,w,x,x bin,y,y bin,z,z bin
0,0,0,10.2554331,-0.177792758,0.192299843,0,10.0,0.119789667,11.0,-0.136713251,-14.0
1,1,105853,10.255495100000001,-0.174227253,0.195118323,0,10.0,0.11897627300000001,11.0,-0.138064414,-14.0
