,Unnamed: 0,Unnamed: 0.1,u,v,w,x,x bin,y,y bin,z,z bin
0,3,18802,10.2228155,-0.6762002709999999,-0.24898313,0,10.0,0.111984059,11.0,0.019337114,1.0
1,2,2,10.2234211,-0.680425704,-0.232527271,0,10.0,0.11349526,11.0,0.016810658,1.0
2,1,1,10.2188644,-0.641258836,-0.225731298,0,10.0,0.11535117,11.0,0.018449429,1.0
3,0,0,10.1912231,-0.575480461,-0.210011348,0,10.0,0.118176326,11.0,0.019690838,1.0
