,Unnamed: 0,Unnamed: 0.1,u,v,w,x,x bin,y,y bin,z,z bin
0,2,2,8.12077236,-0.140622616,-1.42600489,0,10.0,0.016016217,1.0,0.065739915,6.0
1,3,31858,7.74595833,-0.052356139,-1.33906102,0,10.0,0.013349673000000001,1.0,0.064174756,6.0
2,0,0,7.65698671,-0.217761889,-1.42254925,0,10.0,0.018201461,1.0,0.060699798,6.0
3,1,1,8.2491703,-0.060701251,-1.33902252,0,10.0,0.014515941999999999,1.0,0.066389054,6.0
