,Unnamed: 0,Unnamed: 0.1,u,v,w,x,x bin,y,y bin,z,z bin
0,4,4,10.2734489,-0.161676407,-0.162060678,0,10.0,0.133101791,13.0,0.11484699,11.0
1,5,720,10.2600765,-0.149175823,-0.158185974,0,10.0,0.133948103,13.0,0.11996115,11.0
2,1,1,10.2590446,-0.16489131699999998,-0.160231173,0,10.0,0.135426074,13.0,0.11362968400000001,11.0
3,2,2,10.258255,-0.161808491,-0.158273205,0,10.0,0.13612026,13.0,0.114426687,11.0
4,0,0,10.2602577,-0.16591461,-0.156242013,0,10.0,0.13802886,13.0,0.111541338,11.0
5,3,3,10.256384800000001,-0.156539753,-0.157309473,0,10.0,0.135852322,13.0,0.116729364,11.0
