,Unnamed: 0,Unnamed: 0.1,u,v,w,x,x bin,y,y bin,z,z bin
0,5,41332,10.2835121,-0.031442884,-0.5065111520000001,0,10.0,0.010857289,1.0,0.129374534,12.0
1,4,4,10.2815924,-0.053064346,-0.507833064,0,10.0,0.014252176,1.0,0.128688276,12.0
2,0,0,10.2607918,-0.08743006,-0.544377565,0,10.0,0.019341806,1.0,0.122003414,12.0
3,2,2,10.2690897,-0.087949581,-0.5172052979999999,0,10.0,0.019706372,1.0,0.123465598,12.0
4,1,1,10.208484599999998,-0.041621745,-0.615392089,0,10.0,0.011780138,1.0,0.121953294,12.0
5,3,3,10.234244300000002,-0.063429833,-0.540720463,0,10.0,0.015930429,1.0,0.124342404,12.0
