,Unnamed: 0,Unnamed: 0.1,u,v,w,x,x bin,y,y bin,z,z bin
0,0,96168,10.256767300000002,-0.190235823,0.17020699399999994,0,10.0,0.129801884,12.0,-0.12825620199999999,-13.0
