,Unnamed: 0,Unnamed: 0.1,u,v,w,x,x bin,y,y bin,z,z bin
0,1,27469,10.243737199999998,-0.436392605,0.08553144300000001,0,10.0,0.137603045,13.0,-0.04601644,-5.0
1,0,0,10.2321196,-0.427548975,0.082896851,0,10.0,0.139151961,13.0,-0.046632312,-5.0
