,Unnamed: 0,Unnamed: 0.1,u,v,w,x,x bin,y,y bin,z,z bin
0,0,89147,10.2753115,-0.21321474,0.178379595,0,10.0,0.131927982,13.0,-0.119408518,-12.0
