,Unnamed: 0,Unnamed: 0.1,u,v,w,x,x bin,y,y bin,z,z bin
0,0,103701,9.86447525,-0.370254397,1.31988907,0,10.0,0.028707249,2.0,-0.083394133,-9.0
