,Unnamed: 0,Unnamed: 0.1,u,v,w,x,x bin,y,y bin,z,z bin
0,4,29946,6.70812035,-0.513245642,-1.59162199,0,10.0,0.020869745,2.0,0.053822145,5.0
1,1,1,7.85946274,-0.865588248,-1.77074957,0,10.0,0.027828161,2.0,0.051623762,5.0
2,3,3,6.8676672000000005,-0.69527781,-1.65637875,0,10.0,0.022305222000000003,2.0,0.050886557,5.0
3,0,0,8.40806389,-0.5353305939999999,-1.57343078,0,10.0,0.026145859,2.0,0.058920138,5.0
4,2,2,7.58214951,-0.44581925899999997,-1.53807437,0,10.0,0.021854125,2.0,0.056677327,5.0
