,Unnamed: 0,Unnamed: 0.1,u,v,w,x,x bin,y,y bin,z,z bin
0,3,28156,8.15708542,-0.313532174,-1.45873368,0,10.0,0.021474958,2.0,0.061785415,6.0
1,0,0,9.54938507,-0.412507385,-1.40520155,0,10.0,0.028546035,2.0,0.068784758,6.0
2,1,1,9.4244051,-0.469277561,-1.44547474,0,10.0,0.029847361,2.0,0.065089248,6.0
3,2,2,9.25753021,-0.54233861,-1.53864264,0,10.0,0.029408295,2.0,0.061596811,6.0
