,Unnamed: 0,Unnamed: 0.1,u,v,w,x,x bin,y,y bin,z,z bin
0,3,3,10.2426481,-0.144571871,-0.732269049,0,10.0,0.024704548,2.0,0.107504532,10.0
1,0,0,10.264287,-0.166487038,-0.679648817,0,10.0,0.028200554,2.0,0.108689375,10.0
2,1,1,10.2507286,-0.166321874,-0.70832628,0,10.0,0.027482042,2.0,0.107048512,10.0
3,2,2,10.2427063,-0.146223605,-0.678429008,0,10.0,0.025834091,2.0,0.109476745,10.0
4,4,21707,10.216285699999998,-0.13250899300000002,-0.6936686040000001,0,10.0,0.023780081,2.0,0.10891661,10.0
