,Unnamed: 0,Unnamed: 0.1,u,v,w,x,x bin,y,y bin,z,z bin
0,1,1,10.139144900000002,-0.151677474,1.24864411,0,10.0,0.021213386,2.0,-0.094458163,-10.0
1,2,113068,10.176157,-0.12215804300000001,1.12444794,0,10.0,0.022087196,2.0,-0.09801617300000001,-10.0
2,0,0,10.0524597,-0.29150751199999997,1.17656732,0,10.0,0.028536927000000007,2.0,-0.090546578,-10.0
