,Unnamed: 0,Unnamed: 0.1,u,v,w,x,x bin,y,y bin,z,z bin
0,2,2,9.63410759,-0.36904972799999997,-1.45282888,0,10.0,0.026028348,2.0,0.07085433599999999,7.0
1,1,1,9.69407558,-0.364312112,-1.34509873,0,10.0,0.02735297,2.0,0.072619326,7.0
2,0,0,9.65185356,-0.395216584,-1.37416887,0,10.0,0.028266206000000002,2.0,0.071107633,7.0
3,3,3,9.59356308,-0.320328861,-1.35791349,0,10.0,0.025163468,2.0,0.071683087,7.0
4,4,25038,9.40922356,-0.21154049,-1.34925532,0,10.0,0.020538863,2.0,0.072482728,7.0
