,Unnamed: 0,Unnamed: 0.1,u,v,w,x,x bin,y,y bin,z,z bin
0,2,2,7.7926774,-1.67198515,1.87770951,0,10.0,0.035343632,3.0,-0.04388006,-5.0
1,6,6,8.33758259,-1.55896235,1.94282281,0,10.0,0.034759831,3.0,-0.048018981,-5.0
2,5,5,8.67238808,-1.50691807,1.80993176,0,10.0,0.036423225,3.0,-0.049617580999999994,-5.0
3,0,0,7.1112504,-1.62296164,1.9603858,0,10.0,0.031737581,3.0,-0.040997375,-5.0
4,1,1,7.88551092,-1.59286702,1.62981272,0,10.0,0.037344318,3.0,-0.042729857999999996,-5.0
5,3,3,8.04134941,-1.54535115,1.77521813,0,10.0,0.035248022999999996,3.0,-0.044693828,-5.0
6,7,74909,8.13771248,-1.38486099,2.06343055,0,10.0,0.030269235,3.0,-0.047273308,-5.0
7,4,4,7.70277691,-1.50295508,1.88863611,0,10.0,0.032254967999999995,3.0,-0.04395026,-5.0
