,Unnamed: 0,Unnamed: 0.1,u,v,w,x,x bin,y,y bin,z,z bin
0,0,0,10.1347475,-0.362231284,1.08909786,0,10.0,0.033456127999999995,3.0,-0.094005361,-10.0
1,1,113014,10.112642300000001,-0.235398412,0.9860316509999999,0,10.0,0.030376902,3.0,-0.098485321,-10.0
