,Unnamed: 0,Unnamed: 0.1,u,v,w,x,x bin,y,y bin,z,z bin
0,5,98880,9.79023552,-0.5186276439999999,1.50662863,0,10.0,0.031059188999999997,3.0,-0.07861346,-8.0
1,0,0,9.57229805,-0.73614496,1.62209392,0,10.0,0.033195727,3.0,-0.071280725,-8.0
2,1,1,9.57525063,-0.6915146109999999,1.62958717,0,10.0,0.031848818,3.0,-0.07155145,-8.0
3,3,3,9.67279434,-0.544675767,1.5001657,0,10.0,0.030504771,3.0,-0.07440882900000001,-8.0
4,2,2,9.72269821,-0.713615656,1.39357638,0,10.0,0.037683841,3.0,-0.073899508,-8.0
5,4,4,9.82404518,-0.555725038,1.30652511,0,10.0,0.035473697,3.0,-0.07987256400000001,-8.0
