,Unnamed: 0,Unnamed: 0.1,u,v,w,x,x bin,y,y bin,z,z bin
0,1,1,7.43750954,-1.14458048,-1.56757057,0,10.0,0.037095636,3.0,0.043532301,4.0
1,0,0,7.9222784,-1.10041249,-1.48660088,0,10.0,0.039993628999999996,3.0,0.045762852,4.0
2,2,31555,6.64219475,-1.04872823,-1.56939185,0,10.0,0.030702606,3.0,0.040842928,4.0
