,Unnamed: 0,Unnamed: 0.1,u,v,w,x,x bin,y,y bin,z,z bin
0,0,14972,10.199297,-0.374687314,-0.83900094,0,10.0,0.040769741,4.0,0.090722859,9.0
