,Unnamed: 0,Unnamed: 0.1,u,v,w,x,x bin,y,y bin,z,z bin
0,4,4,9.76770401,-1.09376669,1.34996414,0,10.0,0.048308063,4.0,-0.066796146,-7.0
1,3,3,9.44991875,-1.13740528,1.59133112,0,10.0,0.041688066,4.0,-0.062091757000000004,-7.0
2,0,0,9.69510365,-1.21102154,1.32160687,0,10.0,0.04925577,4.0,-0.062134922,-7.0
3,2,2,9.77045631,-1.11005461,1.26225805,0,10.0,0.049887359000000006,4.0,-0.064932406,-7.0
4,1,1,9.47560692,-1.17749953,1.4531436000000002,0,10.0,0.044319138,4.0,-0.060373478,-7.0
5,5,5,9.79016209,-1.02238202,1.24417901,0,10.0,0.049261242000000004,4.0,-0.06813810000000001,-7.0
6,7,84984,9.67291641,-0.9408550259999999,1.37841105,0,10.0,0.042885944,4.0,-0.068501376,-7.0
7,6,6,9.78945065,-0.965448797,1.22248077,0,10.0,0.048817605,4.0,-0.069882579,-7.0
