,Unnamed: 0,Unnamed: 0.1,u,v,w,x,x bin,y,y bin,z,z bin
0,1,1,9.14505386,-2.02660584,0.33843451700000005,0,10.0,0.059787545,5.0,-0.021843337,-3.0
1,0,0,8.786128999999999,-1.95823216,0.422687918,0,10.0,0.056867283,5.0,-0.023230575,-3.0
2,2,62682,9.33263588,-1.90207636,0.40019628399999996,0,10.0,0.059348397000000004,5.0,-0.02395235,-3.0
