,Unnamed: 0,Unnamed: 0.1,u,v,w,x,x bin,y,y bin,z,z bin
0,1,101171,10.0842657,-0.634688258,0.998259723,0,10.0,0.051267132,5.0,-0.089976683,-9.0
1,0,0,9.98026943,-0.762724996,1.13201594,0,10.0,0.051496487,5.0,-0.081007615,-9.0
