,Unnamed: 0,Unnamed: 0.1,u,v,w,x,x bin,y,y bin,z,z bin
0,1,1,4.88176918,-1.0219419,-0.5119223589999999,0,10.0,0.056662004,5.0,0.007901959,0.0
1,0,0,6.79581547,-1.75507319,-0.5292250510000001,0,10.0,0.057799459000000004,5.0,0.000871481,0.0
2,2,2,6.37212086,-1.68352675,-0.480146199,0,10.0,0.055618337999999996,5.0,0.001464583,0.0
3,3,3,5.60071087,-1.19358611,-0.5037571789999999,0,10.0,0.056786489,5.0,0.005706986999999999,0.0
4,4,45676,5.13098192,-1.38236856,-0.314542115,0,10.0,0.051382672000000004,5.0,0.0030383579999999997,0.0
