,Unnamed: 0,Unnamed: 0.1,u,v,w,x,x bin,y,y bin,z,z bin
0,1,1,10.2277241,-0.15182796099999998,-0.402606964,0,10.0,0.054657374,5.0,0.13383029400000002,13.0
1,5,5,10.2328806,-0.133732483,-0.39237636299999995,0,10.0,0.052090693,5.0,0.135933861,13.0
2,2,2,10.2297001,-0.138491541,-0.389557183,0,10.0,0.053966306,5.0,0.136216626,13.0
3,3,3,10.2337494,-0.122775525,-0.379048616,0,10.0,0.052120861,5.0,0.138245896,13.0
4,0,0,10.2304592,-0.12766529599999998,-0.373948514,0,10.0,0.054726224,5.0,0.138580546,13.0
5,4,4,10.2266006,-0.148858026,-0.40544945,0,10.0,0.053181201,5.0,0.1335866,13.0
6,6,6,10.2316093,-0.139594778,-0.405895621,0,10.0,0.050763838,5.0,0.133603454,13.0
7,7,15744,10.2328463,-0.12874601800000002,-0.39369776799999995,0,10.0,0.050585419000000006,5.0,0.135727659,13.0
