,Unnamed: 0,Unnamed: 0.1,u,v,w,x,x bin,y,y bin,z,z bin
0,1,1,10.280382199999998,-0.137595877,0.378233552,0,10.0,0.060479403,6.0,-0.144417614,-15.0
1,0,0,10.2799702,-0.135565013,0.369865954,0,10.0,0.061840757999999996,6.0,-0.145741075,-15.0
2,2,124833,10.2808399,-0.124177262,0.362734437,0,10.0,0.060798585,6.0,-0.147664115,-15.0
