,Unnamed: 0,Unnamed: 0.1,u,v,w,x,x bin,y,y bin,z,z bin
0,1,16044,10.0634537,-0.777753592,-0.64041394,0,10.0,0.063522041,6.0,0.065760426,6.0
1,0,0,10.0815039,-0.623809934,-0.5215449329999999,0,10.0,0.069180295,6.0,0.068592072,6.0
