,Unnamed: 0,Unnamed: 0.1,u,v,w,x,x bin,y,y bin,z,z bin
0,0,0,10.0510445,-1.17029893,0.701729774,0,10.0,0.06974989200000001,6.0,-0.052592695,-6.0
1,1,66412,9.97364235,-1.21202004,0.8625614640000001,0,10.0,0.061704628,6.0,-0.053406391,-6.0
