,Unnamed: 0,Unnamed: 0.1,u,v,w,x,x bin,y,y bin,z,z bin
0,0,8030,10.17101,-0.345716625,-0.512558937,0,10.0,0.06937673700000001,6.0,0.09510979800000001,9.0
