,Unnamed: 0,Unnamed: 0.1,u,v,w,x,x bin,y,y bin,z,z bin
0,0,0,10.2449274,-0.165208369,-0.367345899,0,10.0,0.068563901,6.0,0.13189347099999998,13.0
1,3,3,10.2387743,-0.175897777,-0.391542375,0,10.0,0.06545797,6.0,0.130114809,13.0
2,4,9534,10.2358332,-0.165547609,-0.376179844,0,10.0,0.066105209,6.0,0.132249221,13.0
3,1,1,10.2372465,-0.154420063,-0.360022128,0,10.0,0.066891089,6.0,0.134422511,13.0
4,2,2,10.2392368,-0.14048025,-0.344007075,0,10.0,0.066401221,6.0,0.13844648,13.0
