,Unnamed: 0,Unnamed: 0.1,u,v,w,x,x bin,y,y bin,z,z bin
0,0,0,10.2047176,-0.418066978,-0.490136027,0,10.0,0.079052493,7.0,0.086975828,8.0
1,1,1,10.1941757,-0.406096905,-0.49105101799999995,0,10.0,0.07794061299999999,7.0,0.08776287,8.0
2,5,8131,10.1642561,-0.45998165,-0.476826429,0,10.0,0.07923981599999999,7.0,0.080042392,8.0
3,3,3,10.1551037,-0.457801521,-0.521443844,0,10.0,0.074729912,7.0,0.082474105,8.0
4,2,2,10.1614771,-0.403946608,-0.473425388,0,10.0,0.079624519,7.0,0.08441717900000001,8.0
5,4,4,10.1511459,-0.438949943,-0.478690505,0,10.0,0.07822115,7.0,0.081677645,8.0
