,Unnamed: 0,Unnamed: 0.1,u,v,w,x,x bin,y,y bin,z,z bin
0,3,19825,10.0169878,-0.8680275679999999,-0.405562639,0,10.0,0.073045775,7.0,0.051543403,5.0
1,2,2,10.0248241,-0.78796643,-0.432227999,0,10.0,0.071418136,7.0,0.05774489400000001,5.0
2,0,0,10.0883465,-0.703958273,-0.412605584,0,10.0,0.07873106,7.0,0.056222778,5.0
3,1,1,10.006080599999999,-0.7504248020000001,-0.39502510399999996,0,10.0,0.075676642,7.0,0.054158159000000004,5.0
