,Unnamed: 0,Unnamed: 0.1,u,v,w,x,x bin,y,y bin,z,z bin
0,5,8111,10.2551575,-0.21815858800000001,-0.41283553799999995,0,10.0,0.07139258799999999,7.0,0.120807789,12.0
1,4,4,10.2560425,-0.220158547,-0.407722145,0,10.0,0.072569244,7.0,0.12036106,12.0
2,3,3,10.2554226,-0.217944264,-0.39705416600000004,0,10.0,0.07413625,7.0,0.120746948,12.0
3,2,2,10.246205300000002,-0.173872754,-0.356791377,0,10.0,0.073813655,7.0,0.129669711,12.0
4,1,1,10.2468176,-0.177559838,-0.351670504,0,10.0,0.076207303,7.0,0.128708825,12.0
5,0,0,10.2504978,-0.17662349300000002,-0.339121908,0,10.0,0.078368753,7.0,0.128724217,12.0
