,Unnamed: 0,Unnamed: 0.1,u,v,w,x,x bin,y,y bin,z,z bin
0,5,44741,9.44852448,-1.45067716,-0.5033036470000001,0,10.0,0.074979954,7.0,0.001289899,0.0
1,4,4,9.22103882,-1.49040866,-0.538325191,0,10.0,0.072364658,7.0,0.001485741,0.0
2,3,3,9.36662579,-1.43227947,-0.5194639560000001,0,10.0,0.074232258,7.0,0.002212849,0.0
3,1,1,9.70312309,-1.25961328,-0.476788968,0,10.0,0.078638464,7.0,0.004926300000000001,0.0
4,0,0,9.40481091,-1.08753729,-0.524461925,0,10.0,0.078347154,7.0,0.008185336999999999,0.0
5,2,2,9.76217175,-1.24799526,-0.438404262,0,10.0,0.07898730000000001,7.0,0.00371699,0.0
