,Unnamed: 0,Unnamed: 0.1,u,v,w,x,x bin,y,y bin,z,z bin
0,1,1,9.86656189,-0.893213093,-0.535908401,0,10.0,0.082363561,8.0,0.018253375,1.0
1,4,4,9.57374096,-1.009637,-0.595326841,0,10.0,0.08055283099999999,8.0,0.01429989,1.0
2,5,5,9.85258389,-0.96604389,-0.54624629,0,10.0,0.083286271,8.0,0.014624216,1.0
3,0,0,9.88466549,-0.850487232,-0.495883524,0,10.0,0.084587298,8.0,0.018839963,1.0
4,2,2,9.93802547,-0.907609046,-0.507892668,0,10.0,0.08440339599999999,8.0,0.01529235,1.0
5,7,32735,10.0242853,-0.948953688,-0.49739483,0,10.0,0.086110205,8.0,0.012396713,1.0
6,6,6,10.008969300000002,-0.898404419,-0.462068617,0,10.0,0.087505691,8.0,0.013264193,1.0
7,3,3,9.63738251,-0.850063503,-0.470416874,0,10.0,0.08172689400000001,8.0,0.016198805,1.0
