,Unnamed: 0,Unnamed: 0.1,u,v,w,x,x bin,y,y bin,z,z bin
0,1,49107,10.1090612,-1.12714648,0.39047274,0,10.0,0.086962499,8.0,-0.04005136,-5.0
1,0,0,10.0421982,-1.03606725,0.323721111,0,10.0,0.089525044,8.0,-0.040189236,-5.0
