,Unnamed: 0,Unnamed: 0.1,u,v,w,x,x bin,y,y bin,z,z bin
0,0,0,10.065814,-0.910296619,0.440023929,0,10.0,0.08921054,8.0,-0.057178289000000014,-6.0
1,1,1,10.0782499,-1.03706992,0.4988018870000001,0,10.0,0.08175130900000001,8.0,-0.052723274,-6.0
2,2,62403,10.0408993,-0.959932208,0.517923653,0,10.0,0.080930024,8.0,-0.057422005,-6.0
