,Unnamed: 0,Unnamed: 0.1,u,v,w,x,x bin,y,y bin,z,z bin
0,1,1,10.2594929,-0.34049487100000003,-0.420273334,0,10.0,0.08378200200000001,8.0,0.095679291,9.0
1,2,5699,10.2559891,-0.3350178,-0.428923845,0,10.0,0.081968613,8.0,0.096689455,9.0
2,0,0,10.2432423,-0.338348895,-0.40191891799999996,0,10.0,0.08749788300000001,8.0,0.09200619199999999,9.0
