,Unnamed: 0,Unnamed: 0.1,u,v,w,x,x bin,y,y bin,z,z bin
0,1,1,10.1373205,-0.804503083,-0.424175501,0,10.0,0.081787318,8.0,0.036347363,3.0
1,2,24100,9.94949055,-0.7447085379999999,-0.41588220000000004,0,10.0,0.08428729300000001,8.0,0.031174162000000002,3.0
2,0,0,9.977626800000001,-0.7361608740000001,-0.39481580299999997,0,10.0,0.082750388,8.0,0.033380222,3.0
