,Unnamed: 0,Unnamed: 0.1,u,v,w,x,x bin,y,y bin,z,z bin
0,0,0,10.1648998,-0.6082333329999999,0.381356597,0,10.0,0.09891107699999999,9.0,-0.080047555,-9.0
1,3,3,10.1716557,-0.577045858,0.41572544,0,10.0,0.095277891,9.0,-0.08509957800000001,-9.0
2,4,72639,10.160516699999999,-0.54392606,0.427873254,0,10.0,0.093654715,9.0,-0.08876466,-9.0
3,2,2,10.1392813,-0.564542055,0.385798126,0,10.0,0.097075976,9.0,-0.08548325300000001,-9.0
4,1,1,10.1264343,-0.588405371,0.370784461,0,10.0,0.098981425,9.0,-0.081393965,-9.0
