,Unnamed: 0,Unnamed: 0.1,u,v,w,x,x bin,y,y bin,z,z bin
0,0,6185,10.1716099,-0.39096790600000003,-0.418822855,0,10.0,0.09043993800000001,9.0,0.07888083900000001,7.0
