,Unnamed: 0,Unnamed: 0.1,u,v,w,x,x bin,y,y bin,z,z bin
0,3,53603,10.092536,-0.872335613,0.433698565,0,10.0,0.0912809,9.0,-0.059789932999999996,-6.0
1,1,1,10.0571508,-0.916781187,0.376754075,0,10.0,0.091941454,9.0,-0.051143676,-6.0
2,0,0,10.0434418,-0.894958556,0.356760055,0,10.0,0.093174256,9.0,-0.051072348,-6.0
3,2,2,10.053674699999998,-0.883541763,0.384454489,0,10.0,0.092553683,9.0,-0.054584339,-6.0
