,Unnamed: 0,Unnamed: 0.1,u,v,w,x,x bin,y,y bin,z,z bin
0,1,1,10.1994934,-0.530554712,-0.423094213,0,10.0,0.092122696,9.0,0.065790266,6.0
1,2,10791,10.216071099999999,-0.590955317,-0.413069695,0,10.0,0.092225567,9.0,0.060728736,6.0
2,0,0,10.1948967,-0.506000459,-0.38502821299999995,0,10.0,0.099080451,9.0,0.062797226,6.0
