,Unnamed: 0,Unnamed: 0.1,u,v,w,x,x bin,y,y bin,z,z bin
0,0,0,10.0972404,-0.7240381840000001,0.415490717,0,10.0,0.09463418300000001,9.0,-0.070280068,-8.0
1,1,1,10.0791035,-0.7273358109999999,0.431510091,0,10.0,0.092835374,9.0,-0.071148031,-8.0
2,2,2,10.074362800000001,-0.724848926,0.441726059,0,10.0,0.091955349,9.0,-0.07169977599999999,-8.0
3,4,72354,10.0760002,-0.651630461,0.449479222,0,10.0,0.090139836,9.0,-0.078807697,-8.0
4,3,3,10.0621901,-0.7032585140000001,0.445684284,0,10.0,0.091390491,9.0,-0.07319748400000001,-8.0
