,Unnamed: 0,u,v,w,x,x bin,y,y bin,z,z bin
0,0,9.38589001,-0.854922414,1.31507564,-0.098992646,-10.0,-0.051332228,-6.0,0.071403623,7.0
8,86622,9.56266689,-0.7426139709999999,1.05339134,-0.098738,-10.0,-0.057590123,-6.0,0.079170175,7.0
2,2,9.42312908,-0.853244662,1.27893329,-0.09724766,-10.0,-0.052871883,-6.0,0.07270921799999999,7.0
1,1,9.4358263,-0.830437005,1.3217752,-0.09684766800000001,-10.0,-0.050781785999999995,-6.0,0.075360045,7.0
7,7,9.54167843,-0.811695695,1.09546673,-0.095496088,-10.0,-0.058683485,-6.0,0.076176368,7.0
4,4,9.45715141,-0.854465365,1.24836254,-0.095440015,-10.0,-0.054303993,-6.0,0.07386248599999999,7.0
3,3,9.43166637,-0.919063568,1.25070858,-0.09331514699999999,-10.0,-0.056362126,-6.0,0.070074432,7.0
5,5,9.49534512,-0.850429833,1.26518941,-0.09280473,-10.0,-0.054103881,-6.0,0.07651923599999999,7.0
6,6,9.50430489,-0.8917650579999999,1.25209236,-0.091248214,-10.0,-0.056593016,-6.0,0.07376983,7.0
