,Unnamed: 0,u,v,w,x,x bin,y,y bin,z,z bin
0,0,9.91706657,0.310817122,-1.04591382,-0.092254609,-10.0,0.026240699,2.0,-0.108985476,-11.0
1,126364,9.89847565,0.26136449,-1.09522486,-0.091452479,-10.0,0.020129398,2.0,-0.10991025,-11.0
