,Unnamed: 0,u,v,w,x,x bin,y,y bin,z,z bin
3,3,10.122396499999999,-0.41066563100000003,0.301244646,-0.094696641,-10.0,-0.127284437,-13.0,0.09011306599999999,9.0
2,2,10.123085,-0.405378938,0.301506788,-0.09468919,-10.0,-0.126925677,-13.0,0.091195047,9.0
4,138180,10.1281605,-0.395760536,0.293112755,-0.094605535,-10.0,-0.12886484,-13.0,0.092055872,9.0
1,1,10.1269484,-0.391390622,0.298646867,-0.094605342,-10.0,-0.12801522,-13.0,0.09369357699999999,9.0
0,0,10.1296425,-0.379235923,0.298133522,-0.094556153,-10.0,-0.129360944,-13.0,0.096396193,9.0
