,Unnamed: 0,u,v,w,x,x bin,y,y bin,z,z bin
1,1,9.52966022,-1.15896773,0.32376280399999996,-0.098947614,-10.0,-0.09364704,-10.0,0.027438947999999998,2.0
3,3,9.54396248,-1.18481445,0.32440695199999997,-0.097014204,-10.0,-0.094395131,-10.0,0.026524784,2.0
6,102833,9.59710503,-1.1541791,0.227882788,-0.096615985,-10.0,-0.099677198,-10.0,0.020783417,2.0
4,4,9.62590218,-1.15336502,0.288121879,-0.094966412,-10.0,-0.098947853,-10.0,0.025938122,2.0
0,0,9.49155712,-1.28373253,0.348665059,-0.09461984,-10.0,-0.091904618,-10.0,0.023880705,2.0
5,5,9.49283123,-1.44565678,0.285715848,-0.09065914900000001,-10.0,-0.09253031800000001,-10.0,0.020092329,2.0
2,2,9.58190536,-1.29558074,0.446040601,-0.090207554,-10.0,-0.094349198,-10.0,0.029957021,2.0
