,Unnamed: 0,u,v,w,x,x bin,y,y bin,z,z bin
1,1,9.61759567,0.638052881,1.00148571,-0.099760369,-10.0,0.055874519,5.0,0.080174349,8.0
2,2,9.66674042,0.641949952,1.05021775,-0.096539371,-10.0,0.054807879000000004,5.0,0.081909709,8.0
0,0,9.72999287,0.672856331,1.00146365,-0.09371178599999999,-10.0,0.059849452000000004,5.0,0.08243198,8.0
3,10343,9.73104668,0.665474832,1.12359452,-0.092061617,-10.0,0.054329369,5.0,0.083100393,8.0
