,Unnamed: 0,u,v,w,x,x bin,y,y bin,z,z bin
5,2911,10.1025791,0.5169548389999999,0.207872689,-0.097732723,-10.0,0.144785956,14.0,0.06074024400000001,6.0
3,3,10.1051407,0.50674367,0.210382506,-0.0977007,-10.0,0.145103633,14.0,0.063555948,6.0
4,4,10.1061583,0.501606047,0.204725906,-0.09766349199999999,-10.0,0.14701840300000002,14.0,0.062288914,6.0
1,1,10.1080742,0.491072029,0.209099054,-0.097650081,-10.0,0.145387009,14.0,0.066336334,6.0
0,0,10.1110306,0.474859834,0.20637534600000002,-0.097620457,-10.0,0.146159843,14.0,0.06862829599999999,6.0
2,2,10.1046867,0.518549621,0.23508985300000002,-0.09734860099999999,-10.0,0.140144825,14.0,0.066441633,6.0
