,Unnamed: 0,u,v,w,x,x bin,y,y bin,z,z bin
4,44103,8.64506912,-0.442641139,1.68366218,-0.097821511,-10.0,-0.019522864,-2.0,0.064183071,6.0
2,2,8.58284283,-0.377462983,1.7830925,-0.096065044,-10.0,-0.016722813,-2.0,0.064472586,6.0
3,3,8.66668606,-0.425763547,1.85984433,-0.093117282,-10.0,-0.018265232,-2.0,0.066346221,6.0
0,0,8.65305901,-0.235472694,1.94035017,-0.09128239,-10.0,-0.010935606,-2.0,0.069634192,6.0
1,1,8.64802742,-0.274450064,1.96900785,-0.090460628,-10.0,-0.012491924,-2.0,0.068985589,6.0
