,Unnamed: 0,u,v,w,x,x bin,y,y bin,z,z bin
8,10716,9.89528179,0.875473917,0.313927829,-0.09675356,-10.0,0.110071957,11.0,0.041310124,4.0
7,7,9.98585033,0.826434135,0.35860115299999995,-0.090660796,-10.0,0.115071416,11.0,0.049856894000000006,4.0
2,2,9.99571419,0.813384533,0.340253294,-0.090598404,-10.0,0.116574883,11.0,0.049327917,4.0
4,4,9.99632454,0.8214308020000001,0.322438002,-0.090510964,-10.0,0.117095187,11.0,0.047331352,4.0
6,6,9.99885845,0.82320708,0.289756715,-0.090485603,-10.0,0.118950948,11.0,0.044521783,4.0
5,5,9.9998064,0.8240467909999999,0.27681005,-0.09047609599999999,-10.0,0.119677462,11.0,0.043399096,4.0
3,3,10.000768699999998,0.814753652,0.305025339,-0.090466321,-10.0,0.118568964,11.0,0.046376705,4.0
1,1,10.0042381,0.8012833,0.32427692399999997,-0.09043663699999999,-10.0,0.118262075,11.0,0.048914019,4.0
0,0,10.0110998,0.787721992,0.30974108,-0.090373844,-10.0,0.119995721,11.0,0.048683535,4.0
