,Unnamed: 0,u,v,w,x,x bin,y,y bin,z,z bin
1,1,9.91608715,-0.397039115,-0.758562088,-0.098696873,-10.0,-0.059802808,-6.0,-0.107171431,-11.0
0,0,9.92132568,-0.371098846,-0.762884676,-0.098657757,-10.0,-0.057035133,-6.0,-0.108710125,-11.0
2,144610,9.93920422,-0.3662961420000001,-0.7470431329999999,-0.098517105,-10.0,-0.058636088,-6.0,-0.109613113,-11.0
