,Unnamed: 0,u,v,w,x,x bin,y,y bin,z,z bin
2,120936,10.1774607,0.188776284,-0.16934242800000002,-0.097528398,-10.0,0.14985542,14.0,-0.143400833,-15.0
0,0,10.177865,0.195241347,-0.172551155,-0.097524524,-10.0,0.14919242300000002,14.0,-0.140300855,-15.0
1,1,10.1781855,0.193545684,-0.173163414,-0.09752094800000001,-10.0,0.148405313,14.0,-0.14182746400000001,-15.0
