,Unnamed: 0,u,v,w,x,x bin,y,y bin,z,z bin
0,0,9.81953144,-0.630966365,-1.00462019,-0.09273135699999999,-10.0,-0.056907564,-6.0,-0.090878524,-10.0
1,138703,9.8490324,-0.662703216,-1.01799655,-0.09003382900000001,-10.0,-0.05866744400000001,-6.0,-0.090023406,-10.0
