,Unnamed: 0,u,v,w,x,x bin,y,y bin,z,z bin
0,0,10.1001759,-0.294823438,0.526127577,-0.091287747,-10.0,-0.075292058,-8.0,0.12680319,12.0
2,2,10.098175,-0.300945461,0.513091207,-0.091247916,-10.0,-0.07823385299999999,-8.0,0.125949219,12.0
3,3,10.102790800000001,-0.290937126,0.505164325,-0.091202006,-10.0,-0.077295847,-8.0,0.12826097,12.0
1,1,10.1049662,-0.28503263,0.516326785,-0.091201782,-10.0,-0.07465317099999999,-8.0,0.129128963,12.0
4,96080,10.1039963,-0.289487928,0.48801288,-0.091171384,-10.0,-0.07927031799999999,-8.0,0.129096687,12.0
