,Unnamed: 0,u,v,w,x,x bin,y,y bin,z,z bin
2,2,9.58932209,-0.6887831090000001,1.07293177,-0.099698328,-10.0,-0.055251185,-6.0,0.083180577,8.0
4,4,9.61221981,-0.6925563220000001,1.01619446,-0.09903878,-10.0,-0.057484917,-6.0,0.082938962,8.0
3,3,9.63299942,-0.6729772690000001,1.0720731000000001,-0.097633272,-10.0,-0.05520425,-6.0,0.08626461,8.0
0,0,9.63157463,-0.662069201,1.13968682,-0.096224085,-10.0,-0.051871274,-6.0,0.088207781,8.0
5,5,9.77818489,-0.673322856,1.03289866,-0.09255360800000001,-10.0,-0.05955159700000001,-6.0,0.0889211,8.0
6,93578,9.70795345,-0.732722282,1.0702256,-0.092442505,-10.0,-0.059539106,-6.0,0.08438882199999999,8.0
1,1,9.66089821,-0.7778874640000001,1.12053549,-0.091719829,-10.0,-0.058981492999999996,-6.0,0.08158394,8.0
