,Unnamed: 0,u,v,w,x,x bin,y,y bin,z,z bin
0,0,9.6443119,-0.069135815,-1.09863317,-0.099763796,-10.0,-0.011154031000000002,-2.0,-0.100777179,-11.0
1,1,9.68463516,-0.07494113599999999,-1.07787406,-0.09854392,-10.0,-0.012500836000000001,-2.0,-0.10291139,-11.0
2,126584,9.72018623,-0.091573902,-1.06445014,-0.09601742,-10.0,-0.013682085,-2.0,-0.104403958,-11.0
