,Unnamed: 0,u,v,w,x,x bin,y,y bin,z,z bin
5,2581,10.038648599999998,0.470838606,0.434417129,-0.098306552,-10.0,0.101845674,10.0,0.099054232,9.0
3,3,10.0400829,0.483931184,0.422788382,-0.098288253,-10.0,0.104643226,10.0,0.096724398,9.0
4,4,10.0448313,0.46993756299999995,0.424578071,-0.098231241,-10.0,0.103790931,10.0,0.099142186,9.0
1,1,10.050543800000002,0.47804603,0.409204185,-0.098161101,-10.0,0.107165515,10.0,0.097643673,9.0
0,0,10.0556536,0.46891984299999995,0.406965584,-0.09809918699999999,-10.0,0.107294098,10.0,0.099197395,9.0
2,2,10.0703764,0.500781715,0.415117234,-0.09434890800000001,-10.0,0.108460382,10.0,0.095474899,9.0
