,Unnamed: 0,u,v,w,x,x bin,y,y bin,z,z bin
0,0,10.122774099999999,-0.284391761,0.343593329,-0.09080337,-10.0,-0.110227622,-12.0,0.130716324,13.0
1,126180,10.1246243,-0.27921474,0.334909141,-0.090772986,-10.0,-0.111302599,-12.0,0.131849453,13.0
