,Unnamed: 0,u,v,w,x,x bin,y,y bin,z,z bin
2,101018,10.1605034,0.245292455,-0.276439965,-0.098295316,-10.0,0.120454594,12.0,-0.1326233,-14.0
1,1,10.1610155,0.244823188,-0.26986441,-0.09828835699999999,-10.0,0.122834474,12.0,-0.131401271,-14.0
0,0,10.1630344,0.242076308,-0.259165734,-0.098266482,-10.0,0.126395196,12.0,-0.130308121,-14.0
