,Unnamed: 0,u,v,w,x,x bin,y,y bin,z,z bin
3,3,9.73206329,0.950065553,-0.327710807,-0.099964291,-10.0,0.102969415,10.0,-0.032510649,-4.0
2,2,9.75218487,0.939630628,-0.333644807,-0.099314205,-10.0,0.103725195,10.0,-0.034058828,-4.0
0,0,9.77210712,0.930532455,-0.310545534,-0.099017069,-10.0,0.105751611,10.0,-0.032249339,-4.0
1,1,9.77544117,0.929020822,-0.337496996,-0.09851978,-10.0,0.104704939,10.0,-0.035439298,-4.0
5,37120,9.74324799,0.978305578,-0.37518394,-0.097151198,-10.0,0.10099072,10.0,-0.036553551,-4.0
4,4,9.78334618,0.9894751909999999,-0.38971462799999995,-0.09428182199999999,-10.0,0.10218998800000001,10.0,-0.038060878,-4.0
