,Unnamed: 0,u,v,w,x,x bin,y,y bin,z,z bin
3,3,9.7218132,0.138653696,1.07640266,-0.098532379,-10.0,0.011610598,1.0,0.104400389,10.0
1,1,9.7501173,0.201266408,1.03854334,-0.098123774,-10.0,0.018462954,1.0,0.104876481,10.0
5,29435,9.80291271,0.124963865,1.07132852,-0.09578082,-10.0,0.010260248,1.0,0.108275495,10.0
2,2,9.76479149,0.176296085,1.09236205,-0.09540809,-10.0,0.014563978,1.0,0.10457824199999999,10.0
0,0,9.82120514,0.20170062800000002,1.03247809,-0.094631195,-10.0,0.019880377,1.0,0.10879574,10.0
4,4,9.81540108,0.15396747,1.10817063,-0.09274299400000001,-10.0,0.012305604,1.0,0.107070044,10.0
