,Unnamed: 0,u,v,w,x,x bin,y,y bin,z,z bin
4,4,10.0210829,0.696120858,-0.117177337,-0.09614709,-10.0,0.134979233,13.0,-0.022907931,-3.0
0,0,10.0263491,0.6909889579999999,-0.109011456,-0.096100852,-10.0,0.136076316,13.0,-0.020050455,-3.0
6,17916,10.029417,0.6825396420000001,-0.122201368,-0.096062332,-10.0,0.135560825,13.0,-0.0255867,-3.0
2,2,10.030098,0.683852255,-0.114022881,-0.096062169,-10.0,0.136475652,13.0,-0.022588365,-3.0
5,5,10.0304155,0.7154269809999999,-0.123975135,-0.092775226,-10.0,0.132638946,13.0,-0.023595201,-3.0
3,3,10.026866900000002,0.722494781,-0.119534671,-0.092759669,-10.0,0.132457256,13.0,-0.021460837000000003,-3.0
1,1,10.082853300000002,0.660621166,-0.10689095400000001,-0.090681568,-10.0,0.139960721,13.0,-0.020974403,-3.0
