,Unnamed: 0,u,v,w,x,x bin,y,y bin,z,z bin
4,4,9.22758102,-1.08922231,-0.978889108,-0.099602237,-10.0,-0.063259676,-7.0,-0.055552155,-6.0
3,3,9.11619091,-1.17578888,-0.994781792,-0.0992589,-10.0,-0.062043115999999995,-7.0,-0.050939553,-6.0
8,134970,9.38941574,-1.04796207,-0.962085247,-0.097161025,-10.0,-0.066944487,-7.0,-0.059349403,-6.0
5,5,9.31421661,-1.13353491,-1.04437196,-0.09589579699999999,-10.0,-0.064156644,-7.0,-0.057234459,-6.0
6,6,9.33233261,-1.14575207,-0.996867239,-0.095294252,-10.0,-0.06652835,-7.0,-0.055867005,-6.0
0,0,9.13809013,-1.2517395,-1.13160825,-0.094889954,-10.0,-0.06030588200000001,-7.0,-0.05188575,-6.0
2,2,9.25720215,-1.21914911,-1.16010344,-0.093083821,-10.0,-0.06147214400000001,-7.0,-0.055881377,-6.0
1,1,9.22947788,-1.24437034,-1.15463614,-0.09305296800000001,-10.0,-0.061471912999999996,-7.0,-0.054413654000000006,-6.0
7,7,9.27918434,-1.29959655,-1.03884852,-0.09148131300000001,-10.0,-0.067286439,-7.0,-0.050655282999999995,-6.0
