,Unnamed: 0,u,v,w,x,x bin,y,y bin,z,z bin
1,127447,9.84200859,-0.944975495,-0.123778313,-0.09907718,-10.0,-0.115700454,-12.0,-0.012243847,-2.0
0,0,9.82202244,-1.04996836,-0.138742372,-0.095912933,-10.0,-0.112071671,-12.0,-0.011818163000000001,-2.0
