,Unnamed: 0,u,v,w,x,x bin,y,y bin,z,z bin
0,0,9.24238968,0.301506013,1.39064276,-0.099389605,-10.0,0.015679907,1.0,0.081453197,8.0
1,24408,9.41989517,0.28020829,1.3923099,-0.098328568,-10.0,0.017772017,1.0,0.08885949900000001,8.0
