,Unnamed: 0,u,v,w,x,x bin,y,y bin,z,z bin
2,2,8.66439247,-1.8807745,-0.422332525,-0.097709678,-10.0,-0.06361765400000001,-7.0,-0.015693672,-2.0
1,1,8.48890591,-1.99581563,-0.40062376899999996,-0.096654356,-10.0,-0.060743589,-7.0,-0.013003231,-2.0
6,104940,8.85446548,-1.82084823,-0.45968008,-0.094234221,-10.0,-0.069947623,-7.0,-0.018292414,-2.0
3,3,8.72087669,-1.98850667,-0.409941912,-0.09344000400000001,-10.0,-0.06732460900000001,-7.0,-0.014969264,-2.0
5,5,8.68723297,-1.99656844,-0.538028002,-0.09231068199999999,-10.0,-0.065277755,-7.0,-0.01912988,-2.0
4,4,8.78925323,-1.98774874,-0.413339436,-0.091736376,-10.0,-0.069944933,-7.0,-0.01544596,-2.0
0,0,8.37171268,-2.24048615,-0.455218911,-0.090312965,-10.0,-0.060555819,-7.0,-0.012650074,-2.0
