,Unnamed: 0,u,v,w,x,x bin,y,y bin,z,z bin
0,0,9.5252142,-1.16515183,0.43773666,-0.099266619,-10.0,-0.091373652,-10.0,0.034376547,3.0
1,1,9.55703831,-1.18475294,0.534119546,-0.097228669,-10.0,-0.09059966400000001,-10.0,0.039877154,3.0
2,98037,9.66606617,-1.17567301,0.4051227570000001,-0.092441946,-10.0,-0.098443747,-10.0,0.033026703,3.0
