,Unnamed: 0,u,v,w,x,x bin,y,y bin,z,z bin
0,130741,10.022357,-0.6842707990000001,0.041949321,-0.095952034,-10.0,-0.13628405300000002,-14.0,0.010338161,1.0
