,Unnamed: 0,u,v,w,x,x bin,y,y bin,z,z bin
1,1,9.78270245,-0.376924366,0.939841568,-0.09881082199999999,-10.0,-0.041983858,-5.0,0.10195527199999999,10.0
4,80097,9.80494404,-0.3900156320000001,0.935777009,-0.097848997,-10.0,-0.043964400999999986,-5.0,0.10230197,10.0
2,2,9.80796051,-0.364238113,0.933985233,-0.0978086,-10.0,-0.041947193,-5.0,0.103967302,10.0
0,0,9.81125164,-0.346412063,0.931338668,-0.097777262,-10.0,-0.040656656,-5.0,0.105103359,10.0
3,3,9.84053993,-0.34726184600000004,0.9066569809999999,-0.09753377699999999,-10.0,-0.042564872999999996,-5.0,0.10716792900000001,10.0
