,Unnamed: 0,u,v,w,x,x bin,y,y bin,z,z bin
0,133907,10.0120115,-0.6224608420000001,0.04511321,-0.098654658,-10.0,-0.140842646,-15.0,0.010402606,1.0
