,Unnamed: 0,u,v,w,x,x bin,y,y bin,z,z bin
1,1,10.1602049,0.245758638,-0.334676743,-0.096953794,-10.0,0.100550689,10.0,-0.145755827,-15.0
3,108664,10.1608572,0.232184008,-0.317592204,-0.096945062,-10.0,0.100355953,10.0,-0.148982331,-15.0
2,2,10.1613607,0.230507582,-0.312960535,-0.096939296,-10.0,0.10182374699999999,10.0,-0.149518594,-15.0
0,0,10.1649084,0.260702103,-0.34996774799999997,-0.095471919,-10.0,0.100055054,10.0,-0.140442565,-15.0
