,Unnamed: 0,u,v,w,x,x bin,y,y bin,z,z bin
2,2,9.73359299,-0.993667603,0.304309845,-0.09939833,-10.0,-0.106133431,-11.0,0.031422403,3.0
4,4,9.77529526,-0.979103923,0.341425598,-0.098245159,-10.0,-0.10699854,-11.0,0.035490077,3.0
0,0,9.71501637,-1.02417183,0.365412891,-0.098049544,-10.0,-0.101515353,-11.0,0.036499098,3.0
5,5,9.77966309,-0.98808527,0.349013209,-0.097361744,-10.0,-0.10737369199999999,-11.0,0.036832273,3.0
1,1,9.73969173,-1.01721632,0.3948912020000001,-0.097158842,-10.0,-0.101552352,-11.0,0.039652485,3.0
3,3,9.78631115,-1.02202117,0.327251345,-0.09558475,-10.0,-0.10772299,-11.0,0.032617059,3.0
6,6,9.79070663,-1.01084793,0.3720884920000001,-0.094939247,-10.0,-0.106667951,-11.0,0.039586056,3.0
8,107804,9.7990284,-1.03102183,0.33619880700000004,-0.094353527,-10.0,-0.108538464,-11.0,0.034085069,3.0
7,7,9.82402515,-1.08888507,0.323932141,-0.09020160099999999,-10.0,-0.109898068,-11.0,0.031105202000000002,3.0
