,Unnamed: 0,u,v,w,x,x bin,y,y bin,z,z bin
6,6,9.46373463,-1.21434462,0.44916847299999996,-0.09950929900000001,-10.0,-0.088562608,-9.0,0.032556313999999996,3.0
2,2,9.37506866,-1.31294322,0.6549883479999999,-0.097715065,-10.0,-0.080489874,-9.0,0.039768364,3.0
4,4,9.43615627,-1.33937645,0.572292924,-0.0948539,-10.0,-0.085559033,-9.0,0.034953623999999996,3.0
7,93275,9.48881531,-1.30155444,0.616800427,-0.094577514,-10.0,-0.085543275,-9.0,0.039611444,3.0
5,5,9.41407776,-1.37036526,0.642795503,-0.094486207,-10.0,-0.082527682,-9.0,0.037860353,3.0
1,1,9.37944984,-1.42045975,0.6016625170000001,-0.093340509,-10.0,-0.082768336,-9.0,0.032987416,3.0
3,3,9.43711948,-1.37569892,0.574814022,-0.092980854,-10.0,-0.085707478,-9.0,0.033614442,3.0
0,0,9.37317085,-1.47355151,0.660732448,-0.091129154,-10.0,-0.08105211,-9.0,0.034415279,3.0
