,Unnamed: 0,u,v,w,x,x bin,y,y bin,z,z bin
0,0,10.1125879,-0.236136794,-0.3684581220000001,-0.098042935,-10.0,-0.096020028,-10.0,-0.139035285,-14.0
1,1,10.113043800000002,-0.23687440199999998,-0.3656433220000001,-0.098038435,-10.0,-0.097350925,-10.0,-0.138463661,-14.0
2,151411,10.116025,-0.233793661,-0.35728538,-0.098011524,-10.0,-0.099463731,-10.0,-0.138699338,-14.0
