,Unnamed: 0,u,v,w,x,x bin,y,y bin,z,z bin
0,66380,10.0862741,-0.145495459,0.535293102,-0.095762223,-10.0,-0.040275283,-5.0,0.147009566,14.0
