,Unnamed: 0,u,v,w,x,x bin,y,y bin,z,z bin
0,0,9.29129601,0.8150332570000001,1.1304996,-0.099675864,-10.0,0.050159693,5.0,0.068534203,6.0
1,1,9.20642185,1.06608355,1.10312223,-0.097792804,-10.0,0.055153046,5.0,0.060082063,6.0
2,2,9.20792389,1.05447471,1.25237942,-0.094179936,-10.0,0.051853519,5.0,0.062110681,6.0
3,3,9.22131443,1.07301998,1.35321188,-0.091746792,-10.0,0.050178180999999995,5.0,0.062775724,6.0
4,16066,9.1667614,1.11120021,1.35470104,-0.091597997,-10.0,0.050018344000000006,5.0,0.060518779,6.0
