,Unnamed: 0,u,v,w,x,x bin,y,y bin,z,z bin
2,2,8.73067474,-1.1554004,1.2844336,-0.097447477,-10.0,-0.04557671,-5.0,0.05111368,5.0
5,5,8.78636265,-1.15915775,1.31923735,-0.095943421,-10.0,-0.046258165999999996,-5.0,0.05254405,5.0
3,3,8.78932953,-1.15398598,1.41462159,-0.09441161199999999,-10.0,-0.04353328099999999,-5.0,0.05410206,5.0
1,1,8.75844288,-1.16545475,1.4536593,-0.093972199,-10.0,-0.041943882,-5.0,0.054036487,5.0
4,4,8.84864044,-1.10581243,1.502985,-0.092951872,-10.0,-0.041375686,-5.0,0.05705807,5.0
6,61215,8.92817116,-1.06277514,1.55009031,-0.091850311,-10.0,-0.041003708,-5.0,0.059642397,5.0
0,0,8.59352684,-1.28305578,1.61631131,-0.090496473,-10.0,-0.042068429,-5.0,0.052443285,5.0
