,Unnamed: 0,u,v,w,x,x bin,y,y bin,z,z bin
1,1,9.47276783,1.10013306,0.851481497,-0.098745339,-10.0,0.075984009,7.0,0.057909355,5.0
2,2,9.49229622,1.12778652,0.7879954579999999,-0.096211985,-10.0,0.07854621099999999,7.0,0.054832019,5.0
0,0,9.51429749,1.1151643999999998,0.819031477,-0.096122958,-10.0,0.078609467,7.0,0.057195947,5.0
3,3,9.50313473,1.21830606,0.812925696,-0.092155971,-10.0,0.07862675200000001,7.0,0.05277599400000002,5.0
4,14731,9.48235893,1.26679945,0.825770259,-0.091028884,-10.0,0.07761731,7.0,0.050920844000000014,5.0
