,Unnamed: 0,u,v,w,x,x bin,y,y bin,z,z bin
0,0,10.0721045,0.30659142100000003,0.587109983,-0.092269912,-10.0,0.063262641,6.0,0.12421835199999999,12.0
1,11556,10.0776901,0.299812824,0.592755437,-0.091342628,-10.0,0.061201196,6.0,0.125022173,12.0
