,Unnamed: 0,u,v,w,x,x bin,y,y bin,z,z bin
0,110744,9.87220001,0.54737699,-1.0310967,-0.092672482,-10.0,0.046250653,4.0,-0.097894833,-10.0
