,Unnamed: 0,u,v,w,x,x bin,y,y bin,z,z bin
1,1,9.59802628,-1.09511173,0.531133175,-0.09993837,-10.0,-0.09149265300000001,-10.0,0.043666805999999996,4.0
3,3,9.73872185,-0.9731915000000001,0.45024728799999997,-0.098716334,-10.0,-0.098869808,-10.0,0.04574956,4.0
2,2,9.73501587,-0.98433286,0.426235974,-0.098619267,-10.0,-0.099762596,-10.0,0.043395672,4.0
0,0,9.69290638,-1.06719351,0.519162774,-0.097103894,-10.0,-0.094706133,-10.0,0.044702951,4.0
4,4,9.65812778,-1.10398912,0.582393229,-0.096963376,-10.0,-0.091088124,-10.0,0.046784062,4.0
5,5,9.6882391,-1.05962062,0.603485167,-0.096063525,-10.0,-0.09099116900000001,-10.0,0.049825002,4.0
6,102952,9.73447514,-1.10098994,0.6004335279999999,-0.092806846,-10.0,-0.092830531,-10.0,0.049682822,4.0
