,Unnamed: 0,u,v,w,x,x bin,y,y bin,z,z bin
0,0,6.23260069,-0.6810290809999999,-1.18777382,-0.097970799,-10.0,-0.012650566,-2.0,-0.022913504,-3.0
2,2,6.19513512,-0.811388433,-1.04114103,-0.097876504,-10.0,-0.014672122,-2.0,-0.020665702,-3.0
4,83500,6.27487469,-0.970666528,-1.19570374,-0.09722174,-10.0,-0.016765321,-2.0,-0.024134042,-3.0
1,1,6.25405836,-0.7724893690000001,-1.50563741,-0.096230753,-10.0,-0.013851232,-2.0,-0.027394932,-3.0
3,3,6.25763893,-0.9410086870000001,-1.49042034,-0.095116645,-10.0,-0.015985617,-2.0,-0.027010422000000003,-3.0
