,Unnamed: 0,u,v,w,x,x bin,y,y bin,z,z bin
1,1,6.46352291,1.62360644,-0.4165881870000001,-0.098032206,-10.0,0.025591342000000003,2.0,-0.006708994,-1.0
0,0,6.52752447,1.78136301,-0.545592368,-0.096848533,-10.0,0.028179791000000006,2.0,-0.008876367,-1.0
3,3,6.18991089,1.52962363,-0.44182479399999997,-0.09646801699999999,-10.0,0.021946462000000003,2.0,-0.006962961,-1.0
4,54272,5.95589638,1.54296756,-0.260478258,-0.095124543,-10.0,0.02159451,2.0,-0.003764421,-1.0
2,2,5.85783339,1.8660152,-0.4351824520000001,-0.091171138,-10.0,0.025848396000000003,2.0,-0.006547614,-1.0
