,Unnamed: 0,u,v,w,x,x bin,y,y bin,z,z bin
3,3,9.73268414,0.597098291,0.882208645,-0.099913865,-10.0,0.064437471,6.0,0.08673124800000001,8.0
2,2,9.72662544,0.656246066,0.8838169570000001,-0.09905605,-10.0,0.067716651,6.0,0.080672249,8.0
1,1,9.75123596,0.6184206010000001,0.889533937,-0.098457225,-10.0,0.06581279599999999,6.0,0.085265204,8.0
4,8019,9.76382542,0.661978424,0.960847199,-0.094090968,-10.0,0.06320044400000001,6.0,0.08358874200000001,8.0
0,0,9.86487675,0.680282533,0.927537084,-0.090393245,-10.0,0.06885872,6.0,0.08549363900000001,8.0
