,Unnamed: 0,u,v,w,x,x bin,y,y bin,z,z bin
1,1,9.06665421,0.6862745290000001,1.35597456,-0.098955736,-10.0,0.03670352,3.0,0.066974424,6.0
0,0,9.08227539,0.7288252120000001,1.33042312,-0.09868373,-10.0,0.038768619,3.0,0.06629847700000001,6.0
2,2,8.88300419,0.8172344570000001,1.50131774,-0.095635779,-10.0,0.033038836,3.0,0.061214283,6.0
3,18323,8.98505211,0.83284235,1.62167358,-0.092050076,-10.0,0.033040598,3.0,0.06378207400000001,6.0
