,Unnamed: 0,u,v,w,x,x bin,y,y bin,z,z bin
3,15200,9.1340065,0.7888851170000001,1.32811916,-0.097364515,-10.0,0.041481055,4.0,0.066369452,6.0
0,0,9.21099663,0.927905202,1.27499568,-0.095641166,-10.0,0.048030786,4.0,0.065063171,6.0
2,2,9.21159267,0.857413471,1.34465098,-0.095313773,-10.0,0.044496667000000004,4.0,0.067077823,6.0
1,1,9.24019623,0.915365338,1.3477155,-0.094116874,-10.0,0.046544053,4.0,0.06661725,6.0
