,Unnamed: 0,u,v,w,x,x bin,y,y bin,z,z bin
3,3,10.113826800000002,-0.24045822,-0.35785383,-0.098030299,-10.0,-0.101572149,-11.0,-0.136315957,-14.0
1,1,10.1165991,-0.24006499399999998,-0.34693899799999994,-0.098004669,-10.0,-0.105597749,-11.0,-0.135292485,-14.0
4,4,10.1177301,-0.234131142,-0.34983453200000003,-0.097995609,-10.0,-0.102423161,-11.0,-0.137778461,-14.0
5,5,10.120598800000002,-0.23067209100000002,-0.342413962,-0.09796993400000001,-10.0,-0.104046427,-11.0,-0.138253137,-14.0
6,151185,10.123091699999998,-0.228151813,-0.335355848,-0.0979473,-10.0,-0.105859034,-11.0,-0.13842237,-14.0
0,0,10.1566305,-0.243724152,-0.34791401,-0.092088863,-10.0,-0.107928202,-11.0,-0.13569104699999998,-14.0
2,2,10.1640749,-0.229705229,-0.334895372,-0.092014819,-10.0,-0.108075023,-11.0,-0.13934624199999998,-14.0
