,Unnamed: 0,u,v,w,x,x bin,y,y bin,z,z bin
6,112270,9.66624737,-1.08569551,0.073371977,-0.099846065,-10.0,-0.106949247,-11.0,0.011501856,1.0
4,4,9.62806797,-1.1074909,0.12396197,-0.099376246,-10.0,-0.103971392,-11.0,0.014408788999999997,1.0
0,0,9.63721275,-1.12056756,0.199727938,-0.097283587,-10.0,-0.102816775,-11.0,0.019576961,1.0
2,2,9.6549902,-1.14678884,0.163266227,-0.095860474,-10.0,-0.103146769,-11.0,0.016921345,1.0
5,5,9.69331169,-1.1338464,0.15313796699999999,-0.095288329,-10.0,-0.105255701,-11.0,0.016710855,1.0
1,1,9.64101982,-1.19509578,0.10382016,-0.094797857,-10.0,-0.10178674800000001,-11.0,0.012144463000000001,1.0
3,3,9.68353939,-1.17395377,0.09836971,-0.094419852,-10.0,-0.10427577800000001,-11.0,0.012387239,1.0
