,Unnamed: 0,u,v,w,x,x bin,y,y bin,z,z bin
1,1,9.83346748,0.421503186,0.8299380540000001,-0.099458769,-10.0,0.055403125,5.0,0.102205239,10.0
2,2,9.9085722,0.411297828,0.868098438,-0.09288866800000001,-10.0,0.054184839000000005,5.0,0.106258959,10.0
0,0,9.87835503,0.486587405,0.915928483,-0.091612205,-10.0,0.055413715999999995,5.0,0.10003890800000001,10.0
3,15869,9.93728161,0.3920614120000001,0.885442197,-0.090712994,-10.0,0.051826865,5.0,0.108077705,10.0
