,Unnamed: 0,u,v,w,x,x bin,y,y bin,z,z bin
3,3,10.1274471,-0.234124243,-0.452068508,-0.093357295,-10.0,-0.078230992,-8.0,-0.14807041,-15.0
2,2,10.1259699,-0.233069435,-0.461169302,-0.093333811,-10.0,-0.076623142,-8.0,-0.14904336599999998,-15.0
4,151783,10.1301641,-0.232295468,-0.442942023,-0.093331426,-10.0,-0.079380155,-8.0,-0.148012355,-15.0
0,0,10.129631,-0.223610908,-0.470265687,-0.093322232,-10.0,-0.073279284,-8.0,-0.14864403,-15.0
1,1,10.1299648,-0.224816144,-0.46106717,-0.093317032,-10.0,-0.075005882,-8.0,-0.149532989,-15.0
