,Unnamed: 0,u,v,w,x,x bin,y,y bin,z,z bin
0,108238,10.172630300000002,0.224754959,-0.215332031,-0.097607225,-10.0,0.13918080900000002,13.0,-0.1307908,-14.0
