,Unnamed: 0,u,v,w,x,x bin,y,y bin,z,z bin
3,3,9.69576168,1.08035827,0.34734588899999996,-0.09849067,-10.0,0.100043923,10.0,0.033961974,3.0
2,2,9.72389603,1.06028748,0.38536495,-0.097785831,-10.0,0.100021899,10.0,0.037198152000000005,3.0
4,15580,9.71263981,1.12081051,0.327519059,-0.09654925,-10.0,0.101094924,10.0,0.031711638,3.0
1,1,9.75324345,1.09177935,0.375039458,-0.09564822199999999,-10.0,0.101318508,10.0,0.035974942,3.0
0,0,9.81195068,1.10952675,0.376594484,-0.091238581,-10.0,0.103124753,10.0,0.035420496,3.0
