,Unnamed: 0,u,v,w,x,x bin,y,y bin,z,z bin
0,142336,10.1482601,-0.228919372,0.193905219,-0.094710529,-10.0,-0.149087176,-15.0,0.117924832,11.0
