,Unnamed: 0,u,v,w,x,x bin,y,y bin,z,z bin
0,64298,10.0429783,-0.17133075,0.624485254,-0.097235844,-10.0,-0.039417349,-4.0,0.136727735,13.0
