,Unnamed: 0,u,v,w,x,x bin,y,y bin,z,z bin
5,5,8.34361458,0.072300345,1.82431269,-0.09868039199999999,-10.0,0.002889918,0.0,0.06157133,6.0
0,0,8.76373672,0.190146893,1.61057067,-0.098528788,-10.0,0.007633889,0.0,0.069656923,6.0
7,7,8.34368038,0.013080343999999999,1.86283672,-0.09784135199999999,-10.0,6.32e-05,0.0,0.063018553,6.0
2,2,8.41854286,0.097584233,1.88427889,-0.095579036,-10.0,0.00397442,0.0,0.06423733400000001,6.0
3,3,8.47649288,0.071925305,1.94359994,-0.09348330699999999,-10.0,0.002474752,0.0,0.066435248,6.0
6,6,8.33135605,0.077565543,2.08809376,-0.091374084,-10.0,0.0029552470000000003,0.0,0.06328871900000001,6.0
4,4,8.57039833,0.037609775,1.99035215,-0.091343388,-10.0,0.000514934,0.0,0.069298782,6.0
8,28385,8.33467197,0.017188668,2.10020804,-0.091272548,-10.0,7.5e-05,0.0,0.06458066400000001,6.0
1,1,8.47134686,0.18157716100000001,2.0418973,-0.09075889,-10.0,0.007024535,0.0,0.064933077,6.0
