,Unnamed: 0,u,v,w,x,x bin,y,y bin,z,z bin
0,0,10.0752087,0.571617246,0.002453649,-0.099989429,-10.0,0.14857617,14.0,0.0066594490000000004,0.0
1,1,10.0776186,0.571897209,-0.004803031,-0.099970207,-10.0,0.148908287,14.0,0.004850446,0.0
3,10226,10.0809383,0.571280599,-0.013660503,-0.099943221,-10.0,0.149419487,14.0,0.002675823,0.0
2,2,10.0637856,0.631816626,-0.012957511000000001,-0.098869115,-10.0,0.14303669300000002,14.0,0.000769565,0.0
