,Unnamed: 0,u,v,w,x,x bin,y,y bin,z,z bin
1,1,9.77556801,0.9469743970000001,0.5304723379999999,-0.09775441900000001,-10.0,0.09669666,9.0,0.052859700999999995,5.0
2,11457,9.74808311,1.0815748,0.615438163,-0.092411943,-10.0,0.092040718,9.0,0.053426410999999986,5.0
0,0,9.75891209,1.11090147,0.658261836,-0.090399563,-10.0,0.090691194,9.0,0.055688314,5.0
