,Unnamed: 0,u,v,w,x,x bin,y,y bin,z,z bin
1,1,9.55124474,0.951578975,-0.847801983,-0.099886283,-10.0,0.06832898400000001,6.0,-0.06238205400000001,-7.0
5,5,9.46164227,0.932317436,-0.993029594,-0.099472202,-10.0,0.061011486,6.0,-0.06471906599999999,-7.0
4,4,9.60483742,0.90668118,-0.8380596640000001,-0.098708257,-10.0,0.069465809,6.0,-0.066351518,-7.0
6,6,9.53936005,0.944854498,-1.04561853,-0.095426947,-10.0,0.060773917000000004,6.0,-0.067284085,-7.0
7,80679,9.58714199,0.942182958,-1.08147514,-0.093074292,-10.0,0.060049512,6.0,-0.069360443,-7.0
0,0,9.55609894,1.09566355,-0.993692875,-0.092884384,-10.0,0.068179488,6.0,-0.06117278,-7.0
3,3,9.48649788,1.07607603,-1.13623142,-0.091905646,-10.0,0.062738314,6.0,-0.06327888400000001,-7.0
2,2,9.45997429,1.12712216,-1.13915539,-0.09150534099999999,-10.0,0.063870005,6.0,-0.061186555999999996,-7.0
