,Unnamed: 0,u,v,w,x,x bin,y,y bin,z,z bin
0,13915,10.057497,0.245497704,0.592716455,-0.093913809,-10.0,0.05052552,5.0,0.130152404,13.0
