,Unnamed: 0,u,v,w,x,x bin,y,y bin,z,z bin
0,0,6.56838894,0.638912618,1.27636838,-0.09900540099999999,-10.0,0.012189783999999999,1.0,0.028587982,2.0
3,3,6.32056475,0.584169984,1.46670675,-0.096487388,-10.0,0.010398595,1.0,0.02819049,2.0
2,2,6.37393856,0.892524123,1.46711707,-0.096290007,-10.0,0.015044856,1.0,0.027679912999999997,2.0
5,5,6.24135542,0.761211097,1.40974259,-0.09606503,-10.0,0.012378722,1.0,0.02684884,2.0
7,41672,6.06819916,1.01051068,1.33653879,-0.095084898,-10.0,0.016698243,1.0,0.021667445,2.0
1,1,6.29512739,0.780322671,1.63317204,-0.095006779,-10.0,0.012631508,1.0,0.029493867000000007,2.0
6,6,6.05311728,0.86112076,1.6761601000000002,-0.09318299599999999,-10.0,0.012759281,1.0,0.027572782999999997,2.0
4,4,6.03451967,0.72810185,1.88211346,-0.092057586,-10.0,0.010869984,1.0,0.029393286,2.0
