,Unnamed: 0,u,v,w,x,x bin,y,y bin,z,z bin
1,1,9.41497993,-0.9118931290000001,-1.15644848,-0.09695261,-10.0,-0.05594690099999999,-6.0,-0.070967689,-8.0
2,131801,9.48974228,-0.914651334,-1.12634015,-0.093856454,-10.0,-0.059122872,-6.0,-0.070795484,-8.0
0,0,9.40732574,-1.00922132,-1.33147824,-0.090828687,-10.0,-0.053417645,-6.0,-0.070990607,-8.0
