,Unnamed: 0,u,v,w,x,x bin,y,y bin,z,z bin
2,2,8.42119503,1.6167989999999999,1.06291127,-0.09701439699999999,-10.0,0.053085997999999995,5.0,0.033424389,3.0
3,27713,8.43320847,1.85969019,1.11230242,-0.091435581,-10.0,0.054236855,5.0,0.034145057,3.0
0,0,8.71882153,1.77414119,1.05204678,-0.09140683699999999,-10.0,0.059075475,5.0,0.038920197999999996,3.0
1,1,8.52226353,1.85903227,1.16293716,-0.090072364,-10.0,0.055210758,5.0,0.037107382,3.0
