,Unnamed: 0,u,v,w,x,x bin,y,y bin,z,z bin
0,132670,10.115469,-0.35041347100000003,0.281295508,-0.099298015,-10.0,-0.131693318,-14.0,0.1004989,10.0
