,Unnamed: 0,u,v,w,x,x bin,y,y bin,z,z bin
4,117216,9.73737907,0.355680764,-1.10670328,-0.099815548,-10.0,0.026412571,2.0,-0.097917073,-10.0
1,1,9.63624191,0.412033439,-1.18664277,-0.09808407699999999,-10.0,0.026181944,2.0,-0.09271226800000001,-10.0
0,0,9.63338089,0.4503318670000001,-1.33396482,-0.092821017,-10.0,0.026879253,2.0,-0.090936922,-10.0
3,3,9.83009911,0.39961442399999997,-1.17799497,-0.09171000900000001,-10.0,0.029039093999999998,2.0,-0.099732876,-10.0
2,2,9.68732357,0.428061604,-1.3664577,-0.090385377,-10.0,0.025114024,2.0,-0.093168855,-10.0
