,Unnamed: 0,u,v,w,x,x bin,y,y bin,z,z bin
3,3,9.4333744,-1.03683674,0.785527229,-0.099672675,-10.0,-0.075029045,-8.0,0.052982297000000005,5.0
6,90997,9.55107498,-0.935808301,0.766695857,-0.09831515,-10.0,-0.079284594,-8.0,0.058000613,5.0
0,0,9.40639877,-1.10490298,0.828406394,-0.097016811,-10.0,-0.072812572,-8.0,0.052241948,5.0
2,2,9.4625473,-1.11020088,0.7872914670000001,-0.096357726,-10.0,-0.076315105,-8.0,0.051360101,5.0
5,5,9.53507996,-1.00042868,0.8090157509999999,-0.09581247,-10.0,-0.07715518,-8.0,0.056919549000000014,5.0
4,4,9.50030422,-0.979709864,0.864019573,-0.095538214,-10.0,-0.073642314,-8.0,0.05920421,5.0
1,1,9.47249985,-1.13348067,0.899139822,-0.09241540699999999,-10.0,-0.07254859799999999,-8.0,0.054359637,5.0
