,Unnamed: 0,u,v,w,x,x bin,y,y bin,z,z bin
2,2,10.1395617,0.301116616,-0.28036493100000004,-0.099166244,-10.0,0.126567766,12.0,-0.113768421,-12.0
0,0,10.1406574,0.30977657399999997,-0.278115243,-0.099159896,-10.0,0.128359854,12.0,-0.111532047,-12.0
1,1,10.1419134,0.298089087,-0.27360919100000003,-0.09914425,-10.0,0.128592536,12.0,-0.113769948,-12.0
3,3,10.1629076,0.293734103,-0.279711157,-0.094553381,-10.0,0.126777828,12.0,-0.116380341,-12.0
5,89157,10.1628513,0.284956276,-0.27908203,-0.094550476,-10.0,0.125984073,12.0,-0.118346155,-12.0
4,4,10.16502,0.277540952,-0.272447079,-0.09452787,-10.0,0.127459168,12.0,-0.11937549,-12.0
