,Unnamed: 0,Unnamed: 0.1,u,v,w,x,x bin,y,y bin,z,z bin
0,2,2,10.0637856,0.631816626,-0.012957511,-0.098869115,-10.0,0.14303669300000002,14.0,0,0.0
1,3,10226,10.0809383,0.571280599,-0.013660503000000001,-0.099943221,-10.0,0.149419487,14.0,0,0.0
2,1,1,10.077618600000001,0.571897209,-0.004803031,-0.09997020699999999,-10.0,0.148908287,14.0,0,0.0
3,0,0,10.0752087,0.571617246,0.002453649,-0.099989429,-10.0,0.14857617,14.0,0,0.0
