,Unnamed: 0,Unnamed: 0.1,u,v,w,x,x bin,y,y bin,z,z bin
0,2,22487,9.74987125,1.2070538999999998,0.07404954,-0.092529222,-10.0,0.107376628,10.0,0,0.0
1,1,1,9.65441895,1.17835987,0.107382521,-0.09791214,-10.0,0.106506482,10.0,0,0.0
2,0,0,9.6951704,1.18676269,0.12183579800000001,-0.09597566699999999,-10.0,0.10748381900000001,10.0,0,0.0
