,Unnamed: 0,Unnamed: 0.1,u,v,w,x,x bin,y,y bin,z,z bin
0,1,1,10.0034199,-0.679463446,0.033539459,-0.09889560900000001,-10.0,-0.135755748,-14.0,0,0.0
1,2,2,10.0087976,-0.651783586,0.039772626,-0.098761648,-10.0,-0.138286084,-14.0,0,0.0
2,0,0,10.0228338,-0.689854145,0.036734007,-0.09598729,-10.0,-0.135898978,-14.0,0,0.0
3,3,133894,10.0113258,-0.634629309,0.040915974,-0.098685861,-10.0,-0.139836863,-14.0,0,0.0
