,Unnamed: 0,Unnamed: 0.1,Unnamed: 0.1.1,u,v,w,x,x bin,y,y bin,z,z bin
0,27,14,14,7.7963872000000025,-1.31131339,-0.337376267,-0.106330834,-11.0,-0.041526601,-5.0,0,-1.0
1,28,15,15,7.97438002,-1.29044628,-0.25830248,-0.108726524,-11.0,-0.045332842000000005,-5.0,0,-1.0
2,29,16,16,8.03147411,-1.36389601,-0.251458287,-0.10828032300000001,-11.0,-0.04814206099999999,-5.0,0,-1.0
3,20,7,7,7.60555887,-1.43982244,-0.327481896,-0.102865502,-11.0,-0.040133927,-5.0,0,-1.0
4,30,17,95154,8.08408642,-1.42804027,-0.192152768,-0.107591346,-11.0,-0.04977656900000002,-5.0,0,-1.0
5,25,12,12,7.74180603,-1.57613814,-0.29602500800000003,-0.10186186400000001,-11.0,-0.04499048,-5.0,0,-1.0
6,26,13,13,7.82103443,-1.61261833,-0.268676758,-0.101672806,-11.0,-0.04663711,-5.0,0,-1.0
7,24,11,11,7.83419228,-1.30276787,-0.177586317,-0.107567959,-11.0,-0.042463783,-5.0,0,-1.0
8,21,8,8,7.50041771,-1.51981199,-0.27960881600000004,-0.10162361,-11.0,-0.041210111,-5.0,0,-1.0
