,Unnamed: 0,Unnamed: 0.1,u,v,w,x,x bin,y,y bin,z,z bin
0,4,4,9.22282887,-1.22218657,0.021572612,-0.108670771,-11.0,-0.082925811,-9.0,0,0.0
1,3,3,9.12657547,-1.32947791,0.005095162,-0.106871881,-11.0,-0.08008518099999999,-9.0,0,0.0
2,5,100306,9.25044537,-1.2700088,0.017212071000000002,-0.10548944,-11.0,-0.08447764099999999,-9.0,0,0.0
3,1,1,9.22070599,-1.27270067,0.081039183,-0.106764309,-11.0,-0.083574839,-9.0,0,0.0
4,0,0,9.2058382,-1.32478046,0.14870818,-0.105520003,-11.0,-0.08239508400000001,-9.0,0,0.0
5,2,2,9.30209541,-1.2243464,0.118042976,-0.105248116,-11.0,-0.08710557199999999,-9.0,0,0.0
