,Unnamed: 0,Unnamed: 0.1,Unnamed: 0.1.1,u,v,w,x,x bin,y,y bin,z,z bin
0,26,4,4,7.161168099999999,0.9623269440000001,-0.376142085,-0.10827399,-11.0,0.019907301000000002,1.0,0,-1.0
1,32,10,10,6.36045599,1.00422645,-0.271268338,-0.10192781699999999,-11.0,0.014944708999999999,1.0,0,-1.0
2,27,5,5,6.52921772,1.195876,-0.36762017,-0.101839915,-11.0,0.01873536,1.0,0,-1.0
3,33,11,11,6.80463934,0.546287179,-0.284152359,-0.108354464,-11.0,0.011016394,1.0,0,-1.0
4,28,6,6,6.88255739,0.821380973,-0.194380015,-0.10784363,-11.0,0.01569354,1.0,0,-1.0
