,Unnamed: 0,Unnamed: 0.1,u,v,w,x,x bin,y,y bin,z,z bin
0,0,9579,10.0235462,0.628394246,-0.010808686999999999,-0.105062529,-11.0,0.139094293,13.0,0,0.0
