,Unnamed: 0,Unnamed: 0.1,u,v,w,x,x bin,y,y bin,z,z bin
0,5,47460,7.85099745,1.14561105,0.053710102999999995,-0.113761976,-12.0,0.038869526,3.0,0,0.0
1,3,3,7.61558771,0.961760044,0.048764281,-0.11489964300000001,-12.0,0.03017755,3.0,0,0.0
2,4,4,7.45451164,1.09289169,0.13872726300000002,-0.110323183,-12.0,0.030801786,3.0,0,0.0
3,1,1,7.80253077,0.8890119190000001,0.04129627,-0.118844181,-12.0,0.031696063,3.0,0,0.0
4,2,2,7.60701656,1.0456655,0.149359778,-0.113339588,-12.0,0.032387633,3.0,0,0.0
5,0,0,7.73950911,0.853739262,0.194372982,-0.119360708,-12.0,0.030058427,3.0,0,0.0
