,Unnamed: 0,Unnamed: 0.1,u,v,w,x,x bin,y,y bin,z,z bin
0,8,9017,10.0106964,0.569291592,-0.005798225,-0.11125171199999999,-12.0,0.142588586,14.0,0,0.0
1,7,7,9.98357773,0.5539376739999999,-0.00233192,-0.116255343,-12.0,0.140801191,14.0,0,0.0
2,6,6,10.0178299,0.556822419,0.000280577,-0.111190468,-12.0,0.144642204,14.0,0,0.0
3,3,3,9.98958492,0.543526113,0.003844896,-0.116204232,-12.0,0.142559156,14.0,0,0.0
4,4,4,10.0030746,0.518906116,0.00131169,-0.116072625,-12.0,0.146051824,14.0,0,0.0
5,5,5,10.0148764,0.497470915,0.002594261,-0.115972966,-12.0,0.149217471,14.0,0,0.0
6,2,2,9.98192596,0.5527089829999999,0.011106413,-0.11627332900000001,-12.0,0.141225889,14.0,0,0.0
7,1,1,9.99694729,0.5306684970000001,0.010024957,-0.116139516,-12.0,0.144674569,14.0,0,0.0
8,0,0,10.0084991,0.509534955,0.00721327,-0.11602634199999999,-12.0,0.147647783,14.0,0,0.0
