,Unnamed: 0,Unnamed: 0.1,Unnamed: 0.1.1,u,v,w,x,x bin,y,y bin,z,z bin
0,12,0,0,9.2525444,1.04820514,-0.157957315,-0.118085638,-12.0,0.079804376,7.0,0,-1.0
