,Unnamed: 0,Unnamed: 0.1,u,v,w,x,x bin,y,y bin,z,z bin
0,4,4,9.68814182,0.716281652,-0.07210300900000001,-0.12613833,-13.0,0.106803447,10.0,0,0.0
1,1,1,9.71084404,0.710158348,-0.058218415999999995,-0.125927985,-13.0,0.109151632,10.0,0,0.0
2,5,22457,9.68494797,0.71838057,-0.058140505,-0.126181453,-13.0,0.10661709300000001,10.0,0,0.0
3,2,2,9.70805359,0.6796224120000001,-0.037834786,-0.128384992,-13.0,0.10840489,10.0,0,0.0
4,3,3,9.67383575,0.6915503140000001,-0.028344799,-0.128659055,-13.0,0.105638646,10.0,0,0.0
5,0,0,9.696193699999998,0.684864521,-0.020711348,-0.128488123,-13.0,0.107586093,10.0,0,0.0
