,Unnamed: 0,Unnamed: 0.1,u,v,w,x,x bin,y,y bin,z,z bin
0,3,54299,7.71259308,0.39668428899999997,0.104978241,-0.12173490199999999,-13.0,0.01029552,1.0,0,0.0
1,2,2,8.10075188,0.234255582,0.15808734300000002,-0.128362045,-13.0,0.010371667,1.0,0,0.0
2,1,1,7.79045343,0.417922825,0.15997204199999998,-0.122613385,-13.0,0.01274596,1.0,0,0.0
3,0,0,7.83215904,0.442586601,0.192964718,-0.123011529,-13.0,0.014622079,1.0,0,0.0
