,Unnamed: 0,Unnamed: 0.1,Unnamed: 0.1.1,u,v,w,x,x bin,y,y bin,z,z bin
0,12,4,4,7.77699804,0.6817131040000001,-0.105664656,-0.12222454699999999,-13.0,0.021901634,2.0,0,-1.0
1,13,5,52054,7.90087414,0.580779433,-0.081549138,-0.124997236,-13.0,0.020047005,2.0,0,-1.0
