,Unnamed: 0,Unnamed: 0.1,Unnamed: 0.1.1,u,v,w,x,x bin,y,y bin,z,z bin
0,24,10,57543,8.94914341,1.03393245,-0.069277637,-0.123552799,-13.0,0.064770609,6.0,0,-1.0
