,Unnamed: 0,Unnamed: 0.1,Unnamed: 0.1.1,u,v,w,x,x bin,y,y bin,z,z bin
0,9,3,3,9.705747599999999,0.706184149,-0.12105798699999999,-0.125884965,-13.0,0.109072454,10.0,0,-1.0
1,14,8,8,9.68404484,0.7136728170000001,-0.124468617,-0.126046777,-13.0,0.106760271,10.0,0,-1.0
2,20,14,25352,9.64590645,0.725702465,-0.131378591,-0.126405329,-13.0,0.102694631,10.0,0,-1.0
3,8,2,2,9.71276569,0.7049659490000001,-0.108816676,-0.125834614,-13.0,0.109738447,10.0,0,-1.0
4,18,12,12,9.66909409,0.7191692590000001,-0.12118461,-0.126178801,-13.0,0.105123706,10.0,0,-1.0
5,13,7,7,9.6927309,0.712103605,-0.109889902,-0.125984341,-13.0,0.10758876099999999,10.0,0,-1.0
6,19,13,13,9.65507507,0.7238671179999999,-0.115081765,-0.126359522,-13.0,0.103560142,10.0,0,-1.0
7,10,4,4,9.70691872,0.7084963320000001,-0.095755972,-0.125880569,-13.0,0.109012842,10.0,0,-1.0
8,15,9,9,9.67511368,0.71825546,-0.105697826,-0.126165897,-13.0,0.105654761,10.0,0,-1.0
