,Unnamed: 0,Unnamed: 0.1,u,v,w,x,x bin,y,y bin,z,z bin
0,0,135314,9.86979389,-0.486113966,0.010986116,-0.134171635,-14.0,-0.139967531,-14.0,0,0.0
