,Unnamed: 0,Unnamed: 0.1,u,v,w,x,x bin,y,y bin,z,z bin
0,0,16435,9.76775265,0.599219263,0.02291685,-0.13350676,-14.0,0.113931619,11.0,0,0.0
