,Unnamed: 0,Unnamed: 0.1,u,v,w,x,x bin,y,y bin,z,z bin
0,2,109971,9.53281116,-0.620227993,0.005782815,-0.13754981800000002,-14.0,-0.098911032,-10.0,0,0.0
1,1,1,9.48639774,-0.649382651,0.016111959,-0.136142716,-14.0,-0.096105225,-10.0,0,0.0
2,0,0,9.41482544,-0.69141531,0.037654422,-0.13419497,-14.0,-0.091572888,-10.0,0,0.0
