,Unnamed: 0,Unnamed: 0.1,u,v,w,x,x bin,y,y bin,z,z bin
0,0,0,9.68615055,-0.572182477,-0.016211025,-0.13573290400000002,-14.0,-0.114077754,-12.0,0,0.0
1,1,124093,9.72986984,-0.607613444,-0.013672281000000001,-0.13015553400000002,-14.0,-0.11620242900000001,-12.0,0,0.0
