,Unnamed: 0,Unnamed: 0.1,u,v,w,x,x bin,y,y bin,z,z bin
0,0,0,9.52313423,-0.572139621,0.015526287,-0.141651332,-15.0,-0.095424943,-10.0,0,0.0
1,1,107666,9.5748539,-0.5242217779999999,0.028767182000000002,-0.14828339199999999,-15.0,-0.094922446,-10.0,0,0.0
