,Unnamed: 0,Unnamed: 0.1,u,v,w,x,x bin,y,y bin,z,z bin
0,3,118502,9.66322041,-0.511363208,-0.010960873999999999,-0.147398174,-15.0,-0.109308578,-11.0,0,0.0
1,0,0,9.60814571,-0.5265543460000001,-0.001921225,-0.148207366,-15.0,-0.100443915,-11.0,0,0.0
2,1,1,9.60394478,-0.564923644,0.009188478,-0.141637355,-15.0,-0.102536388,-11.0,0,0.0
3,2,2,9.63171673,-0.52058953,0.034452912,-0.14720018199999998,-15.0,-0.103676304,-11.0,0,0.0
