,Unnamed: 0,Unnamed: 0.1,Unnamed: 0.1.1,u,v,w,x,x bin,y,y bin,z,z bin
0,16,6,6,9.03320122,-0.637543917,-0.085221306,-0.14146299699999998,-15.0,-0.055678774,-6.0,0,-1.0
1,18,8,97686,9.07095623,-0.668477654,-0.094516724,-0.142167345,-15.0,-0.059373964,-6.0,0,-1.0
2,17,7,7,9.08905411,-0.57981354,-0.048078187,-0.145737275,-15.0,-0.05661203,-6.0,0,-1.0
3,15,5,5,9.00370216,-0.6177338960000001,-0.042964824000000006,-0.14110092800000001,-15.0,-0.053882629,-6.0,0,-1.0
