,Unnamed: 0,Unnamed: 0.1,u,v,w,x,x bin,y,y bin,z,z bin
0,7,7,9.54558372,0.629292727,-0.024877392,-0.14157393599999998,-15.0,0.094526961,9.0,0,0.0
1,3,3,9.59890366,0.5648642779999999,-0.013439216,-0.148314387,-15.0,0.099134572,9.0,0,0.0
2,8,27026,9.49464798,0.632300675,0.010249678,-0.14624767,-15.0,0.09144817300000001,9.0,0,0.0
3,2,2,9.5972662,0.5741991999999999,0.005280785,-0.147980765,-15.0,0.099523664,9.0,0,0.0
4,5,5,9.47914219,0.6489371660000001,0.047575362,-0.14603787699999998,-15.0,0.090842336,9.0,0,0.0
5,1,1,9.54865074,0.619339526,0.04210458,-0.146403149,-15.0,0.096730113,9.0,0,0.0
6,0,0,9.57495499,0.609217763,0.039554372000000004,-0.145975605,-15.0,0.09870289300000001,9.0,0,0.0
7,4,4,9.50523186,0.663147092,0.050847672000000003,-0.143190473,-15.0,0.09352605800000001,9.0,0,0.0
8,6,6,9.46789551,0.6971233490000001,0.057602737,-0.140954465,-15.0,0.090759441,9.0,0,0.0
