,Unnamed: 0,Unnamed: 0.1,u,v,w,x,x bin,y,y bin,z,z bin
0,2,102729,9.429868699999998,-0.57266897,0.0312857,-0.142705038,-15.0,-0.087803461,-9.0,0,0.0
1,1,1,9.46747494,-0.524777472,0.023757821,-0.14990416199999998,-15.0,-0.08408304300000001,-9.0,0,0.0
2,0,0,9.33990574,-0.578245521,0.066932119,-0.142471239,-15.0,-0.081422761,-9.0,0,0.0
