,Unnamed: 0,Unnamed: 0.1,u,v,w,x,x bin,y,y bin,z,z bin
0,1,100317,9.48664856,-0.48102206,0.010930508,-0.15685127699999998,-16.0,-0.079326399,-8.0,0,0.0
1,0,0,9.49339581,-0.467457712,0.019125206,-0.158418193,-16.0,-0.078446925,-8.0,0,0.0
