,Unnamed: 0,Unnamed: 0.1,Unnamed: 0.1.1,u,v,w,x,x bin,y,y bin,z,z bin
0,27,14,14,8.99622154,0.29541149699999997,-0.131505758,-0.154665321,-16.0,0.028001361000000002,2.0,0,-1.0
1,28,15,54251,8.92558575,0.262083054,-0.133395046,-0.15262751300000002,-16.0,0.020838054,2.0,0,-1.0
2,24,11,11,8.93701649,0.288191557,-0.13288724400000002,-0.15260496699999998,-16.0,0.024415495,2.0,0,-1.0
3,23,10,10,9.09807014,0.22195917399999998,-0.109852448,-0.159787863,-16.0,0.024212141,2.0,0,-1.0
4,22,9,9,8.90564823,0.321913868,-0.133577466,-0.150872871,-16.0,0.026897788,2.0,0,-1.0
5,21,8,8,9.05708599,0.259398401,-0.11189454800000001,-0.157631099,-16.0,0.026678929,2.0,0,-1.0
6,26,13,13,8.93575668,0.331364214,-0.126880541,-0.151794717,-16.0,0.029623441,2.0,0,-1.0
7,25,12,12,8.9504509,0.264116436,-0.120482355,-0.153582051,-16.0,0.022268394,2.0,0,-1.0
