,Unnamed: 0,Unnamed: 0.1,Unnamed: 0.1.1,u,v,w,x,x bin,y,y bin,z,z bin
0,26,7,7,8.8479166,0.217829257,-0.137183785,-0.150436088,-16.0,0.013849574,1.0,0,-1.0
1,25,6,6,9.003009800000003,0.166003495,-0.12467031199999999,-0.157144457,-16.0,0.013705226000000001,1.0,0,-1.0
2,28,9,60782,8.92478657,0.156370103,-0.115716882,-0.154419318,-16.0,0.010701933,1.0,0,-1.0
3,27,8,8,8.99283409,0.151618451,-0.112612672,-0.157056153,-16.0,0.012364787,1.0,0,-1.0
4,22,3,3,8.96896553,0.207426831,-0.123351008,-0.155197367,-16.0,0.016893754,1.0,0,-1.0
5,19,0,0,8.95676136,0.22549501100000002,-0.126503229,-0.15442967400000002,-16.0,0.018237141999999998,1.0,0,-1.0
