,Unnamed: 0,Unnamed: 0.1,u,v,w,x,x bin,y,y bin,z,z bin
0,0,0,9.52627659,-0.4596036670000001,0.028625934,-0.15921618,-16.0,-0.082612567,-9.0,0,0.0
1,1,97897,9.51551342,-0.484378308,0.039899033,-0.155150965,-16.0,-0.082817346,-9.0,0,0.0
