,Unnamed: 0,Unnamed: 0.1,u,v,w,x,x bin,y,y bin,z,z bin
0,3,3,9.45396805,0.482955813,-0.02268598,-0.157391086,-16.0,0.079623401,7.0,0,0.0
1,8,42621,9.36332989,0.538011909,-0.016788047,-0.15255411,-16.0,0.070737019,7.0,0,0.0
2,7,7,9.36504841,0.558703542,-0.012540893,-0.150980324,-16.0,0.071882658,7.0,0,0.0
3,6,6,9.42999172,0.472852528,-0.019022765,-0.158238411,-16.0,0.076283015,7.0,0,0.0
4,4,4,9.43937969,0.488887429,-0.016302288,-0.157039255,-16.0,0.078163236,7.0,0,0.0
5,5,5,9.43462753,0.474813759,-0.000552079,-0.15871787099999998,-16.0,0.07725344599999999,7.0,0,0.0
6,0,0,9.43814659,0.519395232,0.017651431000000002,-0.155564457,-16.0,0.07976552099999999,7.0,0,0.0
7,2,2,9.43012142,0.484967947,0.016576406000000002,-0.157980278,-16.0,0.076817803,7.0,0,0.0
8,1,1,9.43476772,0.522065341,0.034680743,-0.155082002,-16.0,0.078666993,7.0,0,0.0
