,Unnamed: 0,Unnamed: 0.1,u,v,w,x,x bin,y,y bin,z,z bin
0,0,83793,9.26975346,-0.333119631,0.048581179,-0.16364304699999999,-17.0,-0.048348583,-5.0,0,0.0
