,Unnamed: 0,Unnamed: 0.1,u,v,w,x,x bin,y,y bin,z,z bin
0,5,5,9.06902218,0.061257862,0.033358429,-0.164472908,-17.0,0.00571599,0.0,0,0.0
1,2,2,9.05546188,0.069943272,0.047456372999999996,-0.163547829,-17.0,0.007341685,0.0,0,0.0
2,4,4,9.02497005,0.053413365,0.05539909,-0.162675291,-17.0,0.005119824,0.0,0,0.0
3,1,1,9.07636833,0.07455588099999999,0.058868468,-0.164872959,-17.0,0.007687639,0.0,0,0.0
4,6,56711,8.97146416,0.044988435,0.07209513299999999,-0.160200328,-17.0,0.004617109,0.0,0,0.0
5,0,0,9.08823681,0.08241754,0.06239222,-0.165298581,-17.0,0.00876329,0.0,0,0.0
6,3,3,8.99199772,0.054397244,0.074804835,-0.16106233,-17.0,0.005797149000000001,0.0,0,0.0
