,Unnamed: 0,Unnamed: 0.1,u,v,w,x,x bin,y,y bin,z,z bin
0,5,45581,9.17993546,0.302894503,-0.012625878,-0.161346644,-17.0,0.038592659,3.0,0,0.0
1,4,4,9.28503418,0.26364693,0.009425384,-0.167883143,-17.0,0.039751537,3.0,0,0.0
2,1,1,9.27556801,0.262389243,0.011837343,-0.166869089,-17.0,0.038830143,3.0,0,0.0
3,2,2,9.26893139,0.247882858,0.015146522,-0.16720587,-17.0,0.03638849,3.0,0,0.0
4,0,0,9.18390465,0.319405973,0.049612198,-0.161916062,-17.0,0.038164586,3.0,0,0.0
5,3,3,9.19255352,0.29603672,0.051954455999999996,-0.163030565,-17.0,0.035681002,3.0,0,0.0
