,Unnamed: 0,Unnamed: 0.1,u,v,w,x,x bin,y,y bin,z,z bin
0,0,79366,9.31638622,-0.112621717,0.013049673999999999,-0.17888554899999998,-18.0,-0.024282562,-3.0,0,0.0
