,Unnamed: 0,Unnamed: 0.1,u,v,w,x,x bin,y,y bin,z,z bin
0,0,127538,9.8336277,-0.29046034800000003,0.017187141,-0.17573893100000001,-18.0,-0.124401845,-13.0,0,0.0
