,Unnamed: 0,Unnamed: 0.1,Unnamed: 0.1.1,u,v,w,x,x bin,y,y bin,z,z bin
0,28,19,58251,9.32993507,0.259237617,-0.091495112,-0.17469923199999998,-18.0,0.042064767,4.0,0,-1.0
1,27,18,18,9.34810448,0.29611817,-0.083408393,-0.173672706,-18.0,0.048392288,4.0,0,-1.0
2,26,17,17,9.33664417,0.255799562,-0.075334474,-0.175562277,-18.0,0.042327378,4.0,0,-1.0
3,23,14,14,9.30531788,0.28464722600000003,-0.078916691,-0.170020372,-18.0,0.043853305,4.0,0,-1.0
4,25,16,16,9.35123825,0.30168616800000003,-0.07477892900000001,-0.17350623,-18.0,0.049484015,4.0,0,-1.0
5,24,15,15,9.35226345,0.288235217,-0.065282613,-0.17460034800000002,-18.0,0.047909245,4.0,0,-1.0
