,Unnamed: 0,Unnamed: 0.1,u,v,w,x,x bin,y,y bin,z,z bin
0,1,90658,9.4887886,-0.312591612,-0.002429156,-0.182364255,-19.0,-0.061402991,-7.0,0,0.0
1,0,0,9.49842834,-0.306198567,0.010984117,-0.182308242,-19.0,-0.062464185,-7.0,0,0.0
