,Unnamed: 0,Unnamed: 0.1,Unnamed: 0.1.1,u,v,w,x,x bin,y,y bin,z,z bin
0,12,0,0,11.7061424,-0.8218066690000001,-0.039623424,-0.008398768000000001,-1.0,-0.10028959800000001,-11.0,0,-1.0
