,Unnamed: 0,Unnamed: 0.1,u,v,w,x,x bin,y,y bin,z,z bin
0,5,135281,10.6480112,-0.301254302,0.038152173,-0.005691186,-1.0,-0.14515043800000002,-15.0,0,0.0
1,4,4,10.648407,-0.298799723,0.044050418,-0.005660884000000001,-1.0,-0.145112202,-15.0,0,0.0
2,1,1,10.724021,-0.273686528,0.044918217,-0.001524195,-1.0,-0.14038199199999998,-15.0,0,0.0
3,2,2,10.6791506,-0.30757758,0.048880439000000005,-0.005626723,-1.0,-0.142723992,-15.0,0,0.0
4,0,0,10.7190332,-0.2846964,0.049357228,-0.002787456,-1.0,-0.140410095,-15.0,0,0.0
5,3,3,10.6543674,-0.29983294,0.05152004599999999,-0.005645931,-1.0,-0.144159123,-15.0,0,0.0
