,Unnamed: 0,Unnamed: 0.1,u,v,w,x,x bin,y,y bin,z,z bin
0,4,27020,11.483864800000001,0.315456361,-0.08039102,-0.000506017,-1.0,0.11112480599999999,11.0,0,0.0
1,3,3,11.4681759,0.417720646,-0.06189692400000001,-0.003094293,-1.0,0.110758133,11.0,0,0.0
2,0,0,11.2378883,0.31169512899999996,-0.040215306,-0.002270415,-1.0,0.11858820199999999,11.0,0,0.0
3,1,1,11.3128433,0.525826573,-0.019972652,-0.006617527,-1.0,0.114466652,11.0,0,0.0
4,2,2,11.4463158,0.5334300989999999,-0.022500767999999997,-0.005871713000000001,-1.0,0.11024069800000001,11.0,0,0.0
