,Unnamed: 0,Unnamed: 0.1,u,v,w,x,x bin,y,y bin,z,z bin
0,0,36709,9.54522705,0.252673209,0.010010598,-0.192451507,-20.0,0.061817385,6.0,0,0.0
