,Unnamed: 0,Unnamed: 0.1,u,v,w,x,x bin,y,y bin,z,z bin
0,0,0,9.7375536,-0.22797994300000002,0.0064741,-0.198107645,-20.0,-0.090523794,-10.0,0,0.0
1,3,3,9.74140358,-0.234537512,0.007395545,-0.196615815,-20.0,-0.093103632,-10.0,0,0.0
2,4,107655,9.73566437,-0.24108679600000002,0.012573303999999999,-0.19379599399999997,-20.0,-0.093938232,-10.0,0,0.0
3,1,1,9.72877312,-0.23315087,0.013978248,-0.195919961,-20.0,-0.090917476,-10.0,0,0.0
4,2,2,9.70866489,-0.249569625,0.018829372,-0.19147563,-20.0,-0.09096341599999999,-10.0,0,0.0
