,Unnamed: 0,Unnamed: 0.1,u,v,w,x,x bin,y,y bin,z,z bin
0,0,0,9.584471699999998,-0.256620079,-0.012570903999999999,-0.199994743,-20.0,-0.061748914,-7.0,0,0.0
1,1,1,9.56959438,-0.27762976300000003,-0.010176091,-0.194886416,-20.0,-0.06367943400000001,-7.0,0,0.0
2,2,95335,9.57928085,-0.265448809,0.0031907579999999997,-0.195037693,-20.0,-0.06481207900000001,-7.0,0,0.0
