,Unnamed: 0,Unnamed: 0.1,u,v,w,x,x bin,y,y bin,z,z bin
0,4,4,11.3517466,-1.07967293,-0.012993755,-0.016976999,-2.0,-0.10676004,-11.0,0,0.0
1,5,105204,11.2206221,-1.09902728,0.029055234,-0.018834939,-2.0,-0.10959727300000001,-11.0,0,0.0
2,1,1,11.5287151,-0.861572564,0.049169339000000006,-0.010631304,-2.0,-0.104378574,-11.0,0,0.0
3,2,2,11.2594051,-1.13506258,0.039790161,-0.017933756000000002,-2.0,-0.108225539,-11.0,0,0.0
4,0,0,11.6473846,-0.898919702,0.109213218,-0.010160487,-2.0,-0.101103626,-11.0,0,0.0
5,3,3,11.254769300000001,-1.18572819,0.06456048,-0.018734768,-2.0,-0.107660294,-11.0,0,0.0
