,Unnamed: 0,Unnamed: 0.1,u,v,w,x,x bin,y,y bin,z,z bin
0,4,4,11.167653999999999,-0.63348031,-0.040931445,-0.013584174,-2.0,-0.117810667,-12.0,0,0.0
1,1,1,11.2028332,-1.00305068,-0.020262606,-0.018130489,-2.0,-0.111267947,-12.0,0,0.0
2,0,0,11.3741016,-0.681619048,-0.021414607999999998,-0.010584995,-2.0,-0.110149451,-12.0,0,0.0
3,3,3,11.1362572,-0.705882668,-0.02457197,-0.01668274,-2.0,-0.116081834,-12.0,0,0.0
4,2,2,11.1773481,-0.983530641,0.011062477,-0.018897541,-2.0,-0.11189785599999999,-12.0,0,0.0
5,6,116531,11.1191273,-0.579810798,0.014746355,-0.014494948,-2.0,-0.119740032,-12.0,0,0.0
6,5,5,11.1108799,-0.7474206090000001,0.015673541000000003,-0.018377513,-2.0,-0.115809619,-12.0,0,0.0
