,Unnamed: 0,Unnamed: 0.1,Unnamed: 0.1.1,u,v,w,x,x bin,y,y bin,z,z bin
0,15,11,11,10.790802000000001,0.382271111,-0.07060738700000001,-0.011941641999999999,-2.0,0.14143940800000002,14.0,0,-1.0
1,16,12,12368,10.8023024,0.386822164,-0.068018034,-0.011925057,-2.0,0.140378207,14.0,0,-1.0
2,14,10,10,10.7722721,0.37303859,-0.064575404,-0.011953466,-2.0,0.141842619,14.0,0,-1.0
