,Unnamed: 0,Unnamed: 0.1,u,v,w,x,x bin,y,y bin,z,z bin
0,1,1,11.0827532,0.664767325,-0.05439437900000002,-0.018306449,-2.0,0.121643908,12.0,0,0.0
1,2,21108,11.1744232,0.543453336,-0.053201227999999996,-0.011221948999999998,-2.0,0.12024862300000001,12.0,0,0.0
2,0,0,11.0840149,0.531264901,-0.056141357999999995,-0.013273515,-2.0,0.12387359099999999,12.0,0,0.0
