,Unnamed: 0,Unnamed: 0.1,Unnamed: 0.1.1,u,v,w,x,x bin,y,y bin,z,z bin
0,11,6,6,11.057208099999999,1.06551313,-0.106297195,-0.027380778999999997,-3.0,0.112819053,11.0,0,-1.0
1,12,7,28643,11.0862389,1.12836051,-0.097854875,-0.027124375,-3.0,0.110639475,11.0,0,-1.0
2,10,5,5,11.0644093,1.07527637,-0.090092659,-0.027335692,-3.0,0.112486742,11.0,0,-1.0
3,5,0,0,11.100565,0.716397285,-0.078593373,-0.020569265,-3.0,0.11949376800000001,11.0,0,-1.0
