,Unnamed: 0,Unnamed: 0.1,Unnamed: 0.1.1,u,v,w,x,x bin,y,y bin,z,z bin
0,16,8,51869,11.2841892,2.73385048,-0.356012076,-0.027318645,-3.0,0.07819279999999999,7.0,0,-1.0
1,15,7,7,10.9669724,3.05608296,-0.36890417299999995,-0.027816052,-3.0,0.072463319,7.0,0,-1.0
2,13,5,5,11.4243946,2.50195885,-0.30098629,-0.023425967000000002,-3.0,0.077208422,7.0,0,-1.0
3,14,6,6,11.1023808,2.89060545,-0.276547492,-0.024568625,-3.0,0.07085865,7.0,0,-1.0
