,Unnamed: 0,Unnamed: 0.1,u,v,w,x,x bin,y,y bin,z,z bin
0,1,83571,9.62185669,-4.12894106,0.31250748,-0.038978878,-4.0,-0.067331806,-7.0,0,0.0
1,0,0,9.57218361,-4.1724062,0.32208094,-0.037103176,-4.0,-0.065612912,-7.0,0,0.0
