,Unnamed: 0,Unnamed: 0.1,u,v,w,x,x bin,y,y bin,z,z bin
0,2,2,10.864760400000002,-1.21668482,0.01039551,-0.032861017,-4.0,-0.117334172,-12.0,0,0.0
1,0,0,10.9555254,-1.35150146,0.046270378,-0.031405877,-4.0,-0.113567129,-12.0,0,0.0
2,3,114421,10.7095795,-1.3132751,0.05147842,-0.038030416000000004,-4.0,-0.115874119,-12.0,0,0.0
3,1,1,10.9663601,-1.49576855,0.091628999,-0.032936982999999996,-4.0,-0.11162102199999999,-12.0,0,0.0
