,Unnamed: 0,Unnamed: 0.1,u,v,w,x,x bin,y,y bin,z,z bin
0,1,129170,10.5516691,-0.83569324,0.060152739000000004,-0.039906085,-4.0,-0.13385750400000002,-14.0,0,0.0
1,0,0,10.615279199999998,-0.853540599,0.074023046,-0.035261408,-4.0,-0.131476,-14.0,0,0.0
