,Unnamed: 0,Unnamed: 0.1,Unnamed: 0.1.1,u,v,w,x,x bin,y,y bin,z,z bin
0,20,11,92664,8.88365555,-4.22238398,-0.485228658,-0.048306268,-5.0,-0.068596602,-7.0,0,-1.0
1,13,4,4,8.46312237,-4.47204638,-0.554058015,-0.04416712,-5.0,-0.062144551,-7.0,0,-1.0
2,16,7,7,9.34596634,-4.03294468,-0.42164731,-0.040407009,-5.0,-0.067956947,-7.0,0,-1.0
3,19,10,10,8.93089676,-4.24722815,-0.41280347100000003,-0.045962859,-5.0,-0.067406133,-7.0,0,-1.0
4,17,8,8,8.31256008,-4.53916883,-0.239444077,-0.049638398,-5.0,-0.063298896,-7.0,0,-1.0
