,Unnamed: 0,Unnamed: 0.1,u,v,w,x,x bin,y,y bin,z,z bin
0,4,4,10.486104,-1.65209138,-0.006881707,-0.045602024000000005,-5.0,-0.10773965699999999,-11.0,0,0.0
1,1,1,10.490943,-1.82605565,0.009458754,-0.04691093,-5.0,-0.104085878,-11.0,0,0.0
2,5,5,10.5710258,-1.60760713,0.016968753,-0.04335691,-5.0,-0.10899589999999998,-11.0,0,0.0
3,2,2,10.6278782,-1.73227191,0.036264057999999995,-0.043015033,-5.0,-0.106476612,-11.0,0,0.0
4,3,3,10.4284763,-1.79668343,0.040111058,-0.048582487,-5.0,-0.105021372,-11.0,0,0.0
5,0,0,10.447202699999998,-1.91285598,0.107287757,-0.049100041,-5.0,-0.10132377599999999,-11.0,0,0.0
6,6,110003,10.541893,-1.65803099,0.062952429,-0.044916485,-5.0,-0.108348228,-11.0,0,0.0
