,Unnamed: 0,Unnamed: 0.1,u,v,w,x,x bin,y,y bin,z,z bin
0,4,17512,10.597834599999999,1.04520631,0.003247522,-0.048540957,-5.0,0.122268349,12.0,0,0.0
1,3,3,10.7534666,1.03692102,0.048065774000000006,-0.040497631,-5.0,0.121826001,12.0,0,0.0
2,0,0,10.6560469,0.891524732,0.042842403,-0.043514795999999994,-5.0,0.129280344,12.0,0,0.0
3,1,1,10.6154604,1.03087246,0.058542073,-0.048328176,-5.0,0.124981955,12.0,0,0.0
4,2,2,10.743293800000002,1.0286870000000001,0.072581731,-0.041244552000000004,-5.0,0.12334846699999999,12.0,0,0.0
