,Unnamed: 0,Unnamed: 0.1,u,v,w,x,x bin,y,y bin,z,z bin
0,5,5,10.647356,1.32794523,-0.008685723000000001,-0.049619809,-5.0,0.11276827,11.0,0,0.0
1,2,2,10.725087199999999,1.13706422,0.002418251,-0.042909674,-5.0,0.11781311,11.0,0,0.0
2,6,23879,10.6446123,1.41228974,0.013797501,-0.049460579000000005,-5.0,0.11045682400000001,11.0,0,0.0
3,4,4,10.722072599999999,1.31069267,0.014557793999999999,-0.045663725999999995,-5.0,0.11318282,11.0,0,0.0
4,0,0,10.6017447,1.13296759,0.031445969,-0.049437105999999995,-5.0,0.11939022699999999,11.0,0,0.0
5,3,3,10.691560699999998,1.26449502,0.034629479,-0.046527997,-5.0,0.114629194,11.0,0,0.0
6,1,1,10.6346903,1.17992544,0.073967725,-0.048629895,-5.0,0.118481725,11.0,0,0.0
