,Unnamed: 0,Unnamed: 0.1,Unnamed: 0.1.1,u,v,w,x,x bin,y,y bin,z,z bin
0,27,12,12,8.99138069,-4.08730459,-0.344763368,-0.05329334,-6.0,-0.071457058,-8.0,0,-1.0
1,31,16,97675,9.66422653,-3.63816309,-0.281654119,-0.05034399,-6.0,-0.078712955,-8.0,0,-1.0
2,29,14,14,9.33648682,-3.97842407,-0.249356732,-0.052461039,-6.0,-0.074776597,-8.0,0,-1.0
3,28,13,13,9.04651165,-4.0808382000000005,-0.268839598,-0.054350313,-6.0,-0.072533406,-8.0,0,-1.0
4,19,4,4,8.90311241,-4.28469038,-0.195809141,-0.052113559,-6.0,-0.070341133,-8.0,0,-1.0
5,30,15,15,9.39041615,-3.8186964999999997,-0.142476514,-0.053630903,-6.0,-0.077732682,-8.0,0,-1.0
