,Unnamed: 0,Unnamed: 0.1,u,v,w,x,x bin,y,y bin,z,z bin
0,6,6,10.263881699999999,-1.74714673,-0.024548627000000003,-0.054196097,-6.0,-0.106656805,-11.0,0,0.0
1,5,5,10.2803288,-1.78198314,-0.014862064,-0.052741185,-6.0,-0.105270267,-11.0,0,0.0
2,2,2,10.3329935,-1.90181041,-0.004611288,-0.051333457,-6.0,-0.102213815,-11.0,0,0.0
3,1,1,10.3242912,-1.98716652,0.004675427,-0.052269168,-6.0,-0.100429714,-11.0,0,0.0
4,8,112219,10.1948586,-1.6659441000000001,0.0066925330000000005,-0.058698310999999996,-6.0,-0.10965002300000001,-11.0,0,0.0
5,3,3,10.3137226,-1.85146427,0.019007895,-0.051686727,-6.0,-0.103555202,-11.0,0,0.0
6,0,0,10.4112911,-1.94050503,0.059991135999999994,-0.050041258,-6.0,-0.10126102,-11.0,0,0.0
7,7,7,10.3404837,-1.70726144,0.028782621,-0.05005025900000002,-6.0,-0.106835529,-11.0,0,0.0
8,4,4,10.3114538,-1.84456992,0.06569573299999999,-0.051822543,-6.0,-0.103007548,-11.0,0,0.0
