,Unnamed: 0,Unnamed: 0.1,u,v,w,x,x bin,y,y bin,z,z bin
0,0,81415,6.65477037,-4.68075848,0.454000145,-0.059739333,-6.0,-0.049749434,-5.0,0,0.0
