,Unnamed: 0,Unnamed: 0.1,u,v,w,x,x bin,y,y bin,z,z bin
0,0,0,10.3324127,-1.57358289,-0.023074403,-0.052287601,-6.0,-0.111081623,-12.0,0,0.0
1,1,1,10.2147551,-1.55731392,-0.017956033,-0.058712352,-6.0,-0.113129601,-12.0,0,0.0
2,2,2,10.2397728,-1.50782454,-0.00205492,-0.05773366200000001,-6.0,-0.114123441,-12.0,0,0.0
3,5,5,10.3762503,-1.35712314,0.009494934,-0.05134441,-6.0,-0.116940215,-12.0,0,0.0
4,6,6,10.3290825,-1.39620602,0.027009741,-0.053428091,-6.0,-0.116120055,-12.0,0,0.0
5,7,116537,10.3756247,-1.33850694,0.038819387999999996,-0.05117511,-6.0,-0.117198102,-12.0,0,0.0
6,3,3,10.197081599999999,-1.55023432,0.024079219,-0.059966467,-6.0,-0.112880781,-12.0,0,0.0
7,4,4,10.3393517,-1.41719139,0.045747742,-0.052543245,-6.0,-0.115080416,-12.0,0,0.0
