,Unnamed: 0,Unnamed: 0.1,Unnamed: 0.1.1,u,v,w,x,x bin,y,y bin,z,z bin
0,12,5,5,10.4618731,1.64106894,-0.20725131,-0.055188503,-6.0,0.105632164,10.0,0,-1.0
1,14,7,32325,10.3273058,1.94248712,-0.187935188,-0.054479837,-6.0,0.101237886,10.0,0,-1.0
2,9,2,2,10.4447384,1.60908759,-0.143820405,-0.055698507,-6.0,0.10700322699999999,10.0,0,-1.0
