,Unnamed: 0,Unnamed: 0.1,u,v,w,x,x bin,y,y bin,z,z bin
0,0,47781,6.64535999,4.47397327,0.034910269,-0.057800591,-6.0,0.048148308,4.0,0,0.0
