,Unnamed: 0,Unnamed: 0.1,u,v,w,x,x bin,y,y bin,z,z bin
0,2,47760,6.98895884,4.54466581,-0.026597805,-0.057663433,-6.0,0.051076487000000004,5.0,0,0.0
1,1,1,8.1416502,4.4408617,0.396450073,-0.052402411,-6.0,0.059274208,5.0,0,0.0
2,0,0,7.378271099999999,4.48860884,0.32192996100000004,-0.057909079,-6.0,0.05338914,5.0,0,0.0
