,Unnamed: 0,Unnamed: 0.1,u,v,w,x,x bin,y,y bin,z,z bin
0,3,120432,10.2315073,-1.33570266,-0.024328155,-0.060303897,-7.0,-0.119800188,-12.0,0,0.0
1,0,0,10.101985,-1.39465094,-0.038888235,-0.067033336,-7.0,-0.114793599,-12.0,0,0.0
2,2,2,10.1505356,-1.33289957,-0.02287915,-0.06505408900000001,-7.0,-0.118055008,-12.0,0,0.0
3,1,1,10.084098800000001,-1.3494271,-0.028689403,-0.06856297,-7.0,-0.115204431,-12.0,0,0.0
