,Unnamed: 0,Unnamed: 0.1,Unnamed: 0.1.1,u,v,w,x,x bin,y,y bin,z,z bin
0,13,4,120387,10.0196867,-1.19615269,-0.146894634,-0.074487403,-8.0,-0.114993885,-12.0,0,-1.0
1,10,1,1,9.95667744,-1.2270596,-0.128124595,-0.07748034599999999,-8.0,-0.112890795,-12.0,0,-1.0
2,11,2,2,9.98968315,-1.2379477,-0.122301832,-0.075423658,-8.0,-0.113677301,-12.0,0,-1.0
3,12,3,3,10.0749502,-1.28407288,-0.102913983,-0.070090771,-8.0,-0.115672916,-12.0,0,-1.0
