,Unnamed: 0,Unnamed: 0.1,u,v,w,x,x bin,y,y bin,z,z bin
0,0,0,3.82105947,-1.26873791,0.460152626,-0.07810337099999999,-8.0,-0.011996697,-2.0,0,0.0
1,1,67575,3.86701226,-1.44810057,0.726037741,-0.07776790900000001,-8.0,-0.013524214,-2.0,0,0.0
