,Unnamed: 0,Unnamed: 0.1,u,v,w,x,x bin,y,y bin,z,z bin
0,4,4,10.0240316,-1.07642353,-0.038875517000000005,-0.075896002,-8.0,-0.120899469,-13.0,0,0.0
1,5,124101,10.0625687,-1.10857773,-0.020343613,-0.072562963,-8.0,-0.12095882,-13.0,0,0.0
2,3,3,10.0944138,-1.1091795,-0.007482773000000002,-0.070789903,-8.0,-0.121912122,-13.0,0,0.0
3,2,2,10.1062288,-1.10575533,0.006918335,-0.07018181700000001,-8.0,-0.122199439,-13.0,0,0.0
4,0,0,10.0556393,-1.10646176,0.00220817,-0.072991237,-8.0,-0.120364614,-13.0,0,0.0
5,1,1,10.0913572,-1.11050642,0.021178553,-0.070967004,-8.0,-0.121260718,-13.0,0,0.0
