,Unnamed: 0,Unnamed: 0.1,Unnamed: 0.1.1,u,v,w,x,x bin,y,y bin,z,z bin
0,4,1,1,10.2159271,1.22846782,-0.088861458,-0.070634328,-8.0,0.11629041300000001,11.0,0,-1.0
1,5,2,22428,10.0535088,1.19737005,-0.047969017,-0.07929711,-8.0,0.113547407,11.0,0,-1.0
