,Unnamed: 0,Unnamed: 0.1,u,v,w,x,x bin,y,y bin,z,z bin
0,7,102710,9.43301105,-1.6468935000000002,0.012992278000000001,-0.08765740699999999,-9.0,-0.08955021199999999,-9.0,0,0.0
1,6,6,9.32118034,-1.82316566,0.051092081,-0.08616448199999999,-9.0,-0.084257253,-9.0,0,0.0
2,4,4,9.27941704,-1.77430344,0.084488243,-0.08929243699999999,-9.0,-0.083056733,-9.0,0,0.0
3,5,5,9.37892532,-1.71855259,0.09900693599999999,-0.087817341,-9.0,-0.08746747699999999,-9.0,0,0.0
4,2,2,9.20221519,-2.1454587000000003,0.16649001800000002,-0.080453709,-9.0,-0.08017674799999999,-9.0,0,0.0
5,3,3,9.44330788,-1.83416057,0.164177924,-0.08225181,-9.0,-0.08959263599999999,-9.0,0,0.0
6,0,0,9.28978157,-2.00336862,0.211743459,-0.082715966,-9.0,-0.082899667,-9.0,0,0.0
7,1,1,9.31504631,-1.74702859,0.19107613,-0.089370608,-9.0,-0.085082166,-9.0,0,0.0
