,Unnamed: 0,Unnamed: 0.1,Unnamed: 0.1.1,u,v,w,x,x bin,y,y bin,z,z bin
0,19,10,81708,5.47531176,-1.52892184,-0.589485943,-0.08979339900000001,-9.0,-0.024112985,-3.0,0,-1.0
1,17,8,8,4.64558697,-1.79264486,-0.540360689,-0.083134152,-9.0,-0.022309437,-3.0,0,-1.0
2,18,9,9,5.614721299999999,-1.73165178,-0.53568387,-0.08955337099999999,-9.0,-0.026897175,-3.0,0,-1.0
3,15,6,6,5.39618397,-1.53929126,-0.333656788,-0.089105249,-9.0,-0.022083275,-3.0,0,-1.0
4,14,5,5,5.06514692,-1.64168072,-0.284689397,-0.086488605,-9.0,-0.020926047,-3.0,0,-1.0
