,Unnamed: 0,Unnamed: 0.1,u,v,w,x,x bin,y,y bin,z,z bin
0,5,88163,7.61881256,-2.77646947,0.075451404,-0.08489307,-9.0,-0.05563236,-6.0,0,0.0
1,2,2,7.22306156,-2.90817475,0.109962925,-0.084402777,-9.0,-0.052158222,-6.0,0,0.0
2,3,3,7.62938499,-3.12913799,0.209046155,-0.081146419,-9.0,-0.056240432,-6.0,0,0.0
3,4,4,7.77642202,-2.70059514,0.208546162,-0.085410841,-9.0,-0.056559321,-6.0,0,0.0
4,0,0,7.37698936,-3.12823701,0.252421856,-0.081755705,-9.0,-0.053756859,-6.0,0,0.0
5,1,1,7.68379545,-2.59897208,0.267552793,-0.086742975,-9.0,-0.05528046599999999,-6.0,0,0.0
