,Unnamed: 0,Unnamed: 0.1,u,v,w,x,x bin,y,y bin,z,z bin
0,2,2,9.84986591,-1.27147269,-0.071878165,-0.08442364599999999,-9.0,-0.109734342,-11.0,0,0.0
1,3,114378,9.83660412,-1.27025187,-0.062551178,-0.085944749,-9.0,-0.109262377,-11.0,0,0.0
2,0,0,9.71099949,-1.44249761,0.061335079,-0.083933115,-9.0,-0.101473965,-11.0,0,0.0
3,1,1,9.76736927,-1.28030968,0.053847837999999995,-0.086717233,-9.0,-0.10461708900000001,-11.0,0,0.0
