,Unnamed: 0,Unnamed: 0.1,Unnamed: 0.1.1,u,v,w,x,x bin,y,y bin,z,z bin
0,34,16,16,7.22322369,2.78337955,-0.538818479,-0.08578178300000001,-9.0,0.050802708,5.0,0,-1.0
1,35,17,17,7.51267576,3.07281613,-0.485991836,-0.082185224,-9.0,0.055231907000000004,5.0,0,-1.0
2,36,18,56148,7.66584682,2.73081613,-0.235743672,-0.087058686,-9.0,0.057631984,5.0,0,-1.0
3,33,15,15,7.12764025,2.54715014,-0.348780721,-0.08914192,-9.0,0.050009730999999995,5.0,0,-1.0
4,31,13,13,7.4492712,3.04139209,-0.29383590800000003,-0.082909465,-9.0,0.055245657000000004,5.0,0,-1.0
5,30,12,12,7.10107231,2.62449884,-0.267261118,-0.088278025,-9.0,0.050193768,5.0,0,-1.0
6,29,11,11,7.60742664,3.24801922,-0.258650333,-0.080329008,-9.0,0.057787433,5.0,0,-1.0
7,32,14,14,7.67530966,3.03736687,-0.13899889599999998,-0.08326695099999999,-9.0,0.05877731,5.0,0,-1.0
