,Unnamed: 0,Unnamed: 0.1,u,v,w,x,x bin,y,y bin,z,z bin
0,2,2,11.153142,-0.161526799,0.004619167,0.006723505,0.0,-0.116181225,-12.0,0,0.0
1,0,0,11.2690134,-0.268876225,0.008711699,0.001636211,0.0,-0.112397872,-12.0,0,0.0
2,4,4,11.0997467,-0.186454892,0.00533818,0.0059855130000000005,0.0,-0.119845696,-12.0,0,0.0
3,1,1,11.213156699999999,-0.07803413299999999,0.021775661,0.009169782,0.0,-0.11323855099999999,-12.0,0,0.0
4,5,114422,11.099993699999999,-0.145767689,0.005526336999999999,0.007196061,0.0,-0.118958935,-12.0,0,0.0
5,3,3,11.1908188,-0.20460355300000002,0.007715191999999998,0.004255861,0.0,-0.11542300900000001,-12.0,0,0.0
