,Unnamed: 0,Unnamed: 0.1,u,v,w,x,x bin,y,y bin,z,z bin
0,2,2,11.2897959,0.10344477,-0.037114997,0.0060432030000000005,0.0,0.116971768,11.0,0,0.0
1,3,22616,11.3751268,0.28634575,-0.03056309,0.001224022,0.0,0.11288776199999999,11.0,0,0.0
2,0,0,11.227804199999998,0.223911762,-0.02080008,0.0033442640000000004,0.0,0.119201452,11.0,0,0.0
3,1,1,11.2724171,0.026128635,-0.057728260999999996,0.00912831,0.0,0.117640547,11.0,0,0.0
