,Unnamed: 0,Unnamed: 0.1,u,v,w,x,x bin,y,y bin,z,z bin
0,0,0,5.91138744,0.12973046300000002,0.489812136,0.108630136,10.0,-0.071545661,-8.0,0,0.0
1,3,92850,8.26506233,0.489077121,0.49895784299999996,0.106138676,10.0,-0.078478567,-8.0,0,0.0
2,2,2,8.28017998,0.7553009390000001,0.625499845,0.104502723,10.0,-0.075197808,-8.0,0,0.0
3,1,1,6.82929182,0.7234135270000001,0.668609321,0.10323342699999999,10.0,-0.070286073,-8.0,0,0.0
