,Unnamed: 0,Unnamed: 0.1,u,v,w,x,x bin,y,y bin,z,z bin
0,0,45677,4.94336939,-1.24648166,-0.200470507,0.115281284,11.0,0.04985047099999999,4.0,0,0.0
