,Unnamed: 0,Unnamed: 0.1,Unnamed: 0.1.1,u,v,w,x,x bin,y,y bin,z,z bin
0,9,4,4,8.6242466,0.18402192,0.230640844,0.127849162,12.0,-0.08514227,-9.0,0,-1.0
