,Unnamed: 0,Unnamed: 0.1,u,v,w,x,x bin,y,y bin,z,z bin
0,3,92834,7.2704401,0.34076044,0.521675706,0.124189898,12.0,-0.075751521,-8.0,0,0.0
1,0,0,6.75270081,0.38077715,0.577163577,0.120802559,12.0,-0.0728122,-8.0,0,0.0
2,1,1,8.11668587,0.575244188,0.570325613,0.125925854,12.0,-0.076444753,-8.0,0,0.0
3,2,2,8.26990795,0.5499877329999999,0.547088027,0.125885695,12.0,-0.077795789,-8.0,0,0.0
