,Unnamed: 0,Unnamed: 0.1,u,v,w,x,x bin,y,y bin,z,z bin
0,1,10891,10.1880493,-0.457606554,-0.08834741300000001,0.12028315699999999,12.0,0.136255324,13.0,0,0.0
1,0,0,10.1806183,-0.425458491,-0.088418797,0.123135701,12.0,0.139920101,13.0,0,0.0
