,Unnamed: 0,Unnamed: 0.1,u,v,w,x,x bin,y,y bin,z,z bin
0,2,2,10.1995335,-0.4001551270000001,-0.070582785,0.122438565,12.0,0.14465582400000002,14.0,0,0.0
1,3,9023,10.1808195,-0.363158315,-0.061732177,0.128808826,12.0,0.147834435,14.0,0,0.0
2,1,1,10.201320599999999,-0.38230744,-0.072242342,0.12246544699999999,12.0,0.14669098,14.0,0,0.0
3,0,0,10.183917,-0.348853409,-0.062110256,0.128855348,12.0,0.149883941,14.0,0,0.0
