,Unnamed: 0,Unnamed: 0.1,u,v,w,x,x bin,y,y bin,z,z bin
0,1,1,9.51389122,0.371923923,0.347213328,0.131333321,13.0,-0.090257771,-10.0,0,0.0
1,3,102717,9.88203239,0.352994233,0.220573634,0.130030796,13.0,-0.09802435300000001,-10.0,0,0.0
2,2,2,9.85075569,0.407291561,0.30708867300000003,0.130385295,13.0,-0.092792101,-10.0,0,0.0
3,0,0,9.85970402,0.35280168100000003,0.25347310300000003,0.136655778,13.0,-0.095823199,-10.0,0,0.0
