,Unnamed: 0,Unnamed: 0.1,u,v,w,x,x bin,y,y bin,z,z bin
0,0,0,9.91373253,0.328090817,0.180282086,0.131963938,13.0,-0.101466313,-11.0,0,0.0
1,3,3,9.96628666,0.332223535,0.141873211,0.13265901800000002,13.0,-0.10618452,-11.0,0,0.0
2,1,1,9.94454765,0.35669744,0.173703387,0.13603583,13.0,-0.10357751,-11.0,0,0.0
3,2,2,9.95763493,0.381286085,0.17051446399999998,0.134612307,13.0,-0.103048272,-11.0,0,0.0
4,4,112240,10.0124807,0.367303789,0.125420749,0.136153266,13.0,-0.109168835,-11.0,0,0.0
