,Unnamed: 0,Unnamed: 0.1,Unnamed: 0.1.1,u,v,w,x,x bin,y,y bin,z,z bin
0,17,3,55366,9.58346367,-1.36323917,-0.254061013,0.13312979,13.0,0.069765277,6.0,0,-1.0
1,15,1,1,9.17944241,-1.5614295,-0.25766325,0.13178673400000002,13.0,0.06333039,6.0,0,-1.0
2,16,2,2,9.42075539,-1.42455018,-0.288930923,0.132744744,13.0,0.067794927,6.0,0,-1.0
