,Unnamed: 0,Unnamed: 0.1,u,v,w,x,x bin,y,y bin,z,z bin
0,1,1,10.1004314,0.226171792,0.050412945,0.145797014,14.0,-0.133396119,-14.0,0,0.0
1,0,0,10.086086300000002,0.234479517,0.052684802999999995,0.147143975,14.0,-0.130217209,-14.0,0,0.0
2,2,132340,10.112111099999998,0.224247754,0.044749867,0.146943182,14.0,-0.138757676,-14.0,0,0.0
