,Unnamed: 0,Unnamed: 0.1,u,v,w,x,x bin,y,y bin,z,z bin
0,4,4,9.97814751,-0.729522824,-0.288032472,0.14075206199999998,14.0,0.091767624,9.0,0,0.0
1,1,1,9.99147034,-0.61996603,-0.233273014,0.14714574800000002,14.0,0.099243932,9.0,0,0.0
2,5,5,9.96111012,-0.663508475,-0.311102003,0.144428045,14.0,0.091540419,9.0,0,0.0
3,2,2,9.96383095,-0.64774096,-0.308134586,0.142439201,14.0,0.093519978,9.0,0,0.0
4,0,0,9.97911549,-0.60151726,-0.269947678,0.142670304,14.0,0.098657243,9.0,0,0.0
5,6,36578,9.95574856,-0.665298045,-0.324330717,0.144032449,14.0,0.09034077800000001,9.0,0,0.0
6,3,3,9.96044827,-0.635385871,-0.313131332,0.14341652400000002,14.0,0.092714645,9.0,0,0.0
