,Unnamed: 0,Unnamed: 0.1,u,v,w,x,x bin,y,y bin,z,z bin
0,1,102696,9.58114147,0.194213212,0.238057464,0.154022202,15.0,-0.095856577,-10.0,0,0.0
1,0,0,9.45584965,0.26577282,0.319280535,0.159861356,15.0,-0.09535899,-10.0,0,0.0
