,Unnamed: 0,Unnamed: 0.1,u,v,w,x,x bin,y,y bin,z,z bin
0,3,42776,9.70643711,-0.75083226,-0.39472305799999996,0.15301024900000001,15.0,0.080265671,8.0,0,0.0
1,2,2,9.76805019,-0.645727575,-0.3961968420000001,0.15827699,15.0,0.08142598,8.0,0,0.0
2,1,1,9.56580448,-0.60991174,-0.36750274899999996,0.152779147,15.0,0.08119642,8.0,0,0.0
3,0,0,9.44202137,-0.551403046,-0.36207968,0.151154906,15.0,0.081059173,8.0,0,0.0
