,Unnamed: 0,Unnamed: 0.1,u,v,w,x,x bin,y,y bin,z,z bin
0,5,129138,10.0496254,0.165451825,0.049333818,0.165770486,16.0,-0.12819837,-13.0,0,0.0
1,4,4,10.0457029,0.16532470300000002,0.051862229,0.165628806,16.0,-0.127007216,-13.0,0,0.0
2,2,2,10.0453119,0.186597288,0.059602086,0.161735594,16.0,-0.12664853,-13.0,0,0.0
3,3,3,10.0540905,0.203999385,0.059892438,0.160130918,16.0,-0.12903869199999998,-13.0,0,0.0
4,1,1,10.0374403,0.21740725600000002,0.080399938,0.161085993,16.0,-0.12420888199999999,-13.0,0,0.0
5,0,0,10.0206776,0.221462786,0.099663444,0.1657691,16.0,-0.120226614,-13.0,0,0.0
