,Unnamed: 0,Unnamed: 0.1,u,v,w,x,x bin,y,y bin,z,z bin
0,6,133878,10.067684199999999,0.160308644,0.043644845999999994,0.17024187699999999,17.0,-0.139650419,-14.0,0,0.0
1,3,3,10.0635223,0.162031069,0.046217948,0.17138668899999998,17.0,-0.13767907,-14.0,0,0.0
2,4,4,10.0668602,0.161239475,0.043549363,0.171476513,17.0,-0.13998697699999998,-14.0,0,0.0
3,1,1,10.0632133,0.169861481,0.047662221,0.171237841,17.0,-0.136928618,-14.0,0,0.0
4,0,0,10.060235,0.177862525,0.051246557000000005,0.17054793199999999,17.0,-0.134560227,-14.0,0,0.0
5,2,2,10.065234199999999,0.173460588,0.04667417,0.17140245399999998,17.0,-0.13782560800000002,-14.0,0,0.0
6,5,5,10.0675259,0.169734418,0.044326011,0.17146793,17.0,-0.13983041,-14.0,0,0.0
