,Unnamed: 0,Unnamed: 0.1,u,v,w,x,x bin,y,y bin,z,z bin
0,4,105068,8.88216877,0.125205755,0.398751765,0.177122504,17.0,-0.09065128900000001,-10.0,0,0.0
1,3,3,9.42216873,0.165684909,0.326153725,0.178112343,17.0,-0.096744254,-10.0,0,0.0
2,2,2,9.13609219,0.217527568,0.42071288799999995,0.17315661899999998,17.0,-0.091401875,-10.0,0,0.0
3,0,0,9.39112473,0.211288035,0.361063242,0.17792223399999998,17.0,-0.094623685,-10.0,0,0.0
4,1,1,9.56271553,0.254727185,0.306883872,0.171975195,17.0,-0.097919591,-10.0,0,0.0
