,Unnamed: 0,Unnamed: 0.1,u,v,w,x,x bin,y,y bin,z,z bin
0,0,0,9.98629379,0.149028301,0.08439764400000001,0.178481013,17.0,-0.117016941,-12.0,0,0.0
1,1,116520,10.006135,0.164411783,0.081715733,0.17777721600000002,17.0,-0.117446743,-12.0,0,0.0
