,Unnamed: 0,Unnamed: 0.1,u,v,w,x,x bin,y,y bin,z,z bin
0,2,2,7.88954163,0.026973985,0.465364397,0.177407533,17.0,-0.083462372,-9.0,0,0.0
1,3,3,8.49288273,0.10941860099999999,0.43921893799999995,0.178783789,17.0,-0.087036036,-9.0,0,0.0
2,6,6,8.89290333,0.195835486,0.442301989,0.1720047,17.0,-0.089043483,-9.0,0,0.0
3,4,4,8.65409279,0.162564695,0.453130126,0.175036818,17.0,-0.087438352,-9.0,0,0.0
4,7,102662,8.99212837,0.214721501,0.43823480600000003,0.17037326100000005,17.0,-0.08941754699999999,-9.0,0,0.0
5,1,1,8.59499645,0.23683032399999998,0.499463767,0.173048079,17.0,-0.08425758,-9.0,0,0.0
6,5,5,9.07247734,0.310928673,0.48491028,0.17132987100000002,17.0,-0.087237127,-9.0,0,0.0
7,0,0,8.38008308,0.34104666100000003,0.542433858,0.17371137399999995,17.0,-0.080452755,-9.0,0,0.0
