,Unnamed: 0,Unnamed: 0.1,u,v,w,x,x bin,y,y bin,z,z bin
0,0,120458,10.022541,0.190000802,0.083036229,0.171192393,17.0,-0.120496064,-13.0,0,0.0
