,Unnamed: 0,Unnamed: 0.1,u,v,w,x,x bin,y,y bin,z,z bin
0,1,38807,9.34370995,-0.601897717,-0.407310158,0.17998546399999998,17.0,0.071630754,7.0,0,0.0
1,0,0,9.54352951,-0.409359723,-0.396460176,0.176789105,17.0,0.077802122,7.0,0,0.0
