,Unnamed: 0,Unnamed: 0.1,u,v,w,x,x bin,y,y bin,z,z bin
0,1,1,9.94879341,-0.495532095,-0.230593592,0.173278034,17.0,0.09479682199999999,9.0,0,0.0
1,2,2,9.93739319,-0.483704925,-0.247350305,0.17375941600000006,17.0,0.093395464,9.0,0,0.0
2,3,28902,9.92385006,-0.461482644,-0.263590753,0.17176254100000002,17.0,0.09344326,9.0,0,0.0
3,0,0,9.92840767,-0.41004014,-0.26047951,0.17845445899999998,17.0,0.092917197,9.0,0,0.0
