,Unnamed: 0,Unnamed: 0.1,u,v,w,x,x bin,y,y bin,z,z bin
0,2,2,9.92734241,0.123286575,0.105722077,0.18454265600000005,18.0,-0.116421141,-12.0,0,0.0
1,3,118516,9.97239304,0.13150989999999999,0.08745221800000001,0.187022313,18.0,-0.119377501,-12.0,0,0.0
2,0,0,9.84766197,0.152952582,0.159427524,0.183563799,18.0,-0.111633494,-12.0,0,0.0
3,1,1,9.84366417,0.156108677,0.164997369,0.18772234,18.0,-0.110917956,-12.0,0,0.0
