,Unnamed: 0,Unnamed: 0.1,u,v,w,x,x bin,y,y bin,z,z bin
0,3,54444,5.58130264,-0.364436716,-1.03934669,0.184602097,18.0,-0.019410912,-2.0,0,0.0
1,2,2,5.00521564,-0.178667977,-0.75337857,0.184534192,18.0,-0.016439606000000002,-2.0,0,0.0
2,1,1,5.66341543,-0.175648451,-0.994329989,0.185050175,18.0,-0.01778903,-2.0,0,0.0
3,0,0,5.39967871,-0.029556414,-0.7265523079999999,0.187649414,18.0,-0.015339647,-2.0,0,0.0
