,Unnamed: 0,Unnamed: 0.1,u,v,w,x,x bin,y,y bin,z,z bin
0,2,77307,5.30355453,-1.33169496,-1.16596055,0.18489325,18.0,-0.039079424,-4.0,0,0.0
1,1,1,5.68023348,-1.01990259,-1.34005594,0.186788008,18.0,-0.03693784,-4.0,0,0.0
2,0,0,6.13991642,-0.8758025770000001,-1.58309507,0.187272429,18.0,-0.030007741,-4.0,0,0.0
