,Unnamed: 0,Unnamed: 0.1,u,v,w,x,x bin,y,y bin,z,z bin
0,2,2,9.97760582,-0.376477838,-0.154469639,0.185216367,18.0,0.107153937,10.0,0,0.0
1,5,23875,9.97275734,-0.379192591,-0.167679459,0.183686823,18.0,0.10516895400000001,10.0,0,0.0
2,0,0,9.98319721,-0.375353634,-0.147563636,0.183143407,18.0,0.109090745,10.0,0,0.0
3,3,3,9.97136211,-0.36431697,-0.174082816,0.183881178,18.0,0.10534133,10.0,0,0.0
4,4,4,9.96922112,-0.354294538,-0.180115163,0.184386909,18.0,0.105044246,10.0,0,0.0
5,1,1,9.973682400000001,-0.34957802299999996,-0.173759073,0.183513045,18.0,0.106825441,10.0,0,0.0
