,Unnamed: 0,Unnamed: 0.1,u,v,w,x,x bin,y,y bin,z,z bin
0,7,42575,9.75884628,-0.480419755,-0.33684995799999995,0.180291116,18.0,0.081390113,8.0,0,0.0
1,6,6,9.72149277,-0.473069876,-0.350082874,0.18009388399999998,18.0,0.080504984,8.0,0,0.0
2,5,5,9.79022598,-0.45693409399999996,-0.324451268,0.18179000899999997,18.0,0.082947761,8.0,0,0.0
3,0,0,9.93381214,-0.404759258,-0.25345695,0.189692214,18.0,0.08923585,8.0,0,0.0
4,4,4,9.77438927,-0.4402879770000001,-0.330720812,0.183329403,18.0,0.082114376,8.0,0,0.0
5,3,3,9.88932133,-0.38894975200000004,-0.285273373,0.18982270399999998,18.0,0.08668175300000001,8.0,0,0.0
6,2,2,9.83453274,-0.374975741,-0.308150083,0.186015666,18.0,0.086048529,8.0,0,0.0
7,1,1,9.78887272,-0.34666976299999996,-0.314086199,0.18687874100000001,18.0,0.08554271599999999,8.0,0,0.0
