,Unnamed: 0,Unnamed: 0.1,Unnamed: 0.1.1,u,v,w,x,x bin,y,y bin,z,z bin
0,4,2,2,7.30279589,-0.30528941800000003,0.22075697800000002,0.199897021,19.0,-0.081808589,-9.0,0,-1.0
1,5,3,3,7.46035671,-0.264504313,0.222016707,0.197239041,19.0,-0.08230947,-9.0,0,-1.0
2,2,0,0,7.11696339,-0.29554987,0.224895775,0.19230188399999998,19.0,-0.08011415599999999,-9.0,0,-1.0
3,6,4,4,8.09895325,-0.119363464,0.268763512,0.199639559,19.0,-0.085674845,-9.0,0,-1.0
