,Unnamed: 0,Unnamed: 0.1,u,v,w,x,x bin,y,y bin,z,z bin
0,2,124099,10.0146465,0.09957600400000001,0.063652679,0.19903153199999998,19.0,-0.12269681699999999,-13.0,0,0.0
1,0,0,9.98129559,0.100402474,0.08091519,0.19946236899999997,19.0,-0.12069559099999999,-13.0,0,0.0
2,1,1,9.99341393,0.102197632,0.07547214599999999,0.199469835,19.0,-0.12124411,-13.0,0,0.0
