,Unnamed: 0,Unnamed: 0.1,u,v,w,x,x bin,y,y bin,z,z bin
0,1,1,5.7572875,-0.554260969,1.2503624,0.19026470199999998,19.0,0.028060155,2.0,0,0.0
1,5,53963,5.74612331,-0.540850937,1.44256973,0.193064034,19.0,0.025982674,2.0,0,0.0
2,0,0,5.40593052,-0.363822103,1.01261723,0.191705793,19.0,0.029394791,2.0,0,0.0
3,4,4,5.51253891,-0.449696124,1.48171985,0.198422715,19.0,0.023949115,2.0,0,0.0
4,2,2,5.37760019,-0.32342898800000003,1.10972297,0.19669106600000005,19.0,0.026780419,2.0,0,0.0
5,3,3,5.23653793,-0.226932332,1.05940545,0.198482648,19.0,0.025777787000000003,2.0,0,0.0
