,Unnamed: 0,Unnamed: 0.1,u,v,w,x,x bin,y,y bin,z,z bin
0,1,1,6.35991764,-0.5942169429999999,0.6757019759999999,0.198413283,19.0,0.035838056,3.0,0,0.0
1,5,49646,5.99520445,-0.563322306,1.03229737,0.194591016,19.0,0.030456184,3.0,0,0.0
2,0,0,6.22143936,-0.421643674,0.3817079370000001,0.199513704,19.0,0.039721195,3.0,0,0.0
3,3,3,5.68928194,-0.46111187299999995,0.825475574,0.191325784,19.0,0.032700699,3.0,0,0.0
4,2,2,5.5499258000000005,-0.198984742,0.377588958,0.194261849,19.0,0.038459245,3.0,0,0.0
5,4,4,5.66697979,-0.245300889,0.599470258,0.199963614,19.0,0.034246652999999995,3.0,0,0.0
