,Unnamed: 0,Unnamed: 0.1,u,v,w,x,x bin,y,y bin,z,z bin
0,2,2,7.96385765,-0.473934591,-0.352464139,0.195781291,19.0,0.059827905,5.0,0,0.0
1,3,3,7.31428385,-0.48132503,-0.219642207,0.192052141,19.0,0.054717954000000006,5.0,0,0.0
2,1,1,7.70587301,-0.420369834,-0.361912251,0.192203879,19.0,0.059725016,5.0,0,0.0
3,0,0,7.32450056,-0.349014729,-0.357224405,0.193133816,19.0,0.058609225,5.0,0,0.0
4,4,4,7.12175179,-0.313825965,-0.339982033,0.192766115,19.0,0.057208315,5.0,0,0.0
5,5,43567,6.57584953,-0.265868515,-0.204236045,0.193209618,19.0,0.052641071,5.0,0,0.0
