,Unnamed: 0,Unnamed: 0.1,u,v,w,x,x bin,y,y bin,z,z bin
0,1,127505,10.8396358,0.071515776,0.010998741999999999,0.018638775,1.0,-0.130132407,-14.0,0,0.0
1,0,0,10.8405008,0.048153125,0.009881431,0.017606732,1.0,-0.130663216,-14.0,0,0.0
