,Unnamed: 0,Unnamed: 0.1,u,v,w,x,x bin,y,y bin,z,z bin
0,2,2,10.8296728,0.22997123,0.018631093,0.02811107,2.0,-0.127187639,-13.0,0,0.0
1,0,0,10.8474569,0.260567278,0.018166311,0.028697718,2.0,-0.125384599,-13.0,0,0.0
2,1,1,10.8580151,0.210986778,0.015275855,0.025671932999999997,2.0,-0.125896692,-13.0,0,0.0
3,3,124121,10.7951403,0.229937315,0.016657002,0.029623162,2.0,-0.129541904,-13.0,0,0.0
