,Unnamed: 0,Unnamed: 0.1,u,v,w,x,x bin,y,y bin,z,z bin
0,0,0,11.310688,-0.435073465,-0.123937845,0.024362411,2.0,0.11451342,11.0,0,0.0
1,2,25374,11.397193,-0.377922565,-0.139604822,0.020675123,2.0,0.112697892,11.0,0,0.0
2,1,1,11.3872108,-0.459414154,-0.177481711,0.025412269,2.0,0.112644628,11.0,0,0.0
