,Unnamed: 0,Unnamed: 0.1,Unnamed: 0.1.1,u,v,w,x,x bin,y,y bin,z,z bin
0,22,8,8,10.9423237,-1.69904613,-0.0270666,0.028654607000000002,2.0,0.08715040199999999,8.0,0,-1.0
1,23,9,55417,10.8363838,-1.80468094,-0.016528577,0.028828144,2.0,0.085709676,8.0,0,-1.0
2,18,4,4,11.118308099999998,-1.57322049,0.017343255,0.021275546,2.0,0.080797717,8.0,0,-1.0
3,21,7,7,10.9243984,-1.74938703,-0.037008163,0.026503451,2.0,0.08514334300000001,8.0,0,-1.0
4,20,6,6,11.1263142,-1.60000646,-0.034974724,0.023101382,2.0,0.083841696,8.0,0,-1.0
5,19,5,5,11.0221977,-1.75964499,-0.063200906,0.025415631,2.0,0.082909107,8.0,0,-1.0
