,Unnamed: 0,Unnamed: 0.1,Unnamed: 0.1.1,u,v,w,x,x bin,y,y bin,z,z bin
0,6,2,2,11.4499445,-1.09479558,-0.059187397,0.02840166,2.0,0.09622810000000001,9.0,0,-1.0
1,20,16,16,11.5950823,-1.07698619,-0.102456369,0.0209907,2.0,0.092194475,9.0,0,-1.0
2,8,4,4,11.5049019,-1.09489489,-0.088803627,0.025658175,2.0,0.094714917,9.0,0,-1.0
3,12,8,8,11.555034599999999,-1.08111358,-0.105106279,0.023361376,2.0,0.093627341,9.0,0,-1.0
4,10,6,6,11.532372500000001,-1.07883394,-0.10710106800000001,0.02430575,2.0,0.09433925900000001,9.0,0,-1.0
5,16,12,12,11.498935699999999,-1.18956614,-0.115848765,0.025142768,2.0,0.092771135,9.0,0,-1.0
6,21,17,55315,11.3142853,-1.43211675,-0.118888848,0.029060965,2.0,0.091063164,9.0,0,-1.0
7,15,11,11,11.602047,-1.04337406,-0.140061051,0.02103946,2.0,0.093230464,9.0,0,-1.0
8,7,3,3,11.402277,-1.22223115,-0.123655468,0.029003363,2.0,0.094827406,9.0,0,-1.0
