,Unnamed: 0,Unnamed: 0.1,u,v,w,x,x bin,y,y bin,z,z bin
0,1,1,11.0727615,0.592948794,0.106753178,0.031198278,3.0,-0.106055416,-11.0,0,0.0
1,2,2,10.975125300000002,0.609757066,0.076305613,0.033603199,3.0,-0.108845606,-11.0,0,0.0
2,0,0,11.1010923,0.752246082,0.167751402,0.033615079,3.0,-0.100142404,-11.0,0,0.0
3,3,102766,11.0330677,0.564087808,0.073708072,0.032278679,3.0,-0.108419053,-11.0,0,0.0
