,Unnamed: 0,Unnamed: 0.1,Unnamed: 0.1.1,u,v,w,x,x bin,y,y bin,z,z bin
0,42,14,14,10.513954199999999,-2.16351652,0.02379033,0.031452457999999996,3.0,0.08077999999999999,8.0,0,-1.0
1,40,12,12,10.4034796,-2.26208401,0.009855084,0.034291044,3.0,0.081840485,8.0,0,-1.0
2,43,15,55363,10.6394596,-1.96252155,-0.038421635,0.036595084,3.0,0.086806446,8.0,0,-1.0
3,37,9,9,10.4998045,-2.19132662,-0.047579091,0.035639577,3.0,0.083128959,8.0,0,-1.0
4,39,11,11,10.8878441,-1.86369014,-0.081113771,0.03169604,3.0,0.08615200199999999,8.0,0,-1.0
5,41,13,13,10.749579400000002,-1.98226178,-0.072866835,0.033539586,3.0,0.085241564,8.0,0,-1.0
