,Unnamed: 0,Unnamed: 0.1,u,v,w,x,x bin,y,y bin,z,z bin
0,1,1,10.6577797,0.282324463,0.040137764,0.042259969,4.0,-0.131492361,-14.0,0,0.0
1,8,132313,10.595020300000002,0.214727163,0.045847327,0.044175982999999995,4.0,-0.139075801,-14.0,0,0.0
2,0,0,10.6636162,0.294091523,0.039085455,0.042151815999999995,4.0,-0.130415425,-14.0,0,0.0
3,6,6,10.5800543,0.238952264,0.043790855,0.045209318,4.0,-0.138086617,-14.0,0,0.0
4,7,7,10.5525465,0.227262974,0.044988722,0.048039481,4.0,-0.13981542,-14.0,0,0.0
5,3,3,10.590374,0.24480553,0.039529078,0.044269495,4.0,-0.137753695,-14.0,0,0.0
6,2,2,10.619829199999998,0.250091583,0.034453981,0.04231652599999999,4.0,-0.136703372,-14.0,0,0.0
7,5,5,10.5719395,0.241697609,0.037167106,0.046671577,4.0,-0.13882947,-14.0,0,0.0
8,4,4,10.592208900000001,0.26930594399999996,0.032973968,0.045414567,4.0,-0.136335135,-14.0,0,0.0
