,Unnamed: 0,Unnamed: 0.1,u,v,w,x,x bin,y,y bin,z,z bin
0,0,0,10.8322887,0.562707841,0.071837463,0.040475704,4.0,-0.111932114,-12.0,0,0.0
1,2,2,10.720657300000001,0.554734886,0.058564807999999996,0.046109013,4.0,-0.11410889,-12.0,0,0.0
2,1,1,10.8085966,0.593276739,0.074548423,0.042490996,4.0,-0.111589566,-12.0,0,0.0
3,4,4,10.6489162,0.49216011200000004,0.034018662000000005,0.047896165,4.0,-0.116842814,-12.0,0,0.0
4,3,3,10.6743317,0.520449579,0.036289193,0.046857446,4.0,-0.115609258,-12.0,0,0.0
5,5,5,10.6433306,0.5228171939999999,0.039853502,0.04911647,4.0,-0.115833454,-12.0,0,0.0
6,6,114430,10.7225676,0.45812308799999996,0.002819397,0.041425526000000004,4.0,-0.119132899,-12.0,0,0.0
