,Unnamed: 0,Unnamed: 0.1,u,v,w,x,x bin,y,y bin,z,z bin
0,3,102683,10.4072723,0.872789741,0.3919965620000001,0.041886881,4.0,-0.09932734800000001,-10.0,0,0.0
1,1,1,10.6713972,0.894833386,0.31213516,0.046598904000000003,4.0,-0.09465034300000001,-10.0,0,0.0
2,0,0,10.4235773,1.02434826,0.486162305,0.04904633,4.0,-0.090620332,-10.0,0,0.0
3,2,2,10.666311300000002,0.967810571,0.332475781,0.048386544,4.0,-0.094193548,-10.0,0,0.0
