,Unnamed: 0,Unnamed: 0.1,Unnamed: 0.1.1,u,v,w,x,x bin,y,y bin,z,z bin
0,5,3,97680,9.2300806,0.881038427,0.576054811,0.042922564,4.0,-0.08745300800000001,-9.0,0,-1.0
