,Unnamed: 0,Unnamed: 0.1,Unnamed: 0.1.1,u,v,w,x,x bin,y,y bin,z,z bin
0,21,10,10,11.0850115,-1.05447078,-0.058451511,0.042940762,4.0,0.10289811300000001,10.0,0,-1.0
1,24,13,36413,11.1428232,-1.11202824,-0.082056165,0.041318297,4.0,0.100671083,10.0,0,-1.0
2,17,6,6,10.8839436,-1.02768683,-0.064937726,0.049611069,4.0,0.105286382,10.0,0,-1.0
3,18,7,7,11.0480347,-0.927556038,-0.075946763,0.043789133,4.0,0.106338978,10.0,0,-1.0
4,19,8,8,11.0603905,-1.01397407,-0.117011189,0.044076345999999995,4.0,0.104188919,10.0,0,-1.0
5,12,1,1,11.1030102,-0.8236625190000001,-0.073115133,0.040095806,4.0,0.10891854,10.0,0,-1.0
