,Unnamed: 0,Unnamed: 0.1,u,v,w,x,x bin,y,y bin,z,z bin
0,1,19889,10.7502871,-0.67113483,-0.12295225300000001,0.047387372999999997,4.0,0.120304488,12.0,0,0.0
1,0,0,10.7802439,-0.597282171,-0.13197927199999998,0.04474178,4.0,0.121190175,12.0,0,0.0
