,Unnamed: 0,Unnamed: 0.1,u,v,w,x,x bin,y,y bin,z,z bin
0,6,14550,10.6900969,-0.464786291,-0.09700912199999999,0.045652479,4.0,0.131437778,13.0,0,0.0
1,5,5,10.6842594,-0.448390543,-0.100145623,0.045772806,4.0,0.132790238,13.0,0,0.0
2,4,4,10.6773758,-0.43286708,-0.098194115,0.04590426400000002,4.0,0.134124979,13.0,0,0.0
3,1,1,10.667851400000002,-0.371218443,-0.089456447,0.043345898,4.0,0.139291495,13.0,0,0.0
4,2,2,10.6732235,-0.428585768,-0.10698598599999999,0.04586184,4.0,0.13414457400000002,13.0,0,0.0
5,3,3,10.6784382,-0.440964222,-0.110203415,0.045741305,4.0,0.13301222,13.0,0,0.0
6,0,0,10.6807556,-0.353150129,-0.101400368,0.040748917,4.0,0.138045654,13.0,0,0.0
