,Unnamed: 0,Unnamed: 0.1,u,v,w,x,x bin,y,y bin,z,z bin
0,5,46937,10.7048864,-1.82737577,-0.28235557699999997,0.04191006,4.0,0.088260591,8.0,0,0.0
1,4,4,10.7720699,-1.6738738999999998,-0.38655135,0.049024079000000005,4.0,0.08953250900000001,8.0,0,0.0
2,3,3,9.87565422,-2.16570544,-0.4402593970000001,0.040870555,4.0,0.080515675,8.0,0,0.0
3,2,2,10.19732,-1.93425989,-0.458125472,0.045889989000000006,4.0,0.08482422699999999,8.0,0,0.0
4,1,1,10.6414156,-1.71920705,-0.41916832299999995,0.042667616,4.0,0.08858471400000001,8.0,0,0.0
5,0,0,10.8638144,-1.38568509,-0.596533298,0.040431757,4.0,0.089903645,8.0,0,0.0
