,Unnamed: 0,Unnamed: 0.1,u,v,w,x,x bin,y,y bin,z,z bin
0,3,3,10.5226793,0.623393655,0.140459687,0.05981867,5.0,-0.107255623,-11.0,0,0.0
1,0,0,10.631706199999998,0.753315449,0.19636827699999998,0.056004793,5.0,-0.1002803,-11.0,0,0.0
2,1,1,10.7384157,0.7596004609999999,0.162710637,0.050755613,5.0,-0.102870591,-11.0,0,0.0
3,4,105216,10.603653,0.637329102,0.09517195099999999,0.054286789,5.0,-0.109652795,-11.0,0,0.0
4,2,2,10.595565800000001,0.7081556920000001,0.12333995099999999,0.056719399999999996,5.0,-0.106328495,-11.0,0,0.0
