,Unnamed: 0,Unnamed: 0.1,u,v,w,x,x bin,y,y bin,z,z bin
0,0,0,10.144149800000001,0.9249793890000001,0.538938582,0.058546722,5.0,-0.090668552,-10.0,0,0.0
1,2,2,10.3658161,0.928517997,0.473902941,0.05191534,5.0,-0.091024652,-10.0,0,0.0
2,7,7,10.5959644,0.81144011,0.265202671,0.054821309000000006,5.0,-0.096824125,-10.0,0,0.0
3,5,5,10.2982445,0.8875915409999999,0.415039688,0.059461549,5.0,-0.094217829,-10.0,0,0.0
4,6,6,10.702816,0.8511427640000001,0.261893958,0.05032235400000002,5.0,-0.09599390599999999,-10.0,0,0.0
5,8,100286,10.6689329,0.7999477979999999,0.21143099699999998,0.05497618,5.0,-0.09833077300000001,-10.0,0,0.0
6,1,1,10.2493553,1.00863314,0.500900507,0.05707366,5.0,-0.091242351,-10.0,0,0.0
7,3,3,10.4007788,1.00464857,0.449615538,0.053348407,5.0,-0.092362747,-10.0,0,0.0
8,4,4,10.3916311,0.940851271,0.365490913,0.059030942999999995,5.0,-0.09491393,-10.0,0,0.0
