,Unnamed: 0,Unnamed: 0.1,Unnamed: 0.1.1,u,v,w,x,x bin,y,y bin,z,z bin
0,3,2,21088,10.6693916,-0.665746689,-0.081311882,0.055288725,5.0,0.121624768,12.0,0,-1.0
