,Unnamed: 0,Unnamed: 0.1,u,v,w,x,x bin,y,y bin,z,z bin
0,0,9586,10.5520821,-0.319014132,-0.0647856,0.052129857,5.0,0.146984309,14.0,0,0.0
