,Unnamed: 0,Unnamed: 0.1,Unnamed: 0.1.1,u,v,w,x,x bin,y,y bin,z,z bin
0,3,0,0,10.4468784,0.6075407270000001,0.215614423,0.064296678,6.0,-0.100116305,-11.0,0,-1.0
