,Unnamed: 0,Unnamed: 0.1,u,v,w,x,x bin,y,y bin,z,z bin
0,3,3,10.6090269,-0.945134461,-0.22320413600000005,0.063953653,6.0,0.106783912,10.0,0,0.0
1,0,0,10.531621000000001,-0.883037686,-0.20613230800000001,0.069769107,6.0,0.10991185199999999,10.0,0,0.0
2,1,1,10.6353292,-0.888526797,-0.204574525,0.06213384900000001,6.0,0.109070234,10.0,0,0.0
3,6,28752,10.550490400000001,-0.9684265259999999,-0.253950983,0.068308801,6.0,0.105281636,10.0,0,0.0
4,4,4,10.6567278,-0.9391886,-0.238306016,0.060494757999999996,6.0,0.106102146,10.0,0,0.0
5,2,2,10.6622763,-0.91312027,-0.22939293100000002,0.060183253,6.0,0.10715712599999999,10.0,0,0.0
6,5,5,10.594965,-0.957937777,-0.27649328100000004,0.065143004,6.0,0.10446474,10.0,0,0.0
