,Unnamed: 0,Unnamed: 0.1,Unnamed: 0.1.1,u,v,w,x,x bin,y,y bin,z,z bin
0,3,3,16482,10.5648222,-0.468154728,-0.036041357,0.062142953,6.0,0.134718746,13.0,0,-1.0
1,2,2,2,10.560491599999999,-0.45133954299999995,-0.036474839,0.06216380000000001,6.0,0.136108205,13.0,0,-1.0
2,1,1,1,10.5559311,-0.434374928,-0.038160224,0.062179059,6.0,0.137542441,13.0,0,-1.0
3,0,0,0,10.5514183,-0.4236906170000001,-0.039174836,0.06218883400000001,6.0,0.138501719,13.0,0,-1.0
