,Unnamed: 0,Unnamed: 0.1,Unnamed: 0.1.1,u,v,w,x,x bin,y,y bin,z,z bin
0,23,12,55418,9.86490726,-2.14615655,-0.098491348,0.06051439400000001,6.0,0.079744488,7.0,0,-1.0
1,20,9,9,8.8968544,-2.40944576,-0.22824037100000005,0.063749343,6.0,0.072230242,7.0,0,-1.0
2,21,10,10,9.12508488,-2.27901602,-0.340232641,0.06774094,6.0,0.073266462,7.0,0,-1.0
3,19,8,8,9.51089191,-2.17560506,-0.324198037,0.06587037400000001,6.0,0.07658364599999999,7.0,0,-1.0
4,22,11,11,9.94959641,-2.04404449,-0.30269557199999997,0.06527184,6.0,0.079949334,7.0,0,-1.0
5,14,3,3,8.35192966,-2.47383356,-0.335666299,0.060611475,6.0,0.07053372299999999,7.0,0,-1.0
