,Unnamed: 0,Unnamed: 0.1,u,v,w,x,x bin,y,y bin,z,z bin
0,0,32532,10.569482800000001,-1.0756005,-0.333575606,0.06576581299999999,6.0,0.099683106,9.0,0,0.0
