,Unnamed: 0,Unnamed: 0.1,u,v,w,x,x bin,y,y bin,z,z bin
0,0,114389,10.328405400000001,0.498382151,0.041016951,0.079669803,7.0,-0.115031689,-12.0,0,0.0
