,Unnamed: 0,Unnamed: 0.1,Unnamed: 0.1.1,u,v,w,x,x bin,y,y bin,z,z bin
0,11,2,53182,10.0529213,-1.89371288,-0.341112763,0.079571791,7.0,0.078170292,7.0,0,-1.0
