,Unnamed: 0,Unnamed: 0.1,u,v,w,x,x bin,y,y bin,z,z bin
0,2,2,10.2821321,0.389308035,0.041713192999999996,0.089447685,8.0,-0.125401601,-13.0,0,0.0
1,6,127506,10.2954073,0.35752922299999995,0.044368923,0.088496,8.0,-0.12874534699999998,-13.0,0,0.0
2,0,0,10.2740793,0.41180384200000003,0.039030656000000004,0.08995685,8.0,-0.123446822,-13.0,0,0.0
3,4,4,10.304028500000001,0.366876572,0.042138483,0.086552724,8.0,-0.12845458099999998,-13.0,0,0.0
4,5,5,10.3012047,0.359297514,0.042635694,0.087483823,8.0,-0.12935376199999998,-13.0,0,0.0
5,3,3,10.2951536,0.372318745,0.040046886,0.088242196,8.0,-0.12839104199999998,-13.0,0,0.0
6,1,1,10.290864,0.386257648,0.035850022,0.088925436,8.0,-0.127499074,-13.0,0,0.0
