,Unnamed: 0,Unnamed: 0.1,u,v,w,x,x bin,y,y bin,z,z bin
0,0,0,6.42604542,0.293810546,0.415067971,0.080651693,8.0,-0.074876577,-8.0,0,0.0
1,1,90293,6.99624538,0.40155103799999997,0.484988064,0.088371024,8.0,-0.07586748900000001,-8.0,0,0.0
