,Unnamed: 0,Unnamed: 0.1,Unnamed: 0.1.1,u,v,w,x,x bin,y,y bin,z,z bin
0,11,6,6,10.3282146,-0.67754662,-0.069430351,0.089783192,8.0,0.125770345,12.0,0,-1.0
1,14,9,9,10.426734,-0.708818257,-0.076328889,0.080256186,8.0,0.12210422,12.0,0,-1.0
2,12,7,7,10.3360195,-0.701853156,-0.084238373,0.088779785,8.0,0.123973653,12.0,0,-1.0
3,15,10,19901,10.4215717,-0.736884236,-0.09051466,0.08038882900000001,8.0,0.120631196,12.0,0,-1.0
4,8,3,3,10.3337994,-0.671902716,-0.08672078,0.089678019,8.0,0.126399487,12.0,0,-1.0
5,10,5,5,10.339512800000001,-0.6964347959999999,-0.10036467,0.0888336,8.0,0.124528155,12.0,0,-1.0
6,13,8,8,10.3777475,-0.731639147,-0.113461152,0.084951706,8.0,0.12284404,12.0,0,-1.0
