,Unnamed: 0,Unnamed: 0.1,Unnamed: 0.1.1,u,v,w,x,x bin,y,y bin,z,z bin
0,5,0,0,10.1200495,0.44696641,0.157617673,0.097420186,9.0,-0.102927066,-11.0,0,-1.0
1,7,2,109930,10.2112055,0.4495689570000001,0.11875914,0.091825374,9.0,-0.106867574,-11.0,0,-1.0
