,Unnamed: 0,Unnamed: 0.1,u,v,w,x,x bin,y,y bin,z,z bin
0,5,5,10.2477837,0.310031652,0.05025450099999999,0.09996614599999999,9.0,-0.131932795,-14.0,0,0.0
1,6,6,10.2855787,0.308907837,0.049570523,0.092691571,9.0,-0.133264482,-14.0,0,0.0
2,2,2,10.2897758,0.338491559,0.046497762000000005,0.090455547,9.0,-0.13053704800000002,-14.0,0,0.0
3,3,3,10.293207199999998,0.32746595100000003,0.047269862,0.090366393,9.0,-0.131781116,-14.0,0,0.0
4,7,130695,10.2649183,0.29333844800000003,0.048269294000000004,0.09754931900000001,9.0,-0.135426834,-14.0,0,0.0
5,4,4,10.2868986,0.315296352,0.046933726,0.09248846,9.0,-0.133074194,-14.0,0,0.0
6,1,1,10.271545399999999,0.33741253600000004,0.0439885,0.094565451,9.0,-0.130768821,-14.0,0,0.0
7,0,0,10.2513084,0.33483994,0.042855043,0.098960146,9.0,-0.130655825,-14.0,0,0.0
