,Unnamed: 0,Unnamed: 0.1,u,v,w,x,x bin,y,y bin,z,z bin
0,1,1,10.330425300000002,-0.657467365,-0.14753544300000002,0.090462193,9.0,0.126315862,12.0,0,0.0
1,0,0,10.3276854,-0.611001492,-0.14633122099999998,0.09109103699999999,9.0,0.128118068,12.0,0,0.0
2,2,16439,10.318572999999999,-0.660382211,-0.186841697,0.09041753400000001,9.0,0.121898122,12.0,0,0.0
