,Unnamed: 0,Unnamed: 0.1,u,v,w,x,x bin,y,y bin,z,z bin
0,3,47682,5.59013653,-1.99006176,-0.4511399270000001,0.09039402,9.0,0.053065021,5.0,0,0.0
1,2,2,5.30237961,-1.48926616,-0.470827818,0.095641881,9.0,0.055191774000000006,5.0,0,0.0
2,0,0,5.95144176,-1.32862091,-0.556540966,0.096883163,9.0,0.059573896,5.0,0,0.0
3,1,1,5.63511944,-1.20202267,-0.549570084,0.095996872,9.0,0.05943156,5.0,0,0.0
