,Unnamed: 0,Unnamed: 0.1,Unnamed: 0.1.1,u,v,w,x,x bin,y,y bin,z,z bin
0,28,9,9,10.2842779,-1.3176167,-0.186091766,0.090196975,9.0,0.092374392,9.0,0,-1.0
1,19,0,0,10.2540016,-1.09283769,-0.17062395800000002,0.093340181,9.0,0.09938366,9.0,0,-1.0
2,21,2,2,10.246460899999999,-1.11311293,-0.185911,0.09426780800000001,9.0,0.097916924,9.0,0,-1.0
