,u,v,w,x,x bin,y,y bin,z,z bin
0,7.22621679,0.912226856,2.15476108,-0.094076723,-10.0,0.017694548,1.0,0.041654021,4.0
1,7.02131939,0.80532831,2.28636837,-0.093017533,-10.0,0.014672869,1.0,0.041490767000000005,4.0
2,7.112463000000001,0.637417376,2.44622469,-0.091254495,-10.0,0.011396518000000001,1.0,0.044708621,4.0
3,6.82149649,0.721421242,2.46059847,-0.090941779,-10.0,0.012788384,1.0,0.041270521,4.0
33655,6.78744316,0.577712536,2.40238905,-0.091951639,-10.0,0.011000318,1.0,0.040738601,4.0
