,u,v,w,x,x bin,y,y bin,z,z bin
0,9.86425591,1.1480056,-0.099843934,-0.090167813,-10.0,0.112413228,11.0,-0.012143808,-2.0
1,9.85883999,1.16476572,-0.1369856,-0.090108275,-10.0,0.112569146,11.0,-0.01445144,-2.0
2,9.76951981,1.21791184,-0.158515438,-0.092471913,-10.0,0.110207044,11.0,-0.015647881000000002,-2.0
25783,9.82438183,1.18397963,-0.181600958,-0.090783671,-10.0,0.11182781300000001,11.0,-0.017971603,-2.0
