,u,v,w,x,x bin,y,y bin,z,z bin
0,10.1432743,-0.202062845,0.19475770000000006,-0.094723076,-10.0,-0.143763587,-15.0,0.129616171,12.0
1,10.143875099999999,-0.201709732,0.189638942,-0.094712764,-10.0,-0.145933852,-15.0,0.128589451,12.0
2,10.144301400000002,-0.201743096,0.185071796,-0.094703466,-10.0,-0.14789252,-15.0,0.127592549,12.0
3,10.1456985,-0.207247615,0.191353992,-0.094701529,-10.0,-0.146157578,-15.0,0.126267105,12.0
4,10.1452131,-0.206286252,0.184798867,-0.094697267,-10.0,-0.148677155,-15.0,0.12559957800000002,12.0
5,10.146863,-0.212932378,0.19158248600000002,-0.09469413800000001,-10.0,-0.146907896,-15.0,0.12386722900000001,12.0
6,10.1464367,-0.212242275,0.185112387,-0.094690174,-10.0,-0.149433151,-15.0,0.123097382,12.0
141443,10.1480532,-0.21927078100000003,0.189673603,-0.094689444,-10.0,-0.14862299,-15.0,0.120834894,12.0
