,u,v,w,x,x bin,y,y bin,z,z bin
0,10.0536766,-0.367149711,-0.464921504,-0.098878726,-10.0,-0.096297458,-10.0,-0.107678369,-11.0
1,10.0603819,-0.350143224,-0.457063913,-0.09880323699999999,-10.0,-0.096785285,-10.0,-0.109974124,-11.0
2,10.0651121,-0.34924984,-0.449726015,-0.098758809,-10.0,-0.098472193,-10.0,-0.109717935,-11.0
148660,10.0481844,-0.367862165,-0.478489637,-0.098928824,-10.0,-0.093868077,-10.0,-0.108571649,-11.0
