,u,v,w,x,x bin,y,y bin,z,z bin
0,10.014826800000002,-0.62580502,0.033320695,-0.098664254,-10.0,-0.140836999,-15.0,0.007413586999999998,0.0
135280,10.0162487,-0.627232075,0.027102489,-0.09868562199999999,-10.0,-0.140858695,-15.0,0.005832866999999999,0.0
