,u,v,w,x,x bin,y,y bin,z,z bin
0,8.45340347,-1.30595303,1.34226692,-0.09662640800000001,-10.0,-0.040891897,-5.0,0.045392644,4.0
1,8.4685812,-1.41477215,1.38840687,-0.094643824,-10.0,-0.043239996,-5.0,0.044935592,4.0
2,8.62117195,-1.27313399,1.27259028,-0.09873879,-10.0,-0.044661604,-5.0,0.046992287,4.0
3,8.51672363,-1.47690082,1.4409101,-0.092199229,-10.0,-0.04536536,-5.0,0.04567072900000002,4.0
4,8.75673294,-1.44637358,1.43150783,-0.09017206,-10.0,-0.049296398,-5.0,0.049723305,4.0
5,8.34708214,-1.55711341,1.39082289,-0.093158439,-10.0,-0.045545526,-5.0,0.041041333,4.0
6,8.56634521,-1.52651823,1.40334988,-0.09175492800000001,-10.0,-0.04726297,-5.0,0.045134071,4.0
7,8.67651844,-1.52603817,1.4139334,-0.090210483,-10.0,-0.04964342,-5.0,0.04700252,4.0
61265,8.57717323,-1.53353012,1.35671806,-0.09228784599999999,-10.0,-0.049009915,-5.0,0.044505175,4.0
