,u,v,w,x,x bin,y,y bin,z,z bin
0,9.99746132,0.112232879,0.7693166140000001,-0.09458968,-10.0,0.018665511,1.0,0.13047725,13.0
1,10.0103817,0.101543047,0.776669025,-0.092950136,-10.0,0.016543346,1.0,0.13142299699999999,13.0
2,10.0176554,0.086180404,0.758926153,-0.092886373,-10.0,0.014764345,1.0,0.133004799,13.0
40839,10.0062094,0.09273598300000001,0.782632828,-0.092983589,-10.0,0.014941791000000001,1.0,0.13119192400000002,13.0
