,u,v,w,x,x bin,y,y bin,z,z bin
0,9.91230202,-0.549249649,0.8804238440000001,-0.09169016,-10.0,-0.061227016,-7.0,0.097338073,9.0
100762,9.93114185,-0.609614491,0.842631102,-0.09042973800000001,-10.0,-0.068777323,-7.0,0.092944056,9.0
