,u,v,w,x,x bin,y,y bin,z,z bin
0,9.91608715,0.488552809,-0.914550543,-0.097330615,-10.0,0.049965553,4.0,-0.102666564,-11.0
1,9.95118427,0.461202651,-0.9188992979999999,-0.09702408300000001,-10.0,0.046358399,4.0,-0.104429945,-11.0
2,9.96346378,0.468661904,-0.911839485,-0.09638685,-10.0,0.048163895,4.0,-0.104753733,-11.0
117117,9.97964096,0.471160829,-0.9096909759999999,-0.095412619,-10.0,0.048354335,4.0,-0.106133252,-11.0
