,u,v,w,x,x bin,y,y bin,z,z bin
0,9.91635132,-0.5823311210000001,-0.642325461,-0.097661376,-10.0,-0.082551003,-9.0,-0.087933384,-9.0
1,9.91813374,-0.635195255,-0.655767322,-0.094128296,-10.0,-0.08448855599999999,-9.0,-0.08179201900000001,-9.0
2,9.96838665,-0.60100925,-0.653171718,-0.092769995,-10.0,-0.084066622,-9.0,-0.08675789800000001,-9.0
144718,9.98690891,-0.530615866,-0.563438714,-0.09979367300000001,-10.0,-0.08995114300000001,-9.0,-0.089313343,-9.0
