,u,v,w,x,x bin,y,y bin,z,z bin
0,9.53221703,0.245784819,-1.53457987,-0.092130013,-10.0,0.010387688,1.0,-0.093536995,-10.0
1,9.68453979,0.31648767,-1.21704781,-0.096926957,-10.0,0.01844348,1.0,-0.096877597,-10.0
2,9.72493649,0.29633218100000003,-1.16494381,-0.098714627,-10.0,0.019462403,1.0,-0.098924711,-10.0
119225,9.70990276,0.285156548,-1.19674611,-0.09786997,-10.0,0.017178124,1.0,-0.098629013,-10.0
