,u,v,w,x,x bin,y,y bin,z,z bin
0,9.06463909,-0.658892989,1.54298246,-0.095756978,-10.0,-0.031078465,-4.0,0.07080943099999999,7.0
1,9.15978432,-0.7152650359999999,1.64995027,-0.090986595,-10.0,-0.032832917,-4.0,0.072242901,7.0
2,9.11375427,-0.623545408,1.46228611,-0.097942069,-10.0,-0.031188279,-4.0,0.073135018,7.0
3,9.20959473,-0.568940639,1.38461566,-0.099674277,-10.0,-0.031070869,-4.0,0.07728328599999999,7.0
4,9.24630451,-0.54617101,1.38584399,-0.099417321,-10.0,-0.030644047999999997,-4.0,0.078892283,7.0
5,9.19837093,-0.6893775459999999,1.52485538,-0.094551668,-10.0,-0.033618044,-4.0,0.074071668,7.0
6,9.22266674,-0.655519903,1.48445582,-0.095784538,-10.0,-0.033119913,-4.0,0.075599976,7.0
7,9.29694271,-0.564390242,1.35781634,-0.099544346,-10.0,-0.032050703,-4.0,0.079989083,7.0
70112,9.44146633,-0.753188372,1.46346211,-0.090113759,-10.0,-0.0390728,-4.0,0.079561934,7.0
