,u,v,w,x,x bin,y,y bin,z,z bin
96326,9.7086544,0.765578568,-1.12537754,-0.091715492,-10.0,0.052192904000000005,5.0,-0.081379466,-9.0
