,u,v,w,x,x bin,y,y bin,z,z bin
2841,10.041867300000002,0.459213793,0.437143803,-0.09826730199999999,-10.0,0.10088886300000001,10.0,0.101071522,10.0
