,u,v,w,x,x bin,y,y bin,z,z bin
0,10.163034399999999,0.24207630800000002,-0.259165734,-0.09826648199999999,-10.0,0.126395196,12.0,-0.130308121,-14.0
1,10.1610155,0.244823188,-0.26986441,-0.098288357,-10.0,0.122834474,12.0,-0.131401271,-14.0
101018,10.1605034,0.245292455,-0.276439965,-0.098295316,-10.0,0.120454594,12.0,-0.1326233,-14.0
