,u,v,w,x,x bin,y,y bin,z,z bin
137141,9.97175503,0.084766373,-0.779494345,-0.09789110699999999,-10.0,0.00671556,0.0,-0.127574801,-13.0
