,u,v,w,x,x bin,y,y bin,z,z bin
0,9.52337933,0.77681762,1.12005305,-0.097230576,-10.0,0.054450464000000004,5.0,0.075536437,7.0
1,9.55815315,0.73425746,1.18811929,-0.096209742,-10.0,0.051815555,5.0,0.077563681,7.0
10442,9.52149582,0.7757864000000001,0.998490095,-0.099912889,-10.0,0.058363341,5.0,0.073726557,7.0
