,u,v,w,x,x bin,y,y bin,z,z bin
0,9.70181084,0.6692557929999999,1.26605451,-0.091575347,-10.0,0.048244055,4.0,0.081998684,8.0
1,9.53254128,0.53696841,1.22547221,-0.09627378,-10.0,0.04356847,4.0,0.082552686,8.0
2,9.61367893,0.564853191,1.30838525,-0.091673479,-10.0,0.042469107,4.0,0.084302574,8.0
14079,9.5965662,0.511731684,1.31866801,-0.09090129300000001,-10.0,0.040006597000000005,4.0,0.08654262900000001,8.0
