,u,v,w,x,x bin,y,y bin,z,z bin
0,9.42165947,0.375927746,1.53904378,-0.09165287,-10.0,0.023821082,2.0,0.086183637,8.0
1,9.46465015,0.35384708600000003,1.47268033,-0.092324287,-10.0,0.023835469,2.0,0.08884123699999999,8.0
2,9.33641434,0.364280105,1.53635335,-0.09478109300000001,-10.0,0.020530826000000002,2.0,0.083951056,8.0
3,9.41139984,0.341707885,1.47487712,-0.095313206,-10.0,0.021466982000000003,2.0,0.08698970800000001,8.0
22965,9.43787384,0.321135014,1.46444798,-0.09464690099999999,-10.0,0.020202285,2.0,0.08885602699999999,8.0
