,u,v,w,x,x bin,y,y bin,z,z bin
132670,10.115469000000001,-0.35041347100000003,0.281295508,-0.099298015,-10.0,-0.131693318,-14.0,0.10049889999999999,10.0
