,u,v,w,x,x bin,y,y bin,z,z bin
7065,10.0342541,0.352685452,0.555708647,-0.098101646,-10.0,0.075903997,7.0,0.11905307300000001,11.0
