,u,v,w,x,x bin,y,y bin,z,z bin
0,8.43695545,0.68861717,1.57924616,-0.099169076,-10.0,0.02559481,2.0,0.056733679,5.0
1,8.45904541,0.65465343,1.70124781,-0.097763538,-10.0,0.024496893,2.0,0.058774192,5.0
2,8.52451897,0.592641115,1.67379272,-0.09793313599999999,-10.0,0.023387622,2.0,0.059867345,5.0
3,8.20812988,0.7423622609999999,1.66249406,-0.098424971,-10.0,0.024415059,2.0,0.053099681,5.0
4,8.2767992,0.6453767420000001,1.9625814,-0.094888739,-10.0,0.021424127999999997,2.0,0.058380134000000014,5.0
5,7.82556725,1.00891244,2.24070597,-0.090918049,-10.0,0.025601618,2.0,0.050299343,5.0
24814,7.88060188,0.93291223,2.32230473,-0.09055157,-10.0,0.024172923,2.0,0.053294383,5.0
