,u,v,w,x,x bin,y,y bin,z,z bin
0,8.34567165,0.463690639,1.60385883,-0.099765398,-10.0,0.017710906000000002,1.0,0.05662633900000001,5.0
1,7.95811462,0.646624863,1.93064225,-0.096173145,-10.0,0.018451275,1.0,0.052493569000000004,5.0
2,7.8745923,0.688274086,2.28676486,-0.091809422,-10.0,0.017511265,1.0,0.054613836,5.0
3,8.16410065,0.45877060299999994,1.64814782,-0.09932441300000001,-10.0,0.015869821,1.0,0.053866535,5.0
4,8.04351902,0.40560779,1.73088884,-0.098495796,-10.0,0.012835116,1.0,0.052823439000000014,5.0
28222,8.18231964,0.30915454,1.86406076,-0.09638863800000001,-10.0,0.010798008999999999,1.0,0.057012226,5.0
