,u,v,w,x,x bin,y,y bin,z,z bin
0,5.97761679,-1.02326083,1.19195652,-0.092634723,-10.0,-0.01572004,-2.0,0.0195382,1.0
1,6.14906168,-1.03756905,1.07125366,-0.094477668,-10.0,-0.017907972,-2.0,0.019549357,1.0
2,6.07043886,-1.1473155000000002,0.918830872,-0.094403081,-10.0,-0.019230757,-2.0,0.01715477,1.0
67385,5.52632284,-0.9286204579999999,0.7852013109999999,-0.09360379,-10.0,-0.011106578999999998,-2.0,0.010415559,1.0
