,u,v,w,x,x bin,y,y bin,z,z bin
74239,8.71797848,1.27691555,-1.3760972,-0.093921535,-10.0,0.045329775999999995,4.0,-0.05487565,-6.0
