,u,v,w,x,x bin,y,y bin,z,z bin
149913,10.0851793,-0.31649965,-0.467606872,-0.095420115,-10.0,-0.09072843900000001,-10.0,-0.120465845,-13.0
