,u,v,w,x,x bin,y,y bin,z,z bin
0,9.81953144,-0.630966365,-1.00462019,-0.092731357,-10.0,-0.056907564,-6.0,-0.090878524,-10.0
138703,9.8490324,-0.662703216,-1.01799655,-0.09003382900000001,-10.0,-0.058667444000000006,-6.0,-0.090023406,-10.0
