,u,v,w,x,x bin,y,y bin,z,z bin
0,9.06103611,1.14254463,-1.34010601,-0.094099641,-10.0,0.048388839,4.0,-0.061876454000000004,-7.0
1,9.15231991,1.01309264,-1.24153674,-0.097445786,-10.0,0.04819084,4.0,-0.065412648,-7.0
2,9.1241951,1.10626674,-1.43045604,-0.092212036,-10.0,0.046226274000000005,4.0,-0.065053582,-7.0
3,9.14374924,1.01481271,-1.32891834,-0.095553577,-10.0,0.045274902,4.0,-0.067252569,-7.0
4,9.22114849,0.902339876,-1.17622721,-0.09994719199999999,-10.0,0.047072845999999995,4.0,-0.068919204,-7.0
5,9.16742897,0.969872057,-1.28665781,-0.096941277,-10.0,0.045133319000000005,4.0,-0.068376936,-7.0
89435,9.049483300000002,0.850118935,-1.28326619,-0.099844001,-10.0,0.041502185,4.0,-0.06883892400000001,-7.0
