,u,v,w,x,x bin,y,y bin,z,z bin
0,10.095375099999998,-0.332506955,-0.423886389,-0.096775264,-10.0,-0.10395743699999999,-11.0,-0.11143153900000001,-12.0
1,10.0901375,-0.325692445,-0.431120336,-0.09679693,-10.0,-0.101361342,-11.0,-0.113547377,-12.0
2,10.0954733,-0.32107225100000003,-0.421555251,-0.09673959,-10.0,-0.103029385,-11.0,-0.114256933,-12.0
3,10.0999517,-0.317948312,-0.4138699770000001,-0.096696332,-10.0,-0.10447403,-11.0,-0.114619553,-12.0
149193,10.1013403,-0.30789876,-0.40687826299999996,-0.096674025,-10.0,-0.10449151699999999,-11.0,-0.11747811699999999,-12.0
