,u,v,w,x,x bin,y,y bin,z,z bin
0,10.065011,-0.178074598,0.595810115,-0.097057045,-10.0,-0.042252418,-5.0,0.137276307,13.0
1,10.0637541,-0.189364523,0.6026551720000001,-0.097083509,-10.0,-0.044544034,-5.0,0.135229155,13.0
2,10.0693007,-0.183133081,0.589680433,-0.096947104,-10.0,-0.044946041,-5.0,0.137366161,13.0
3,10.063937199999998,-0.199318334,0.593663275,-0.097062543,-10.0,-0.04757209900000002,-5.0,0.134377658,13.0
4,10.068408999999999,-0.19334420600000002,0.5841925139999999,-0.096957117,-10.0,-0.047612481,-5.0,0.136177465,13.0
5,10.0721722,-0.18560417,0.577356935,-0.0969093,-10.0,-0.046978895,-5.0,0.138012499,13.0
72149,10.075811400000001,-0.19009119300000002,0.5601357220000001,-0.096859559,-10.0,-0.049979687,-5.0,0.13873390900000002,13.0
