,u,v,w,x,x bin,y,y bin,z,z bin
0,10.0099249,-0.080943242,0.730798125,-0.092679396,-10.0,-0.016958699,-2.0,0.139129654,13.0
51160,9.99584484,-0.089470059,0.7575862409999999,-0.09280230099999999,-10.0,-0.01727451,-2.0,0.136715427,13.0
