,u,v,w,x,x bin,y,y bin,z,z bin
108006,9.82535458,-0.684959412,0.649162412,-0.099035502,-10.0,-0.085541837,-9.0,0.079458863,7.0
