,u,v,w,x,x bin,y,y bin,z,z bin
6567,9.87308025,0.685007215,0.85565871,-0.092809431,-10.0,0.074495055,7.0,0.083809108,8.0
