,u,v,w,x,x bin,y,y bin,z,z bin
0,9.67113304,-0.487702876,1.05841839,-0.09850338900000001,-10.0,-0.041519403999999996,-5.0,0.09286372400000001,9.0
1,9.80306339,-0.430978119,1.04354823,-0.092510909,-10.0,-0.040257391,-5.0,0.09891519,9.0
2,9.64809132,-0.527595818,1.08526516,-0.098290205,-10.0,-0.04304020099999999,-5.0,0.091364078,9.0
3,9.65740585,-0.5341216329999999,1.07368851,-0.098379977,-10.0,-0.044629306,-5.0,0.091586009,9.0
4,9.78272152,-0.42151179899999996,0.973409891,-0.09708450699999999,-10.0,-0.04358108,-5.0,0.099072248,9.0
5,9.64581585,-0.570170045,1.08875537,-0.098171577,-10.0,-0.046811491,-5.0,0.09054517,9.0
82167,9.75578976,-0.48948064399999996,1.0156858,-0.09627425699999999,-10.0,-0.046338815,-5.0,0.095408626,9.0
