,u,v,w,x,x bin,y,y bin,z,z bin
138377,10.028699900000001,0.144873798,-0.8053962590000001,-0.09018217,-10.0,0.015747296,1.0,-0.130900472,-14.0
