,u,v,w,x,x bin,y,y bin,z,z bin
0,5.71055889,-0.7356773609999999,-0.825826168,-0.095341809,-10.0,-0.012604192,-2.0,-0.014567508,-2.0
1,5.36378765,-1.07286489,-0.904145122,-0.091012575,-10.0,-0.016560871,-2.0,-0.014277585,-2.0
2,5.67997074,-1.00879586,-0.6901094320000001,-0.09467008699999999,-10.0,-0.017417135,-2.0,-0.011440765,-2.0
3,5.55155659,-1.19346952,-0.886219084,-0.09212888,-10.0,-0.018844467,-2.0,-0.015232294,-2.0
81396,5.66036558,-1.17130387,-0.730892003,-0.093730904,-10.0,-0.019684973999999997,-2.0,-0.012206791000000002,-2.0
