,u,v,w,x,x bin,y,y bin,z,z bin
0,6.76498604,-1.54438758,0.877462685,-0.095914327,-10.0,-0.030835781,-4.0,0.018380091,1.0
1,6.78894949,-1.57099986,0.8209764959999999,-0.09607651099999999,-10.0,-0.031814743,-4.0,0.016909981,1.0
2,7.26508904,-1.6559304,0.728191376,-0.098738059,-10.0,-0.037784822,-4.0,0.017440444,1.0
3,7.30095577,-1.65344954,0.643070102,-0.099300697,-10.0,-0.038689787999999996,-4.0,0.015552495,1.0
4,6.58739376,-1.55198824,0.689109862,-0.09546987,-10.0,-0.030770201,-4.0,0.012181097,1.0
5,7.11312819,-1.5921818,0.578497946,-0.09884186800000001,-10.0,-0.036707182000000005,-4.0,0.012972537,1.0
6,6.87767887,-1.59959507,0.570407927,-0.09735883,-10.0,-0.03481051,-4.0,0.010949006,1.0
75323,6.81975031,-1.93975973,0.597003698,-0.09445737300000001,-10.0,-0.037560679,-4.0,0.010504497,1.0
