,u,v,w,x,x bin,y,y bin,z,z bin
0,9.82867336,-0.24246764199999998,0.9327873590000001,-0.097575262,-10.0,-0.030729875,-4.0,0.113349147,11.0
1,9.86059761,-0.236153424,0.910497904,-0.097316146,-10.0,-0.031940289,-4.0,0.115974404,11.0
2,9.83970165,-0.26077354,0.9223501679999999,-0.097498149,-10.0,-0.033308901,-4.0,0.112883516,11.0
3,9.86409569,-0.251866609,0.903540492,-0.097294062,-10.0,-0.033859652000000004,-4.0,0.115177758,11.0
4,9.84071732,-0.280223966,0.91903156,-0.097500801,-10.0,-0.035419438,-4.0,0.111650065,11.0
5,9.87096786,-0.272242725,0.8868178729999999,-0.097237349,-10.0,-0.036631763,-4.0,0.114343986,11.0
76799,9.85262203,-0.3051081,0.9028190970000001,-0.097413689,-10.0,-0.03884723,-4.0,0.11083119400000001,11.0
