,u,v,w,x,x bin,y,y bin,z,z bin
0,10.1356859,-0.34382087,-0.382501274,-0.09069854,-10.0,-0.116361439,-12.0,-0.107257441,-11.0
148817,10.137197500000001,-0.336740583,-0.37332159299999995,-0.090474919,-10.0,-0.11793217800000001,-12.0,-0.107551761,-11.0
