,u,v,w,x,x bin,y,y bin,z,z bin
0,10.089637800000002,0.340153486,-0.431355149,-0.098303869,-10.0,0.09338867699999999,9.0,-0.127133057,-13.0
1,10.0673523,0.361447543,-0.457186997,-0.098502815,-10.0,0.090839163,9.0,-0.122652143,-13.0
2,10.1065159,0.324740827,-0.42823433899999996,-0.09684354099999999,-10.0,0.091605298,9.0,-0.129323512,-13.0
3,10.0889635,0.33580374700000004,-0.435076118,-0.098310262,-10.0,0.091706939,9.0,-0.127196744,-13.0
96627,10.0780554,0.34765863399999997,-0.446743965,-0.09840764099999999,-10.0,0.090953492,9.0,-0.12493845099999999,-13.0
