,u,v,w,x,x bin,y,y bin,z,z bin
80276,10.0861921,-0.20862378199999998,0.506072283,-0.096711725,-10.0,-0.060253032000000005,-7.0,0.140278131,14.0
