,Unnamed: 0,Unnamed: 0.1,u,v,w,x,x bin,y,y bin,z,z bin
0,3,3,9.14511204,-0.128812864,-1.61230934,0,-10.0,-0.007137899000000001,-1.0,-0.080683321,-9.0
1,0,0,9.18040466,0.007872111999999999,-1.65559459,0,-10.0,-0.001921327,-1.0,-0.080988765,-9.0
2,2,2,9.21697998,-0.085596465,-1.61143744,0,-10.0,-0.005979924,-1.0,-0.082289502,-9.0
3,5,108967,9.15027618,-0.20738785,-1.78837943,0,-10.0,-0.009538864000000001,-1.0,-0.080284625,-9.0
4,1,1,9.19095993,-0.054456856,-1.77892649,0,-10.0,-0.003989192,-1.0,-0.080778264,-9.0
5,4,4,9.22967148,-0.12931060800000002,-1.76792073,0,-10.0,-0.007231254,-1.0,-0.081903487,-9.0
