,Unnamed: 0,Unnamed: 0.1,u,v,w,x,x bin,y,y bin,z,z bin
0,0,101385,10.0919657,0.36221790299999995,-0.522802949,0,-10.0,0.07904884200000001,7.0,-0.120543659,-13.0
