,Unnamed: 0,Unnamed: 0.1,u,v,w,x,x bin,y,y bin,z,z bin
0,2,2,6.22733831,-0.241189748,-1.32168674,0,-10.0,-0.0062965090000000005,-1.0,-0.024316172999999996,-3.0
1,0,0,6.17866611,-0.021482647,-1.42755938,0,-10.0,-0.002817837,-1.0,-0.025764506,-3.0
2,3,3,6.01020813,-0.419020176,-1.32108057,0,-10.0,-0.008517149,-1.0,-0.022518864,-3.0
3,4,77212,6.03982401,-0.460463613,-1.61395168,0,-10.0,-0.00898701,-1.0,-0.027124949,-3.0
4,1,1,5.62130451,-0.267531782,-1.43299294,0,-10.0,-0.005535363000000001,-1.0,-0.021439733,-3.0
