,Unnamed: 0,Unnamed: 0.1,u,v,w,x,x bin,y,y bin,z,z bin
0,5,2911,10.1025791,0.5169548389999999,0.20787268899999997,0,-10.0,0.144785956,14.0,0.06074024400000001,6.0
1,3,3,10.1051407,0.50674367,0.21038250600000002,0,-10.0,0.145103633,14.0,0.063555948,6.0
2,4,4,10.1061583,0.501606047,0.204725906,0,-10.0,0.14701840300000002,14.0,0.062288914,6.0
3,1,1,10.108074199999999,0.49107202899999997,0.20909905399999998,0,-10.0,0.145387009,14.0,0.066336334,6.0
4,0,0,10.1110306,0.474859834,0.206375346,0,-10.0,0.146159843,14.0,0.06862829599999999,6.0
5,2,2,10.1046867,0.518549621,0.235089853,0,-10.0,0.140144825,14.0,0.066441633,6.0
