,Unnamed: 0,Unnamed: 0.1,u,v,w,x,x bin,y,y bin,z,z bin
0,0,66380,10.086274099999999,-0.145495459,0.535293102,0,-10.0,-0.040275282999999995,-5.0,0.147009566,14.0
