,Unnamed: 0,Unnamed: 0.1,u,v,w,x,x bin,y,y bin,z,z bin
0,2,2,9.3969965,-0.973055482,-1.08994699,0,-10.0,-0.061364718,-7.0,-0.06504104299999999,-7.0
1,1,1,9.41455746,-0.947829068,-1.10470223,0,-10.0,-0.060292773,-7.0,-0.066871293,-7.0
2,5,136309,9.45863533,-1.07664835,-0.985630393,0,-10.0,-0.068618603,-7.0,-0.060086905999999995,-7.0
3,0,0,9.47968483,-0.937867522,-1.09741676,0,-10.0,-0.061509807,-7.0,-0.068169124,-7.0
4,4,4,9.49662018,-0.974118173,-1.08906603,0,-10.0,-0.062931083,-7.0,-0.067006551,-7.0
5,3,3,9.48809624,-1.07646739,-1.12187409,0,-10.0,-0.06396044099999999,-7.0,-0.064244889,-7.0
