,Unnamed: 0,Unnamed: 0.1,u,v,w,x,x bin,y,y bin,z,z bin
0,1,95728,9.62175941,-0.90799427,0.72123158,0,-10.0,-0.083573356,-9.0,0.059374288,5.0
1,0,0,9.64884758,-1.03161883,0.730868042,0,-10.0,-0.084419414,-9.0,0.055830348,5.0
