,Unnamed: 0,Unnamed: 0.1,u,v,w,x,x bin,y,y bin,z,z bin
0,3,3,9.22419739,-1.64018536,0.23653221100000002,0,-10.0,-0.081390694,-9.0,0.011251107,1.0
1,4,4,9.30091286,-1.55696213,0.235684633,0,-10.0,-0.084696896,-9.0,0.013240249,1.0
2,6,6,9.34860802,-1.55353355,0.191107005,0,-10.0,-0.08714838300000001,-9.0,0.011741771000000002,1.0
3,2,2,9.27156162,-1.62984729,0.313711405,0,-10.0,-0.082114086,-9.0,0.015534378,1.0
4,5,5,9.33993149,-1.62350571,0.180427045,0,-10.0,-0.086550646,-9.0,0.01018035,1.0
5,0,0,9.25823784,-1.71259689,0.378913611,0,-10.0,-0.080393694,-9.0,0.017535003,1.0
6,7,95487,9.39080906,-1.60374618,0.215165854,0,-10.0,-0.08848319199999999,-9.0,0.013252585,1.0
7,1,1,9.29307365,-1.6722970000000001,0.39827036899999996,0,-10.0,-0.081708483,-9.0,0.019358978,1.0
