,Unnamed: 0,Unnamed: 0.1,u,v,w,x,x bin,y,y bin,z,z bin
0,3,125712,9.84392262,-0.9752635959999999,-0.10655254900000001,0,-10.0,-0.115561485,-12.0,-0.009919312,-1.0
1,0,0,9.79598045,-1.07111776,-0.109142929,0,-10.0,-0.11139001,-12.0,-0.008490228,-1.0
2,2,2,9.86248016,-1.00978971,-0.075095996,0,-10.0,-0.116263539,-12.0,-0.004322012,-1.0
3,1,1,9.87635231,-1.02910686,-0.06415496799999999,0,-10.0,-0.116650209,-12.0,-0.002297516,-1.0
