,Unnamed: 0,Unnamed: 0.1,u,v,w,x,x bin,y,y bin,z,z bin
0,4,73028,7.14079618,0.670409501,-1.65307558,0,-10.0,0.014516443,1.0,-0.038485035,-4.0
1,3,3,6.53168201,0.7300007940000001,-1.81086254,0,-10.0,0.013966802,1.0,-0.035816561000000004,-4.0
2,2,2,6.51450062,0.802713633,-1.87588108,0,-10.0,0.015997373999999998,1.0,-0.036520857000000004,-4.0
3,0,0,6.55363083,1.12522757,-1.77000964,0,-10.0,0.019980233,1.0,-0.033992402000000005,-4.0
4,1,1,6.28155708,0.994379878,-1.79724789,0,-10.0,0.017071294,1.0,-0.032597392999999995,-4.0
