,Unnamed: 0,Unnamed: 0.1,u,v,w,x,x bin,y,y bin,z,z bin
0,5,34289,9.4271183,1.53625226,-0.126867235,0,-10.0,0.09023728199999999,9.0,-0.007697423,-1.0
1,4,4,9.41514874,1.58926535,-0.031475086,0,-10.0,0.090399727,9.0,-0.0011409839999999998,-1.0
2,3,3,9.48254299,1.55591166,-0.14894944400000001,0,-10.0,0.093417242,9.0,-0.009393114000000001,-1.0
3,2,2,9.45576,1.58526289,-0.08182160599999999,0,-10.0,0.091988109,9.0,-0.004650067,-1.0
4,0,0,9.46325111,1.60033476,-0.042286273,0,-10.0,0.092814162,9.0,-0.002127764,-1.0
5,1,1,9.49520588,1.58408654,-0.116385788,0,-10.0,0.09462308900000001,9.0,-0.007222497,-1.0
