,Unnamed: 0,Unnamed: 0.1,u,v,w,x,x bin,y,y bin,z,z bin
0,1,1,6.46352291,1.62360644,-0.4165881870000001,0,-10.0,0.025591342000000003,2.0,-0.006708994,-1.0
1,0,0,6.52752447,1.78136301,-0.545592368,0,-10.0,0.028179791000000006,2.0,-0.008876367,-1.0
2,3,3,6.18991089,1.52962363,-0.441824794,0,-10.0,0.021946462000000003,2.0,-0.006962961,-1.0
3,4,54272,5.95589638,1.54296756,-0.260478258,0,-10.0,0.02159451,2.0,-0.0037644209999999996,-1.0
4,2,2,5.85783339,1.8660151999999999,-0.4351824520000001,0,-10.0,0.025848396000000003,2.0,-0.006547614,-1.0
