,Unnamed: 0,Unnamed: 0.1,u,v,w,x,x bin,y,y bin,z,z bin
0,5,5,9.2114048,-0.29872638,1.42722392,0,-10.0,-0.018235693,-2.0,0.081226163,8.0
1,3,3,9.40015984,-0.17067073300000002,1.32337868,0,-10.0,-0.01456532,-2.0,0.089559615,8.0
2,8,59312,9.39177513,-0.24895355100000002,1.37961698,0,-10.0,-0.018650074,-2.0,0.088712715,8.0
3,6,6,9.40277863,-0.21536412800000002,1.38328707,0,-10.0,-0.01652018,-2.0,0.08982896800000001,8.0
4,7,7,9.28883553,-0.308556557,1.56191492,0,-10.0,-0.018959232,-2.0,0.08391728300000001,8.0
5,1,1,9.22849655,-0.213001415,1.6585145,0,-10.0,-0.011187314,-2.0,0.082160123,8.0
6,4,4,9.28088093,-0.287648946,1.6533438000000005,0,-10.0,-0.016599497,-2.0,0.083861381,8.0
7,0,0,9.27724743,-0.181594416,1.64085031,0,-10.0,-0.010034051,-2.0,0.084165685,8.0
8,2,2,9.40008545,-0.155205548,1.52509689,0,-10.0,-0.010489107,-2.0,0.089566723,8.0
