,Unnamed: 0,Unnamed: 0.1,u,v,w,x,x bin,y,y bin,z,z bin
0,0,93644,10.025152199999999,-0.434192955,0.6713637109999999,0,-10.0,-0.07277750200000001,-8.0,0.110573381,11.0
