,Unnamed: 0,Unnamed: 0.1,u,v,w,x,x bin,y,y bin,z,z bin
0,0,0,10.064901400000002,0.406261683,-0.4928633570000001,0,-10.0,0.09103565699999999,9.0,-0.114512995,-12.0
1,2,91854,10.0763311,0.393977374,-0.48682078700000003,0,-10.0,0.090254217,9.0,-0.117249243,-12.0
2,1,1,10.077486,0.391179502,-0.478169203,0,-10.0,0.091985039,9.0,-0.117048427,-12.0
