,Unnamed: 0,Unnamed: 0.1,u,v,w,x,x bin,y,y bin,z,z bin
0,2,2,10.0644236,-0.34358617700000005,-0.518143237,0,-10.0,-0.087594681,-9.0,-0.114944153,-12.0
1,0,0,10.0631313,-0.337477326,-0.532497466,0,-10.0,-0.08407408,-9.0,-0.1181297,-12.0
2,1,1,10.0670557,-0.334944457,-0.519213557,0,-10.0,-0.085771985,-9.0,-0.1180012,-12.0
3,3,3,10.0715981,-0.331401706,-0.50472492,0,-10.0,-0.087475166,-9.0,-0.118129745,-12.0
4,4,4,10.0735235,-0.332463801,-0.494900823,0,-10.0,-0.08929034300000001,-9.0,-0.117023788,-12.0
5,5,149857,10.0795116,-0.323206842,-0.482384831,0,-10.0,-0.08958064,-9.0,-0.119269051,-12.0
