,Unnamed: 0,Unnamed: 0.1,u,v,w,x,x bin,y,y bin,z,z bin
0,0,0,10.0460234,0.57099849,0.266922712,0,-10.0,0.12912248099999998,12.0,0.06193487,6.0
1,2,4282,10.0199289,0.621575475,0.286899209,0,-10.0,0.124539211,12.0,0.060270742,6.0
2,1,1,10.0543251,0.645145059,0.31428384800000003,0,-10.0,0.126745343,12.0,0.060753673,6.0
