,Unnamed: 0,Unnamed: 0.1,u,v,w,x,x bin,y,y bin,z,z bin
0,3,98123,9.641948699999999,-1.05000007,0.606452227,0,-10.0,-0.089275047,-9.0,0.049024686,4.0
1,2,2,9.6075573,-1.18343091,0.63920939,0,-10.0,-0.087500013,-9.0,0.045903169,4.0
2,1,1,9.5557909,-1.25653267,0.614838898,0,-10.0,-0.08739714300000001,-9.0,0.041782755,4.0
3,0,0,9.48453522,-1.34281421,0.7364943620000001,0,-10.0,-0.08038868,-9.0,0.043174617,4.0
