,Unnamed: 0,Unnamed: 0.1,u,v,w,x,x bin,y,y bin,z,z bin
0,1,1,9.64860153,-0.7706987259999999,-0.964112401,0,-10.0,-0.06239764,-7.0,-0.07663605400000001,-8.0
1,0,0,9.53995705,-0.922808647,-1.10190821,0,-10.0,-0.061801493,-7.0,-0.070135392,-8.0
2,2,137510,9.78610802,-0.7455596329999999,-0.905873239,0,-10.0,-0.069348678,-7.0,-0.079596296,-8.0
