,Unnamed: 0,Unnamed: 0.1,u,v,w,x,x bin,y,y bin,z,z bin
0,2,11584,10.0210037,0.7045848370000001,-0.017656241,0,-10.0,0.134657145,13.0,0.000110343,0.0
1,1,1,10.0294113,0.6902700070000001,-0.014980538,0,-10.0,0.136286914,13.0,0.0005288,0.0
2,0,0,10.035430900000001,0.6757283209999999,-0.017189842,0,-10.0,0.137861475,13.0,2.3100000000000002e-05,0.0
