,Unnamed: 0,Unnamed: 0.1,u,v,w,x,x bin,y,y bin,z,z bin
0,0,1292,10.1249237,0.452601969,0.359853655,0,-10.0,0.12033750900000001,12.0,0.098075241,9.0
