,Unnamed: 0,Unnamed: 0.1,u,v,w,x,x bin,y,y bin,z,z bin
0,3,3,9.72876835,0.21212253,-1.25212681,0,-10.0,0.010070099,1.0,-0.101145111,-11.0
1,2,2,9.77077866,0.225541204,-1.22921586,0,-10.0,0.012352193,1.0,-0.102311358,-11.0
2,1,1,9.81658459,0.242579341,-1.22805953,0,-10.0,0.014500448999999999,1.0,-0.103533499,-11.0
3,0,0,9.84015465,0.263425946,-1.23294854,0,-10.0,0.016424226,1.0,-0.103858024,-11.0
4,5,122993,9.83222008,0.22072327100000005,-1.24444747,0,-10.0,0.012062818999999999,1.0,-0.105653174,-11.0
5,4,4,9.86367416,0.251216441,-1.20917058,0,-10.0,0.015998129,1.0,-0.106518038,-11.0
