,Unnamed: 0,Unnamed: 0.1,u,v,w,x,x bin,y,y bin,z,z bin
0,8,34051,9.35670948,0.031165408,1.33531177,0,-10.0,0.000249196,0.0,0.08787571599999999,8.0
1,4,4,9.217673300000001,0.086536869,1.41963243,0,-10.0,0.00165003,0.0,0.082369417,8.0
2,1,1,9.36088657,0.175691724,1.42735553,0,-10.0,0.009380676,0.0,0.086993665,8.0
3,7,7,9.39824677,0.067319982,1.35450244,0,-10.0,0.002543866,0.0,0.089197971,8.0
4,2,2,9.22954559,0.134352729,1.47163868,0,-10.0,0.0037614479999999997,0.0,0.081901267,8.0
5,6,6,9.42294788,0.09364885099999999,1.36347663,0,-10.0,0.004315259,0.0,0.089970775,8.0
6,0,0,9.35604477,0.16734769900000002,1.46248186,0,-10.0,0.008115625999999999,0.0,0.08671546,8.0
7,3,3,9.14849377,0.088316619,1.56392872,0,-10.0,0.001689244,0.0,0.08113686,8.0
8,5,5,9.37692642,0.101448871,1.43859029,0,-10.0,0.003585193,0.0,0.087908082,8.0
