,Unnamed: 0,Unnamed: 0.1,u,v,w,x,x bin,y,y bin,z,z bin
0,0,6567,9.87308025,0.685007215,0.85565871,0,-10.0,0.074495055,7.0,0.083809108,8.0
