,Unnamed: 0,Unnamed: 0.1,u,v,w,x,x bin,y,y bin,z,z bin
0,3,3,9.15732479,1.71701217,-0.297628194,0,-10.0,0.081317164,8.0,-0.014386585,-2.0
1,7,46569,9.11523533,1.76675344,-0.297595978,0,-10.0,0.080033414,8.0,-0.013547247,-2.0
2,4,4,9.11518669,1.76431847,-0.259744465,0,-10.0,0.08030778200000001,8.0,-0.011234294,-2.0
3,6,6,9.14535236,1.79125977,-0.354093671,0,-10.0,0.080331057,8.0,-0.016983283999999998,-2.0
4,2,2,9.21924877,1.76356077,-0.33735796799999995,0,-10.0,0.08248174900000001,8.0,-0.016769715,-2.0
5,5,5,9.17892933,1.79372323,-0.385547131,0,-10.0,0.080750465,8.0,-0.018750958,-2.0
6,1,1,9.27324677,1.77663088,-0.37265890799999996,0,-10.0,0.083306126,8.0,-0.018697983,-2.0
7,0,0,9.41495132,1.71243858,-0.197340041,0,-10.0,0.088836797,8.0,-0.010053556,-2.0
