,Unnamed: 0,Unnamed: 0.1,u,v,w,x,x bin,y,y bin,z,z bin
0,7,7,9.77118587,0.900820971,-0.454494238,0,-10.0,0.101265296,10.0,-0.048738331,-5.0
1,2,2,9.78977966,0.8784352540000001,-0.414336085,0,-10.0,0.10284156400000001,10.0,-0.04679998,-5.0
2,3,3,9.81177425,0.883918405,-0.443713784,0,-10.0,0.103067651,10.0,-0.049646556,-5.0
3,1,1,9.84829617,0.868702531,-0.426381528,0,-10.0,0.10486161,10.0,-0.049743339,-5.0
4,8,41063,9.77627659,1.01037812,-0.497413218,0,-10.0,0.10006831599999999,10.0,-0.046261653,-5.0
5,6,6,9.76414299,1.02000833,-0.442382574,0,-10.0,0.100432105,10.0,-0.040543336,-5.0
6,5,5,9.79678535,1.03158414,-0.465411603,0,-10.0,0.101213343,10.0,-0.042621099,-5.0
7,0,0,9.81545544,1.00232136,-0.41473653899999996,0,-10.0,0.102911301,10.0,-0.040230084,-5.0
8,4,4,9.8241787,1.04328001,-0.48559615,0,-10.0,0.101842575,10.0,-0.044325315,-5.0
