,Unnamed: 0,Unnamed: 0.1,u,v,w,x,x bin,y,y bin,z,z bin
0,1,1,10.0034199,-0.679463446,0.033539459,0,-10.0,-0.135755748,-14.0,0.007435432,0.0
1,2,2,10.0087976,-0.651783586,0.039772626,0,-10.0,-0.138286084,-14.0,0.008861161999999999,0.0
2,3,133894,10.0113258,-0.634629309,0.040915974,0,-10.0,-0.139836863,-14.0,0.009269604,0.0
3,0,0,10.0228338,-0.689854145,0.036734007,0,-10.0,-0.135898978,-14.0,0.008982313,0.0
