,Unnamed: 0,Unnamed: 0.1,u,v,w,x,x bin,y,y bin,z,z bin
0,0,13632,9.85402393,0.961045206,0.174102411,0,-10.0,0.11468218300000001,11.0,0.021281539,2.0
