,Unnamed: 0,Unnamed: 0.1,u,v,w,x,x bin,y,y bin,z,z bin
0,1,1,9.97738552,-0.02254492,-0.8666863440000001,0,-10.0,-0.009526954,-1.0,-0.122536898,-13.0
1,0,0,9.97925377,-0.01045804,-0.8623054029999999,0,-10.0,-0.007734986,-1.0,-0.123029001,-13.0
2,2,137234,9.98561287,-0.019247625,-0.849493623,0,-10.0,-0.008727506999999999,-1.0,-0.12417922199999999,-13.0
