,Unnamed: 0,Unnamed: 0.1,u,v,w,x,x bin,y,y bin,z,z bin
0,2,2,9.9022398,0.905587077,0.499075174,0,-10.0,0.1048024,10.0,0.055079822,5.0
1,4,4,9.9214077,0.8976374859999999,0.459992409,0,-10.0,0.10647776,10.0,0.052654646,5.0
2,5,10659,9.94167233,0.89170295,0.42337453399999997,0,-10.0,0.108017713,10.0,0.050328512,5.0
3,3,3,9.93248653,0.893539548,0.452456504,0,-10.0,0.10725151,10.0,0.052486628,5.0
4,1,1,9.922809599999999,0.896968365,0.48592034,0,-10.0,0.10630468300000001,10.0,0.054902606,5.0
5,0,0,9.92951107,0.856038988,0.509006619,0,-10.0,0.108802602,10.0,0.059776943,5.0
