,Unnamed: 0,Unnamed: 0.1,u,v,w,x,x bin,y,y bin,z,z bin
0,0,0,9.87636852,0.06586539799999999,-1.04905868,0,-10.0,-0.002291802,-1.0,-0.11336904,-12.0
1,2,131492,9.90285683,0.017534759,-1.00628233,0,-10.0,-0.007772477,-1.0,-0.11505947300000001,-12.0
2,1,1,9.93065166,0.05829985400000001,-1.01189375,0,-10.0,-0.001594804,-1.0,-0.11647556,-12.0
