,Unnamed: 0,Unnamed: 0.1,u,v,w,x,x bin,y,y bin,z,z bin
0,0,0,9.525214199999999,-1.16515183,0.43773666,0,-10.0,-0.09137365199999999,-10.0,0.034376547,3.0
1,1,1,9.55703831,-1.18475294,0.534119546,0,-10.0,-0.090599664,-10.0,0.039877154,3.0
2,2,98037,9.66606617,-1.17567301,0.4051227570000001,0,-10.0,-0.098443747,-10.0,0.033026703,3.0
