,Unnamed: 0,Unnamed: 0.1,u,v,w,x,x bin,y,y bin,z,z bin
0,0,0,8.90042591,0.45324438799999994,1.48976052,0,-10.0,0.01987963,1.0,0.067802168,6.0
1,4,4,8.86985397,0.334087133,1.53040457,0,-10.0,0.014289561000000001,1.0,0.069508269,6.0
2,5,5,8.71275806,0.374548435,1.70554841,0,-10.0,0.016392192,1.0,0.06549788299999999,6.0
3,1,1,8.83007622,0.452235758,1.66534817,0,-10.0,0.01973046,1.0,0.066698909,6.0
4,3,3,8.79568005,0.33573138700000005,1.71908462,0,-10.0,0.014252968,1.0,0.068304278,6.0
5,2,2,8.61485958,0.47291970299999997,1.92131734,0,-10.0,0.017733173,1.0,0.065004498,6.0
6,6,26628,8.32588005,0.38403362,2.12859678,0,-10.0,0.012141123,1.0,0.062318760999999986,6.0
