,Unnamed: 0,Unnamed: 0.1,u,v,w,x,x bin,y,y bin,z,z bin
0,1,4975,10.0963736,0.603752017,0.17430470899999995,0,-10.0,0.139505997,13.0,0.042047244000000004,4.0
1,0,0,10.0980444,0.601014555,0.187793508,0,-10.0,0.139219746,13.0,0.044920847,4.0
