,Unnamed: 0,Unnamed: 0.1,u,v,w,x,x bin,y,y bin,z,z bin
0,1,1,9.31719971,-0.404074401,-1.4729618999999998,0,-10.0,-0.021269515,-3.0,-0.083519414,-9.0
1,2,119595,9.51232433,-0.396227777,-1.3702637,0,-10.0,-0.022481728,-3.0,-0.08868122099999999,-9.0
2,0,0,9.23923874,-0.4537413420000001,-1.6825583,0,-10.0,-0.020968076000000002,-3.0,-0.082065396,-9.0
