,Unnamed: 0,Unnamed: 0.1,u,v,w,x,x bin,y,y bin,z,z bin
0,4,26981,9.63793564,1.25831664,-0.056239277000000004,0,-10.0,0.10406672199999999,10.0,-0.008380604,-1.0
1,3,3,9.68453407,1.25871086,-0.057961959,0,-10.0,0.106064066,10.0,-0.008520050999999999,-1.0
2,2,2,9.71226978,1.2060312,0.052602067999999995,0,-10.0,0.105972774,10.0,-0.001317617,-1.0
3,1,1,9.76744175,1.24188995,-0.02561827,0,-10.0,0.107238173,10.0,-0.005897183,-1.0
4,0,0,9.80042267,1.22057223,-0.053061175999999995,0,-10.0,0.108776629,10.0,-0.007963261999999999,-1.0
