,Unnamed: 0,Unnamed: 0.1,u,v,w,x,x bin,y,y bin,z,z bin
0,1,1,9.65441895,1.17835987,0.107382521,0,-10.0,0.106506482,10.0,0.005690528,0.0
1,0,0,9.6951704,1.18676269,0.12183579800000001,0,-10.0,0.10748381900000001,10.0,0.009236808,0.0
2,2,22487,9.74987125,1.2070538999999998,0.07404954,0,-10.0,0.107376628,10.0,0.003491872,0.0
