,Unnamed: 0,Unnamed: 0.1,u,v,w,x,x bin,y,y bin,z,z bin
0,1,60407,9.91772747,-0.130121261,0.805928588,0,-10.0,-0.023315346,-3.0,0.126967773,12.0
1,0,0,9.93083763,-0.118080296,0.787634552,0,-10.0,-0.021954419,-3.0,0.12840072800000002,12.0
