,Unnamed: 0,Unnamed: 0.1,u,v,w,x,x bin,y,y bin,z,z bin
0,0,20290,10.0511398,0.648256123,-0.131409377,0,-10.0,0.137039065,13.0,-0.030804857999999997,-4.0
