,Unnamed: 0,Unnamed: 0.1,u,v,w,x,x bin,y,y bin,z,z bin
0,2,120936,10.1774607,0.188776284,-0.16934242800000002,0,-10.0,0.14985542,14.0,-0.143400833,-15.0
1,0,0,10.177864999999999,0.19524134699999998,-0.172551155,0,-10.0,0.14919242300000002,14.0,-0.140300855,-15.0
2,1,1,10.1781855,0.193545684,-0.173163414,0,-10.0,0.148405313,14.0,-0.141827464,-15.0
