,Unnamed: 0,Unnamed: 0.1,u,v,w,x,x bin,y,y bin,z,z bin
0,0,0,6.484757900000001,1.28946364,-0.58505547,0,-10.0,0.019182321,1.0,-0.012174574,-2.0
1,4,4,6.04681349,0.868917286,-0.662337601,0,-10.0,0.011205468,1.0,-0.014897819,-2.0
2,3,3,5.84804916,1.13054442,-0.8740337490000001,0,-10.0,0.014427198,1.0,-0.016081432,-2.0
3,1,1,5.70605278,1.24710047,-0.60348326,0,-10.0,0.014931439,1.0,-0.011234031,-2.0
4,5,65217,5.59467506,0.9829188590000001,-1.14752126,0,-10.0,0.012315884,1.0,-0.018549519,-2.0
5,2,2,5.44919062,1.12256503,-0.7887437340000001,0,-10.0,0.01292726,1.0,-0.012450228999999998,-2.0
