,Unnamed: 0,Unnamed: 0.1,u,v,w,x,x bin,y,y bin,z,z bin
0,6,5619,10.0916071,0.611986637,0.140211225,0,-10.0,0.14008306,14.0,0.034739107000000005,3.0
1,4,4,10.095436099999999,0.604294419,0.157556206,0,-10.0,0.14017669900000002,14.0,0.03857699,3.0
2,5,5,10.096605300000002,0.6000344160000001,0.145249009,0,-10.0,0.141184017,14.0,0.036186434,3.0
3,3,3,10.0974951,0.596104741,0.129350752,0,-10.0,0.142311871,14.0,0.03304448,3.0
4,2,2,10.101848599999999,0.586381137,0.140174344,0,-10.0,0.142913967,14.0,0.035607934,3.0
5,1,1,10.102457,0.587110341,0.160874784,0,-10.0,0.141930893,14.0,0.039849084,3.0
6,0,0,10.1061335,0.577346802,0.155560493,0,-10.0,0.143241495,14.0,0.039088056,3.0
