,Unnamed: 0,Unnamed: 0.1,u,v,w,x,x bin,y,y bin,z,z bin
0,3,96142,10.1502438,0.252044499,-0.233065188,0,-10.0,0.137353003,13.0,-0.119992629,-12.0
1,1,1,10.150327699999998,0.26732111,-0.23404111,0,-10.0,0.138767853,13.0,-0.116589375,-12.0
2,2,2,10.1519537,0.259021789,-0.228781998,0,-10.0,0.139656529,13.0,-0.117964923,-12.0
3,0,0,10.1438046,0.303388476,-0.268866688,0,-10.0,0.130872324,13.0,-0.112053156,-12.0
