,Unnamed: 0,Unnamed: 0.1,u,v,w,x,x bin,y,y bin,z,z bin
0,2,80057,9.60152245,-0.579197109,1.11059594,0,-10.0,-0.045271907,-5.0,0.089046203,8.0
1,0,0,9.566185,-0.681008935,1.29095113,0,-10.0,-0.042231452,-5.0,0.08501874699999999,8.0
2,1,1,9.55269909,-0.7305957670000001,1.33058262,0,-10.0,-0.04403076,-5.0,0.083512895,8.0
