,Unnamed: 0,Unnamed: 0.1,u,v,w,x,x bin,y,y bin,z,z bin
0,3,3,8.17429924,0.9422335620000001,-1.59668565,0,-10.0,0.031290393,3.0,-0.050675965999999996,-6.0
1,0,0,8.46710396,1.07893443,-1.38170218,0,-10.0,0.038930446,3.0,-0.052662682,-6.0
2,4,4,8.32731915,1.05166364,-1.50903702,0,-10.0,0.035799801,3.0,-0.052107189000000005,-6.0
3,7,82429,8.49309444,0.916312873,-1.60415769,0,-10.0,0.03401722,3.0,-0.058721151,-6.0
4,2,2,8.12722969,1.04310608,-1.84278524,0,-10.0,0.030403836,3.0,-0.05050702,-6.0
5,5,5,8.4251194,1.14340353,-1.70539963,0,-10.0,0.036647203999999996,3.0,-0.053347919,-6.0
6,6,6,8.51121998,1.03824973,-1.79688954,0,-10.0,0.034086078,3.0,-0.05692713,-6.0
7,1,1,8.285715099999999,1.17985535,-1.79823422,0,-10.0,0.035027348,3.0,-0.050457794,-6.0
