,Unnamed: 0,Unnamed: 0.1,u,v,w,x,x bin,y,y bin,z,z bin
0,0,123939,9.70306396,-1.05623758,-0.36857447,0,-10.0,-0.097862214,-10.0,-0.032283202000000004,-4.0
