,Unnamed: 0,Unnamed: 0.1,u,v,w,x,x bin,y,y bin,z,z bin
0,2,137690,9.9080801,-0.807030976,-0.574860454,0,-10.0,-0.095839337,-10.0,-0.067664117,-7.0
1,1,1,9.81221771,-1.00616419,-0.6795924309999999,0,-10.0,-0.09071859,-10.0,-0.060338289,-7.0
2,0,0,9.87068176,-1.03256512,-0.666701972,0,-10.0,-0.093400434,-10.0,-0.060237899000000004,-7.0
