,Unnamed: 0,Unnamed: 0.1,u,v,w,x,x bin,y,y bin,z,z bin
0,0,138164,10.118673300000001,-0.422763437,0.30563885,0,-10.0,-0.127011538,-13.0,0.088830076,8.0
