,Unnamed: 0,Unnamed: 0.1,u,v,w,x,x bin,y,y bin,z,z bin
0,7,79181,7.23808384,0.21474719,-1.55703306,0,-10.0,0.003093102,0.0,-0.038433701,-4.0
1,6,6,7.03388548,0.316744775,-1.57288361,0,-10.0,0.004825831,0.0,-0.036900837,-4.0
2,0,0,6.57559252,0.549087584,-1.47802401,0,-10.0,0.009204123,0.0,-0.030962605,-4.0
3,1,1,6.82897282,0.511344075,-1.5324266000000002,0,-10.0,0.008761866,0.0,-0.034366443999999996,-4.0
4,3,3,7.03449249,0.431165874,-1.57930827,0,-10.0,0.007264805999999999,0.0,-0.03716423,-4.0
5,4,4,6.60270309,0.37598592,-1.69140673,0,-10.0,0.0051326240000000006,0.0,-0.034933575,-4.0
6,2,2,6.16856813,0.387304962,-1.67184639,0,-10.0,0.00493848,0.0,-0.030171474,-4.0
7,5,5,6.23092222,0.234835535,-1.79992557,0,-10.0,0.001588531,0.0,-0.032909956000000004,-4.0
