,Unnamed: 0,Unnamed: 0.1,u,v,w,x,x bin,y,y bin,z,z bin
0,1,1110,10.1329975,0.435783386,0.34752962,0,-10.0,0.12219452900000001,12.0,0.10006237800000001,10.0
1,0,0,10.1364422,0.415851623,0.329243958,0,-10.0,0.125180289,12.0,0.101115413,10.0
