,Unnamed: 0,Unnamed: 0.1,u,v,w,x,x bin,y,y bin,z,z bin
0,0,76177,10.0824099,-0.197949737,0.529154599,0,-10.0,-0.055337146,-6.0,0.14006634099999998,14.0
