,Unnamed: 0,Unnamed: 0.1,u,v,w,x,x bin,y,y bin,z,z bin
0,2,2,9.49075508,1.32727051,-0.203469679,0,-10.0,0.092854001,9.0,-0.015211358,-2.0
1,4,4,9.48605156,1.37579036,-0.249285936,0,-10.0,0.092424251,9.0,-0.017496803999999998,-2.0
2,5,36534,9.49104977,1.46609116,-0.295459986,0,-10.0,0.092844114,9.0,-0.019477399,-2.0
3,3,3,9.4508934,1.57836223,-0.17434597,0,-10.0,0.09107057800000001,9.0,-0.010395753,-2.0
4,1,1,9.48198128,1.5567956,-0.215231061,0,-10.0,0.09299199300000001,9.0,-0.01348032,-2.0
5,0,0,9.48744678,1.56838357,-0.180297732,0,-10.0,0.093632609,9.0,-0.011257148,-2.0
