,Unnamed: 0,Unnamed: 0.1,u,v,w,x,x bin,y,y bin,z,z bin
0,3,82905,9.96376991,0.48432385899999997,-0.566913247,0,-10.0,0.08549992699999999,8.0,-0.09874244,-10.0
1,0,0,9.96877861,0.488836378,-0.5576320889999999,0,-10.0,0.08834884300000001,8.0,-0.097470269,-10.0
2,2,2,9.97314548,0.480623871,-0.555433154,0,-10.0,0.087586485,8.0,-0.099887043,-10.0
3,1,1,9.97945213,0.475788325,-0.544248521,0,-10.0,0.089378931,8.0,-0.09969376,-10.0
