,Unnamed: 0,Unnamed: 0.1,u,v,w,x,x bin,y,y bin,z,z bin
0,4,4,7.00676298,1.9324162,-0.25286957600000004,0,-10.0,0.041341387,4.0,-0.005793343,-1.0
1,0,0,7.29603481,2.09798288,-0.043696515,0,-10.0,0.049586289000000006,4.0,-0.000103792,-1.0
2,3,3,7.2369504000000004,2.09785914,-0.107455164,0,-10.0,0.048737273,4.0,-0.002197871,-1.0
3,2,2,6.61468887,2.26729846,-0.071004763,0,-10.0,0.042176258,4.0,-0.00020545,-1.0
4,5,51925,6.82599211,2.21218348,-0.387488008,0,-10.0,0.043625262000000005,4.0,-0.009716529,-1.0
5,1,1,7.02923393,2.50265002,-0.058923051,0,-10.0,0.04846734900000002,4.0,-0.0005387430000000001,-1.0
