,Unnamed: 0,Unnamed: 0.1,u,v,w,x,x bin,y,y bin,z,z bin
0,4,145521,9.94830704,-0.480911046,-0.665070295,0,-10.0,-0.07519149,-8.0,-0.098333731,-10.0
1,2,2,9.93107796,-0.518553138,-0.67363143,0,-10.0,-0.076412946,-8.0,-0.09373174599999999,-10.0
2,1,1,9.96368694,-0.55998975,-0.734633207,0,-10.0,-0.07460437,-8.0,-0.092166752,-10.0
3,0,0,9.97226143,-0.5840834979999999,-0.7419506309999999,0,-10.0,-0.076072425,-8.0,-0.09048772599999999,-10.0
4,3,3,10.0315399,-0.521929026,-0.681006432,0,-10.0,-0.07830756900000001,-8.0,-0.097004943,-10.0
