,Unnamed: 0,Unnamed: 0.1,u,v,w,x,x bin,y,y bin,z,z bin
0,1,1,10.1602049,0.245758638,-0.334676743,0,-10.0,0.100550689,10.0,-0.145755827,-15.0
1,3,108664,10.160857199999999,0.232184008,-0.317592204,0,-10.0,0.10035595300000001,10.0,-0.148982331,-15.0
2,2,2,10.1613607,0.230507582,-0.312960535,0,-10.0,0.101823747,10.0,-0.149518594,-15.0
3,0,0,10.1649084,0.260702103,-0.349967748,0,-10.0,0.100055054,10.0,-0.140442565,-15.0
