,Unnamed: 0,Unnamed: 0.1,u,v,w,x,x bin,y,y bin,z,z bin
0,5,1878,10.0815802,0.49404573399999996,0.400960386,0,-10.0,0.11113171300000001,11.0,0.096399471,9.0
1,3,3,10.0859909,0.481052309,0.402538985,0,-10.0,0.11029329199999999,11.0,0.098781109,9.0
2,4,4,10.0910959,0.486220151,0.39124018,0,-10.0,0.113546237,11.0,0.096086949,9.0
3,2,2,10.0974073,0.478004843,0.386178404,0,-10.0,0.114292994,11.0,0.097407386,9.0
4,1,1,10.0975599,0.47292557399999996,0.388391405,0,-10.0,0.112901658,11.0,0.09993761,9.0
5,0,0,10.1118355,0.4628955420000001,0.373097271,0,-10.0,0.116985969,11.0,0.098628923,9.0
