,Unnamed: 0,Unnamed: 0.1,u,v,w,x,x bin,y,y bin,z,z bin
0,0,145686,10.074013699999998,-0.482343376,-0.5078846220000001,0,-10.0,-0.10098306800000001,-11.0,-0.094302729,-10.0
