,Unnamed: 0,Unnamed: 0.1,u,v,w,x,x bin,y,y bin,z,z bin
0,0,0,6.56838894,0.638912618,1.27636838,0,-10.0,0.012189784,1.0,0.028587982,2.0
1,3,3,6.32056475,0.584169984,1.46670675,0,-10.0,0.010398595,1.0,0.02819049,2.0
2,2,2,6.37393856,0.892524123,1.46711707,0,-10.0,0.015044856,1.0,0.027679913,2.0
3,5,5,6.24135542,0.761211097,1.40974259,0,-10.0,0.012378722,1.0,0.02684884,2.0
4,7,41672,6.06819916,1.01051068,1.33653879,0,-10.0,0.016698243,1.0,0.021667445,2.0
5,1,1,6.29512739,0.780322671,1.63317204,0,-10.0,0.012631508,1.0,0.029493867000000007,2.0
6,6,6,6.05311728,0.86112076,1.6761601000000002,0,-10.0,0.012759281,1.0,0.027572783,2.0
7,4,4,6.03451967,0.72810185,1.88211346,0,-10.0,0.010869984,1.0,0.029393286,2.0
