,Unnamed: 0,Unnamed: 0.1,u,v,w,x,x bin,y,y bin,z,z bin
0,0,0,10.0567961,-0.1543971,-0.70833683,0,-10.0,-0.036282133,-4.0,-0.13005431,-14.0
1,2,2,10.0635672,-0.165219814,-0.701961458,0,-10.0,-0.038891885,-4.0,-0.13005136,-14.0
2,1,1,10.0718279,-0.15461108099999998,-0.689678907,0,-10.0,-0.037704341,-4.0,-0.131683618,-14.0
3,3,3,10.080273599999998,-0.146605879,-0.675947368,0,-10.0,-0.036430698,-4.0,-0.133277044,-14.0
4,4,4,10.0807571,-0.15810968,-0.680083036,0,-10.0,-0.039399549,-4.0,-0.132360175,-14.0
5,5,5,10.089187599999999,-0.149946764,-0.666245997,0,-10.0,-0.038088534,-4.0,-0.133969456,-14.0
6,6,6,10.110057800000002,-0.14455767,-0.63817811,0,-10.0,-0.038605008,-4.0,-0.136698157,-14.0
7,7,148090,10.1302214,-0.142158359,-0.61219579,0,-10.0,-0.039819229,-4.0,-0.13909929999999998,-14.0
