,Unnamed: 0,Unnamed: 0.1,u,v,w,x,x bin,y,y bin,z,z bin
0,2,2,8.73067474,-1.1554004,1.2844336,0,-10.0,-0.04557671,-5.0,0.05111368,5.0
1,5,5,8.78636265,-1.15915775,1.31923735,0,-10.0,-0.046258166,-5.0,0.05254405,5.0
2,3,3,8.78932953,-1.15398598,1.41462159,0,-10.0,-0.043533280999999986,-5.0,0.05410206,5.0
3,1,1,8.75844288,-1.16545475,1.4536593,0,-10.0,-0.041943882,-5.0,0.054036487,5.0
4,4,4,8.84864044,-1.10581243,1.502985,0,-10.0,-0.041375686,-5.0,0.05705807,5.0
5,6,61215,8.92817116,-1.06277514,1.55009031,0,-10.0,-0.041003708,-5.0,0.059642397,5.0
6,0,0,8.59352684,-1.28305578,1.61631131,0,-10.0,-0.042068429000000004,-5.0,0.052443285,5.0
