,Unnamed: 0,Unnamed: 0.1,u,v,w,x,x bin,y,y bin,z,z bin
0,1,1,9.55438614,-1.15713382,-0.5970530510000001,0,-10.0,-0.08546748,-9.0,-0.041243151,-5.0
1,2,2,9.51531601,-1.25707948,-0.681140304,0,-10.0,-0.083509557,-9.0,-0.042210205999999986,-5.0
2,3,127332,9.71273994,-1.14920795,-0.655695736,0,-10.0,-0.08846586199999999,-9.0,-0.047866568,-5.0
3,0,0,9.5359745,-1.28284907,-0.6396983860000001,0,-10.0,-0.084853493,-9.0,-0.040211879,-5.0
