,Unnamed: 0,Unnamed: 0.1,u,v,w,x,x bin,y,y bin,z,z bin
0,2,1696,10.1173916,0.43934035299999996,0.19864574100000001,0,-10.0,0.14840415099999998,14.0,0.072980672,7.0
1,1,1,10.1204538,0.424084067,0.202393219,0,-10.0,0.148383409,14.0,0.075715087,7.0
2,0,0,10.1244106,0.403152138,0.20361354899999998,0,-10.0,0.14889006300000002,14.0,0.078990474,7.0
