,Unnamed: 0,Unnamed: 0.1,u,v,w,x,x bin,y,y bin,z,z bin
0,0,74239,8.71797848,1.27691555,-1.3760972,0,-10.0,0.045329775999999995,4.0,-0.05487565,-6.0
