,Unnamed: 0,Unnamed: 0.1,u,v,w,x,x bin,y,y bin,z,z bin
0,2,72875,7.52281189,1.33418941,-1.58354938,0,-10.0,0.029846614,2.0,-0.038669657,-4.0
1,1,1,7.13546467,1.45155573,-1.9041301,0,-10.0,0.025961196,2.0,-0.038449813,-4.0
2,0,0,6.64529371,1.52816963,-1.70483732,0,-10.0,0.024589976,2.0,-0.031724554,-4.0
