,Unnamed: 0,Unnamed: 0.1,u,v,w,x,x bin,y,y bin,z,z bin
0,8,152378,10.1730356,-0.149777472,-0.188010693,0,-10.0,-0.146533161,-15.0,-0.149858192,-15.0
1,7,7,10.1734715,-0.152850136,-0.191771135,0,-10.0,-0.14534615,-15.0,-0.14892374,-15.0
2,6,6,10.173646000000002,-0.153334454,-0.193524957,0,-10.0,-0.14440386,-15.0,-0.149106517,-15.0
3,5,5,10.1740646,-0.156590834,-0.197028995,0,-10.0,-0.143458888,-15.0,-0.147979394,-15.0
4,2,2,10.1745243,-0.15715348699999998,-0.20200650399999998,0,-10.0,-0.140453339,-15.0,-0.149027467,-15.0
5,3,3,10.1744537,-0.157458812,-0.201090649,0,-10.0,-0.141173765,-15.0,-0.148568049,-15.0
6,4,4,10.1742363,-0.156535402,-0.198966593,0,-10.0,-0.14217636,-15.0,-0.148566335,-15.0
7,0,0,10.174942999999999,-0.161855459,-0.205051437,0,-10.0,-0.140399709,-15.0,-0.146827251,-15.0
8,1,1,10.1748028,-0.161563724,-0.203561619,0,-10.0,-0.141248658,-15.0,-0.146593958,-15.0
