,Unnamed: 0,Unnamed: 0.1,u,v,w,x,x bin,y,y bin,z,z bin
0,1,1,8.31161785,1.25486124,1.30717468,0,-10.0,0.038723942,3.0,0.042876195,4.0
1,3,3,8.06019974,1.07448733,1.52085161,0,-10.0,0.031084031,3.0,0.044362832000000005,4.0
2,0,0,8.5279417,1.16407704,1.34632707,0,-10.0,0.039911639,3.0,0.049013052,4.0
3,6,26283,7.81433344,1.15023828,1.66186893,0,-10.0,0.030122809,3.0,0.040878992999999995,4.0
4,2,2,8.20033741,1.31084263,1.66524255,0,-10.0,0.037404873,3.0,0.045242243,4.0
5,4,4,7.92529631,1.1998539,1.91950488,0,-10.0,0.031798907,3.0,0.045444480999999995,4.0
6,5,5,7.98369646,1.33962464,1.85117519,0,-10.0,0.035691403,3.0,0.043630678,4.0
