,Unnamed: 0,Unnamed: 0.1,u,v,w,x,x bin,y,y bin,z,z bin
0,4,4,9.92232513,0.311041713,-0.88809669,0,-10.0,0.031147298,3.0,-0.111950748,-12.0
1,0,0,9.92808437,0.338368088,-0.896711826,0,-10.0,0.033525817,3.0,-0.110691182,-12.0
2,2,2,10.0029392,0.365551502,-0.874912679,0,-10.0,0.037517183,3.0,-0.116101108,-12.0
3,1,1,10.006105400000001,0.37073814899999996,-0.8700068000000001,0,-10.0,0.038632006,3.0,-0.11625798,-12.0
4,3,3,10.0092745,0.375779569,-0.8648934359999999,0,-10.0,0.039743286,3.0,-0.116431497,-12.0
5,5,128028,10.0134678,0.354583055,-0.847960532,0,-10.0,0.038962446,3.0,-0.118436895,-12.0
