,Unnamed: 0,Unnamed: 0.1,u,v,w,x,x bin,y,y bin,z,z bin
0,1,1,9.52966022,-1.15896773,0.323762804,0,-10.0,-0.09364704,-10.0,0.027438948,2.0
1,3,3,9.54396248,-1.18481445,0.324406952,0,-10.0,-0.094395131,-10.0,0.026524784,2.0
2,6,102833,9.59710503,-1.1541791000000001,0.227882788,0,-10.0,-0.09967719800000001,-10.0,0.020783417,2.0
3,4,4,9.62590218,-1.15336502,0.28812187899999997,0,-10.0,-0.098947853,-10.0,0.025938122,2.0
4,0,0,9.49155712,-1.28373253,0.348665059,0,-10.0,-0.09190461800000001,-10.0,0.023880705,2.0
5,5,5,9.49283123,-1.44565678,0.285715848,0,-10.0,-0.092530318,-10.0,0.020092329,2.0
6,2,2,9.58190536,-1.29558074,0.44604060100000004,0,-10.0,-0.09434919800000001,-10.0,0.029957021,2.0
