,Unnamed: 0,Unnamed: 0.1,u,v,w,x,x bin,y,y bin,z,z bin
0,0,0,10.1530228,0.247656256,-0.225790411,0,-10.0,0.139367536,13.0,-0.120418295,-13.0
1,1,100982,10.157141699999999,0.240918264,-0.222112983,0,-10.0,0.139679998,13.0,-0.122657016,-13.0
