,u,v,w,x,x bin,y,y bin,z,z bin
0,9.44747543,-1.17504609,0.045221321,-0.103437349,-11.0,-0.095218785,-10.0,0.005690421,0.0
1,9.43281937,-1.17998409,0.060796200999999994,-0.10363874599999999,-11.0,-0.09462829699999999,-10.0,0.007479036999999998,0.0
2,9.51766586,-1.18358088,0.012591213,-0.100787461,-11.0,-0.097721167,-10.0,0.0028804290000000003,0.0
107667,9.53986835,-1.17763984,0.040493656,-0.100222111,-11.0,-0.099254243,-10.0,0.00706135,0.0
