,Unnamed: 0,u,v,w,x,x bin,y,y bin,z,z bin
0,0,9.44747543,-1.17504609,0.045221320999999995,-0.103437349,-11.0,-0.095218785,-10.0,0.005690421,0.0
1,1,9.43281937,-1.17998409,0.060796201,-0.103638746,-11.0,-0.094628297,-10.0,0.007479036999999998,0.0
2,2,9.51766586,-1.18358088,0.012591213,-0.100787461,-11.0,-0.097721167,-10.0,0.0028804290000000003,0.0
3,107667,9.53986835,-1.17763984,0.040493656,-0.100222111,-11.0,-0.099254243,-10.0,0.00706135,0.0
0,107585,9.39100552,-1.10335767,-0.046309382,-0.109107241,-11.0,-0.09210965,-10.0,-0.00515654,-1.0
