,Unnamed: 0,u,v,w,x,x bin,y,y bin,z,z bin
0,34768,9.98501205,0.00628843,0.617043197,-0.108842567,-11.0,-0.001130586,-1.0,0.14179182099999998,14.0
