,Unnamed: 0,u,v,w,x,x bin,y,y bin,z,z bin
0,0,9.76772499,0.073176071,1.00011253,-0.10203827900000001,-11.0,0.0067073869999999996,0.0,0.11001147300000001,11.0
1,35031,9.72087097,0.041975293,0.952011049,-0.107134938,-11.0,0.004698706,0.0,0.11011418,11.0
0,0,9.68527985,-0.012484917,0.936263442,-0.10901439199999999,-11.0,-0.000409897,-1.0,0.110097498,11.0
1,1,9.74352932,-0.032063492,0.944246531,-0.105109766,-11.0,-0.0031615420000000003,-1.0,0.112142481,11.0
2,2,9.80536652,-0.067152835,0.8620030879999999,-0.106309265,-11.0,-0.007944469000000001,-1.0,0.117438316,11.0
3,45387,9.79629612,-0.078544661,0.8692136999999999,-0.106380671,-11.0,-0.009239391,-1.0,0.11652907,11.0
