,u,v,w,x,x bin,y,y bin,z,z bin
0,9.68381977,-0.888271749,-0.00764573,-0.108967252,-11.0,-0.112107463,-12.0,0.000233849,0.0
1,9.73039913,-0.926576257,-0.009670869,-0.10569447300000001,-11.0,-0.113413304,-12.0,0.0017992370000000004,0.0
2,9.79663849,-0.971935689,-0.037135571,-0.101477437,-11.0,-0.11497955,-12.0,0.000190272,0.0
120438,9.81296825,-0.98999393,-0.026804932000000004,-0.100109085,-11.0,-0.11555550199999999,-12.0,0.00246913,0.0
