,Unnamed: 0,u,v,w,x,x bin,y,y bin,z,z bin
0,0,9.2994566,0.128313646,1.07566345,-0.111359596,-12.0,0.009155842,0.0,0.085146271,8.0
1,1,9.20513916,0.089463346,0.9596143359999999,-0.119975746,-12.0,0.004750194,0.0,0.080584243,8.0
2,32068,9.29279709,0.041651793,1.11887074,-0.111819722,-12.0,0.00111135,0.0,0.084488638,8.0
0,0,9.38166904,0.016090011,0.9867260459999999,-0.11822642400000001,-12.0,-0.000240183,-1.0,0.08794833,8.0
1,1,9.38124657,-0.015394676,1.02707446,-0.116324693,-12.0,-0.003097047,-1.0,0.089050524,8.0
2,2,9.29659367,-0.063197084,1.0294894,-0.11846192900000001,-12.0,-0.00628983,-1.0,0.083723836,8.0
3,3,9.26490021,-0.100519575,1.01579773,-0.11956574,-12.0,-0.007943864,-1.0,0.082359552,8.0
4,4,9.26733303,-0.118795611,1.07627487,-0.11562980699999999,-12.0,-0.009305937,-1.0,0.082772657,8.0
5,48386,9.35824966,-0.071518235,1.13527381,-0.110250026,-12.0,-0.008626109,-1.0,0.08676815,8.0
