,Unnamed: 0,u,v,w,x,x bin,y,y bin,z,z bin
0,0,9.98996449,0.000671693,-0.533837199,-0.11264543199999999,-12.0,-0.004943188,-1.0,-0.143321201,-15.0
1,144462,10.0279198,-0.002224134,-0.491295695,-0.112343043,-12.0,-0.006370303000000001,-1.0,-0.14953492599999998,-15.0
