,Unnamed: 0,u,v,w,x,x bin,y,y bin,z,z bin
0,0,8.23609447,0.28859147399999996,-0.968029678,-0.11831607699999999,-12.0,0.008985171,0.0,-0.04616024,-5.0
1,1,8.14702702,0.259105027,-1.06747675,-0.113511391,-12.0,0.006598045,0.0,-0.047055457,-5.0
2,2,8.11795139,0.17880579800000002,-1.16701245,-0.110986575,-12.0,0.002679165,0.0,-0.047723237,-5.0
3,87569,8.23587036,0.120241329,-1.12065184,-0.112664133,-12.0,0.000404646,0.0,-0.049651377,-5.0
0,0,8.01536942,-0.044118762,-1.01114893,-0.11687772699999999,-12.0,-0.003593093,-1.0,-0.041392691,-5.0
1,1,7.88487148,-0.032411799,-1.12322092,-0.111357853,-12.0,-0.003619888,-1.0,-0.042134106,-5.0
2,2,8.15019703,-0.074654914,-1.11959803,-0.113663673,-12.0,-0.0057620219999999995,-1.0,-0.047096159000000005,-5.0
3,92257,8.36546516,-0.071667485,-1.02492034,-0.118786797,-12.0,-0.006003718000000001,-1.0,-0.04855407,-5.0
