,u,v,w,x,x bin,y,y bin,z,z bin
135284,9.90942383,-0.610011935,-0.016775142,-0.11436680000000002,-12.0,-0.136496291,-14.0,5.1e-05,0.0
