,Unnamed: 0,u,v,w,x,x bin,y,y bin,z,z bin
0,0,9.56671906,0.991508842,0.067784742,-0.115676865,-12.0,0.099325359,9.0,0.008410218,0.0
1,1,9.52058983,0.932887554,0.065813258,-0.119825676,-12.0,0.095488504,9.0,0.008878081999999999,0.0
2,2,9.49006271,1.07214296,0.086071737,-0.11320786199999999,-12.0,0.09370295699999999,9.0,0.007953774,0.0
3,3,9.50358582,0.986376643,0.015826054,-0.116394415,-12.0,0.093997754,9.0,0.00344821,0.0
4,4,9.45349121,1.06432736,0.086373031,-0.114415176,-12.0,0.090805635,9.0,0.007811391999999999,0.0
5,28746,9.47741127,1.08278835,0.052673414,-0.112314902,-12.0,0.092519864,9.0,0.004753640999999999,0.0
0,0,9.55783272,0.973444879,-0.078859493,-0.114311628,-12.0,0.097575046,9.0,-0.004118748,-1.0
1,1,9.54967785,1.00341821,-0.049691778,-0.11335071199999999,-12.0,0.097233735,9.0,-0.002170589,-1.0
2,28673,9.53174591,0.920995176,-0.049459074000000006,-0.11824207,-12.0,0.095545441,9.0,-0.00085947,-1.0
