,Unnamed: 0,u,v,w,x,x bin,y,y bin,z,z bin
0,0,8.79053402,0.066682935,-1.00174963,-0.124176264,-13.0,0.003553657,0.0,-0.060022593,-7.0
1,1,8.79146481,0.020560551,-0.996010065,-0.124171942,-13.0,0.000551611,0.0,-0.060296442,-7.0
2,96774,8.81880093,0.037825141,-1.00905895,-0.123992607,-13.0,0.0015931539999999998,0.0,-0.062149771,-7.0
0,0,8.78911591,-0.033798296,-0.9877960090000001,-0.12419274400000001,-13.0,-0.0029765290000000003,-1.0,-0.060372385999999986,-7.0
1,1,8.82700348,-0.000496947,-1.00720584,-0.123940796,-13.0,-0.000923255,-1.0,-0.062901758,-7.0
2,2,8.85592175,-0.059582446,-0.8954084520000001,-0.127934411,-13.0,-0.005126342,-1.0,-0.06099307900000001,-7.0
3,3,8.87666893,-0.06486845,-0.902839601,-0.127800375,-13.0,-0.005531764000000001,-1.0,-0.062481228,-7.0
4,4,8.85462761,-0.115251824,-0.8942402009999999,-0.127701804,-13.0,-0.008726615,-1.0,-0.061398207999999996,-7.0
5,104159,8.87750912,-0.112985387,-0.919067144,-0.126989841,-13.0,-0.008610168,-1.0,-0.06357186299999999,-7.0
