,Unnamed: 0,u,v,w,x,x bin,y,y bin,z,z bin
0,0,9.35437393,0.030073307999999997,-0.922627568,-0.122266322,-13.0,0.00355562,0.0,-0.085393228,-9.0
1,115347,9.44690037,0.082428753,-0.905243874,-0.121625856,-13.0,0.009876748,0.0,-0.089689381,-9.0
0,0,9.26395416,0.001577239,-0.918689966,-0.124570772,-13.0,-0.000662444,-1.0,-0.081088923,-9.0
1,1,9.29866695,-0.050635560999999996,-0.926195145,-0.122874975,-13.0,-0.00479365,-1.0,-0.082434036,-9.0
2,2,9.29204178,-0.066227719,-0.860503018,-0.127798468,-13.0,-0.006704971,-1.0,-0.08128473900000001,-9.0
3,3,9.34859371,-0.081723861,-0.9093660709999999,-0.122733921,-13.0,-0.006859181,-1.0,-0.08431274400000001,-9.0
4,4,9.31249905,-0.095413446,-0.8474030490000001,-0.128079146,-13.0,-0.008984388000000001,-1.0,-0.081926376,-9.0
5,5,9.41583157,-0.10173291699999999,-0.884431124,-0.12264996,-13.0,-0.008046832,-1.0,-0.087441295,-9.0
6,117510,9.44781685,-0.073473945,-0.8008978959999999,-0.12769545599999998,-13.0,-0.006453488,-1.0,-0.089455992,-9.0
