,u,v,w,x,x bin,y,y bin,z,z bin
0,8.85972214,-0.804898083,0.119471848,-0.129097879,-13.0,-0.057351373,-6.0,0.007781263,0.0
1,8.76417351,-0.963118672,0.123613805,-0.12284466599999999,-13.0,-0.059696837999999995,-6.0,0.0076863869999999985,0.0
2,8.8570118,-0.790225387,0.073744506,-0.129737869,-13.0,-0.056313708,-6.0,0.004971216,0.0
3,8.73144722,-0.984373629,0.074682191,-0.122110695,-13.0,-0.058877803,-6.0,0.00457486,0.0
4,8.79827976,-0.8564447159999999,0.027562998,-0.127220571,-13.0,-0.056214221,-6.0,0.001932802,0.0
90585,8.89565182,-0.8281824590000001,0.01819231,-0.127960622,-13.0,-0.059067778,-6.0,0.00140823,0.0
