,u,v,w,x,x bin,y,y bin,z,z bin
13589,9.85739613,0.612173736,0.021880512999999997,-0.123912975,-13.0,0.12314032800000001,12.0,0.008730111,0.0
