,Unnamed: 0,u,v,w,x,x bin,y,y bin,z,z bin
0,0,9.34414673,-0.803668559,0.052700225,-0.128870547,-13.0,-0.08813594300000001,-9.0,0.003844565,0.0
1,102719,9.32931137,-0.909879684,0.037479971,-0.123610869,-13.0,-0.08896488,-9.0,0.000827013,0.0
0,0,9.28870869,-0.892996311,0.008918978000000001,-0.124242961,-13.0,-0.086649269,-9.0,-0.002500342,-1.0
1,1,9.32929611,-0.8130353690000001,0.017647533,-0.127835289,-13.0,-0.088402405,-9.0,-0.002540397,-1.0
2,2,9.26978683,-0.8348101379999999,-0.086239606,-0.127111346,-13.0,-0.08585660199999999,-9.0,-0.009375715,-1.0
3,3,9.29434776,-0.876723528,-0.064613096,-0.12511861300000002,-13.0,-0.087717831,-9.0,-0.007770661,-1.0
4,4,9.32467651,-0.977709055,-0.030794947000000007,-0.12005946,-13.0,-0.08906617800000001,-9.0,-0.0053505819999999996,-1.0
5,109857,9.19518948,-0.983376443,-0.10763631,-0.120076306,-13.0,-0.080616519,-9.0,-0.009550318,-1.0
