,Unnamed: 0,u,v,w,x,x bin,y,y bin,z,z bin
0,128247,9.69404507,0.027139843,-0.6346935029999999,-0.134928271,-14.0,0.000196257,0.0,-0.108482406,-11.0
0,128254,9.67443085,0.009535383,-0.641858935,-0.134126216,-14.0,-0.0017276,-1.0,-0.107225537,-11.0
