,u,v,w,x,x bin,y,y bin,z,z bin
0,9.17923832,-0.637413919,0.114347212,-0.136861533,-14.0,-0.07416851099999999,-8.0,0.009784707,0.0
1,9.11939621,-0.693440437,0.11327610199999999,-0.133966893,-14.0,-0.071208917,-8.0,0.007933151999999999,0.0
2,9.11818123,-0.7297199959999999,0.099323377,-0.132053927,-14.0,-0.071993604,-8.0,0.005518215999999999,0.0
3,9.12929535,-0.672336817,0.078002401,-0.134459823,-14.0,-0.072631851,-8.0,0.002201695,0.0
4,9.15033817,-0.766976953,0.063988388,-0.130120873,-14.0,-0.075259224,-8.0,0.001595946,0.0
102676,9.19894791,-0.6556072829999999,0.055854466,-0.135207474,-14.0,-0.077368863,-8.0,0.00036574599999999996,0.0
