,Unnamed: 0,u,v,w,x,x bin,y,y bin,z,z bin
0,29434,9.58999062,0.063924097,0.6131880279999999,-0.139814585,-14.0,0.009833541,0.0,0.104427323,10.0
0,0,9.61087894,-0.022396047000000002,0.640291095,-0.136456549,-14.0,-0.00787185,-1.0,0.108841464,10.0
1,47414,9.59114838,-0.030132601,0.63171339,-0.138024628,-14.0,-0.009859188,-1.0,0.107690908,10.0
