,Unnamed: 0,u,v,w,x,x bin,y,y bin,z,z bin
0,129858,9.72368622,0.046919681,-0.645449102,-0.132945448,-14.0,0.002021088,0.0,-0.110596195,-12.0
0,129865,9.72802639,0.031142585,-0.6557424070000001,-0.130582705,-14.0,-0.000209483,-1.0,-0.111427441,-12.0
