,Unnamed: 0,u,v,w,x,x bin,y,y bin,z,z bin
0,0,9.68615055,-0.572182477,-0.016211025,-0.13573290400000002,-14.0,-0.114077754,-12.0,0.000514083,0.0
1,124093,9.72986984,-0.607613444,-0.013672281,-0.13015553400000002,-14.0,-0.116202429,-12.0,0.001740939,0.0
0,0,9.66085625,-0.559282362,-0.028802944,-0.138250008,-14.0,-0.112932384,-12.0,-0.002078915,-1.0
1,1,9.65436172,-0.560623765,-0.039691009,-0.13838847,-14.0,-0.11273656800000001,-12.0,-0.004063975,-1.0
2,2,9.68307304,-0.5774040220000001,-0.028304312,-0.135405183,-14.0,-0.114049509,-12.0,-0.0015907170000000002,-1.0
3,3,9.71364021,-0.601030111,-0.024886735,-0.131612659,-14.0,-0.115524553,-12.0,-0.000454896,-1.0
4,4,9.65620422,-0.57710588,-0.063774809,-0.136827886,-14.0,-0.113125488,-12.0,-0.008090754,-1.0
5,5,9.67430687,-0.593952179,-0.054682367,-0.13431005199999999,-14.0,-0.113373868,-12.0,-0.006198896999999999,-1.0
6,125731,9.67996407,-0.583841026,-0.042341389000000014,-0.134965509,-14.0,-0.114040971,-12.0,-0.004025403,-1.0
