,Unnamed: 0,u,v,w,x,x bin,y,y bin,z,z bin
0,0,9.66434193,-0.519610405,-0.003290147,-0.145006537,-15.0,-0.110463545,-12.0,0.00182144,0.0
1,1,9.66097164,-0.53921622,-0.013713391,-0.141384333,-15.0,-0.111864083,-12.0,0.000288898,0.0
2,120437,9.66322517,-0.5391599539999999,-0.001416267,-0.140554562,-15.0,-0.112363204,-12.0,0.00252151,0.0
0,0,9.66055393,-0.530733526,-0.019346768,-0.14364886300000002,-15.0,-0.110837616,-12.0,-0.000890955,-1.0
1,1,9.65620136,-0.538681567,-0.039419457000000005,-0.1432769,-15.0,-0.110736698,-12.0,-0.004392934,-1.0
2,2,9.65855408,-0.538719475,-0.026915705,-0.14240360300000002,-15.0,-0.111267515,-12.0,-0.002119345,-1.0
3,124055,9.67263031,-0.506967425,-0.050660234000000005,-0.149020314,-15.0,-0.110760726,-12.0,-0.006610159,-1.0
