,Unnamed: 0,u,v,w,x,x bin,y,y bin,z,z bin
0,0,9.30605412,0.059444055,-0.6144424079999999,-0.144181728,-15.0,0.008660941,0.0,-0.071853206,-8.0
1,1,9.27387524,0.031973872,-0.645237088,-0.142614499,-15.0,0.0048872970000000005,0.0,-0.072091423,-8.0
2,2,9.32285881,0.059379812,-0.656017065,-0.141219914,-15.0,0.008010585,0.0,-0.074967101,-8.0
3,3,9.3205862,0.040585897999999995,-0.6713238359999999,-0.14032398199999999,-15.0,0.005676433000000001,0.0,-0.07598284599999999,-8.0
4,106364,9.33315468,0.07683821,-0.6607413289999999,-0.140692085,-15.0,0.009889904,0.0,-0.07547380000000001,-8.0
0,0,9.38071918,-0.021881222999999998,-0.593267322,-0.146245092,-15.0,-0.000640319,-1.0,-0.079324082,-8.0
1,1,9.38701153,-0.033234198,-0.582939684,-0.147734374,-15.0,-0.002242765,-1.0,-0.078221746,-8.0
2,2,9.40158653,-0.048251949,-0.568252861,-0.149782225,-15.0,-0.0044029920000000005,-1.0,-0.077641621,-8.0
3,111214,9.40322113,-0.06710366200000001,-0.589073539,-0.148070976,-15.0,-0.006561653000000001,-1.0,-0.07970740700000001,-8.0
