,Unnamed: 0,u,v,w,x,x bin,y,y bin,z,z bin
0,0,9.63904953,0.610188663,0.02748128,-0.140694305,-15.0,0.103265695,10.0,0.008882719,0.0
1,1,9.60267544,0.627146244,0.041522317,-0.14138361800000002,-15.0,0.100833431,10.0,0.009763717,0.0
2,2,9.63783073,0.594233453,-9.449999999999999e-05,-0.14177867800000002,-15.0,0.102420501,10.0,0.005439276,0.0
3,3,9.65174389,0.590735435,-0.021191075,-0.140230805,-15.0,0.102886871,10.0,0.0033469140000000003,0.0
4,4,9.60182762,0.587418675,0.025061362,-0.146671891,-15.0,0.10040760800000001,10.0,0.00723171,0.0
5,25344,9.62493229,0.565878987,-0.037432961,-0.145071849,-15.0,0.100433089,10.0,0.000363654,0.0
0,25335,9.64863968,0.5786575079999999,-0.059208955999999986,-0.140304402,-15.0,0.10158354,10.0,-0.001283951,-1.0
