,Unnamed: 0,u,v,w,x,x bin,y,y bin,z,z bin
0,0,9.15777588,0.06176604,0.452864647,-0.152857751,-16.0,0.001918838,0.0,0.052960429,5.0
1,1,9.16966152,0.074974716,0.431949705,-0.155350119,-16.0,0.003933079,0.0,0.050900664000000005,5.0
2,2,9.21259308,0.058519565,0.39664799,-0.15993937800000002,-16.0,0.0021436660000000002,0.0,0.050039905999999995,5.0
3,30144,9.12038994,0.057855938,0.456455231,-0.15126626199999998,-16.0,0.002198608,0.0,0.050443742,5.0
0,0,9.1996994,0.043812387,0.424716085,-0.156764865,-16.0,-0.000241528,-1.0,0.052983380999999996,5.0
1,1,9.20014763,0.022717096000000003,0.4098001120000001,-0.1577667,-16.0,-0.002426686,-1.0,0.051512603,5.0
2,2,9.22565651,-0.005525619,0.41454607200000004,-0.158000588,-16.0,-0.006502023000000001,-1.0,0.054737787999999996,5.0
3,35942,9.2083025,-0.03098385,0.40853557,-0.157432601,-16.0,-0.009161777,-1.0,0.053108975,5.0
