,Unnamed: 0,u,v,w,x,x bin,y,y bin,z,z bin
0,0,9.33655834,0.059624828,-0.533349276,-0.150502846,-16.0,0.009225785,0.0,-0.06855756,-7.0
1,101661,9.36497879,-0.000901453,-0.53531909,-0.152110636,-16.0,0.001400607,0.0,-0.069859132,-7.0
0,0,9.20792389,-0.014759017,-0.533047378,-0.150598496,-16.0,-0.000884887,-1.0,-0.060748585,-7.0
1,1,9.20283318,-0.049322419000000006,-0.539234519,-0.150637358,-16.0,-0.005387171,-1.0,-0.060731847,-7.0
2,2,9.39346409,-0.040036436,-0.5175969,-0.15521016699999998,-16.0,-0.003935775,-1.0,-0.069683559,-7.0
3,3,9.39419079,-0.047911357,-0.509926975,-0.156320974,-16.0,-0.005037159,-1.0,-0.068252496,-7.0
4,106557,9.39631844,-0.06393206900000001,-0.520654202,-0.155611545,-16.0,-0.0076609669999999986,-1.0,-0.06925516599999999,-7.0
