,Unnamed: 0,u,v,w,x,x bin,y,y bin,z,z bin
0,129169,9.81449127,-0.372316539,0.027689599,-0.15853895199999998,-16.0,-0.126525685,-13.0,0.00868148,0.0
