,u,v,w,x,x bin,y,y bin,z,z bin
0,9.09422398,0.452943444,-0.002085797,-0.154570326,-16.0,0.051465474000000004,5.0,0.00149436,0.0
1,9.101408,0.436795235,-0.01717481,-0.155176044,-16.0,0.050585277000000005,5.0,0.000637994,0.0
48952,9.10391617,0.47815555299999996,-0.014895021999999999,-0.153508723,-16.0,0.052961282,5.0,0.000284831,0.0
