,Unnamed: 0,u,v,w,x,x bin,y,y bin,z,z bin
0,126527,9.64672089,0.013948924,-0.504283786,-0.154000074,-16.0,0.000707833,0.0,-0.10445895,-11.0
