,Unnamed: 0,u,v,w,x,x bin,y,y bin,z,z bin
0,27025,9.55020332,0.450810045,-0.002673988,-0.161215737,-17.0,0.090596505,9.0,0.003399357,0.0
0,0,9.5811491,0.43306264299999997,-0.083557561,-0.161104664,-17.0,0.090797871,9.0,-0.009632384,-1.0
1,30521,9.57755661,0.43272236,-0.074639916,-0.161157787,-17.0,0.090894997,9.0,-0.007647279,-1.0
