,Unnamed: 0,u,v,w,x,x bin,y,y bin,z,z bin
0,0,9.66939163,-0.41929847,0.020715332,-0.164477423,-17.0,-0.10168694699999999,-11.0,0.004704644,0.0
1,114410,9.6721859,-0.414099276,0.0345468,-0.164975837,-17.0,-0.101590991,-11.0,0.007039785,0.0
0,0,9.67843246,-0.42782712,-0.023046989,-0.163980186,-17.0,-0.104121424,-11.0,-0.002816113,-1.0
1,1,9.6883316,-0.417493224,-0.050993141,-0.165787727,-17.0,-0.104815289,-11.0,-0.008071957,-1.0
2,2,9.69083977,-0.412898123,-0.039589908,-0.1666504,-17.0,-0.10508275,-11.0,-0.005746615,-1.0
3,3,9.69034004,-0.423736989,-0.03487888,-0.16477724900000001,-17.0,-0.105747044,-11.0,-0.004922825,-1.0
4,4,9.69449329,-0.420462251,-0.050547905,-0.165332198,-17.0,-0.106054321,-11.0,-0.007919909000000001,-1.0
5,5,9.69129753,-0.439694673,-0.04975386,-0.162129849,-17.0,-0.10740430699999999,-11.0,-0.0073420019999999985,-1.0
6,122257,9.6877861,-0.450112015,-0.058009430999999986,-0.160245568,-17.0,-0.107866161,-11.0,-0.009719854,-1.0
