,u,v,w,x,x bin,y,y bin,z,z bin
86015,9.24259758,-0.383711368,0.046950549,-0.160700798,-17.0,-0.051394887,-6.0,0.005251992,0.0
