,Unnamed: 0,u,v,w,x,x bin,y,y bin,z,z bin
0,111089,9.52968502,0.055632446,-0.402785003,-0.164069623,-17.0,0.006259852,0.0,-0.081548736,-9.0
