,Unnamed: 0,u,v,w,x,x bin,y,y bin,z,z bin
0,86015,9.24259758,-0.383711368,0.046950549,-0.160700798,-17.0,-0.051394887,-6.0,0.005251992,0.0
0,97647,9.34289074,-0.360391021,-0.072932288,-0.16489124300000002,-17.0,-0.054436784,-6.0,-0.008554415,-1.0
