,Unnamed: 0,u,v,w,x,x bin,y,y bin,z,z bin
0,119392,9.58195496,0.031742178,-0.433764577,-0.16109474,-17.0,0.003355252,0.0,-0.093022496,-10.0
