,Unnamed: 0,u,v,w,x,x bin,y,y bin,z,z bin
0,0,9.28363037,0.017046135,0.376146615,-0.16404713699999998,-17.0,-0.003656415,-1.0,0.053853434000000006,5.0
1,1,9.31552505,-0.005752087,0.35715377299999995,-0.166677296,-17.0,-0.00649672,-1.0,0.054376561,5.0
2,2,9.22233772,1.32e-05,0.388189316,-0.16022332,-17.0,-0.005007436,-1.0,0.050924110999999994,5.0
3,3,9.25551033,-0.005339563,0.384283811,-0.161855102,-17.0,-0.006148573,-1.0,0.053152759,5.0
4,4,9.29820442,-0.031000942000000007,0.351194024,-0.16610935300000002,-17.0,-0.00913269,-1.0,0.052752680999999996,5.0
5,36072,9.23869419,-0.03187602,0.37757495,-0.161354065,-17.0,-0.008931028,-1.0,0.051497866,5.0
