,Unnamed: 0,u,v,w,x,x bin,y,y bin,z,z bin
0,0,9.5283308,-0.443204761,0.004142466,-0.162644625,-17.0,-0.08224164,-9.0,0.002862656,0.0
1,1,9.53110886,-0.4274974170000001,-0.011480016000000001,-0.165536448,-17.0,-0.081679359,-9.0,0.00015319,0.0
2,105157,9.56934547,-0.426650614,-0.009385891,-0.165167868,-17.0,-0.08738432800000001,-9.0,0.00025132400000000004,0.0
0,105104,9.51688576,-0.462356895,-0.027737657,-0.160384625,-17.0,-0.082226366,-9.0,-0.002475216,-1.0
