,Unnamed: 0,u,v,w,x,x bin,y,y bin,z,z bin
0,86110,9.41227531,-0.351934642,0.036098633,-0.168219715,-17.0,-0.060270283,-7.0,0.009338782,0.0
0,0,9.41267109,-0.435538381,-0.037272401,-0.163982406,-17.0,-0.066964902,-7.0,-0.004130857,-1.0
1,1,9.40298176,-0.45434299100000003,-0.013515756,-0.16221074800000002,-17.0,-0.068247788,-7.0,-0.000992656,-1.0
2,2,9.43131733,-0.416657209,-0.0593035,-0.165964454,-17.0,-0.06551554799999999,-7.0,-0.007433792,-1.0
3,3,9.41590881,-0.448270202,-0.060090855,-0.163190067,-17.0,-0.068009682,-7.0,-0.006465384,-1.0
4,4,9.3977499,-0.466922671,-0.0266828,-0.161323234,-17.0,-0.069339685,-7.0,-0.003604506,-1.0
5,5,9.47077656,-0.395520031,-0.06236503700000001,-0.16944789899999999,-17.0,-0.066630021,-7.0,-0.009858027,-1.0
6,104970,9.43068409,-0.448723912,-0.075590633,-0.162627012,-17.0,-0.068957984,-7.0,-0.009231518,-1.0
