,Unnamed: 0,u,v,w,x,x bin,y,y bin,z,z bin
0,0,9.66975212,-0.363638192,0.020790722,-0.17346948399999998,-18.0,-0.097575724,-10.0,0.004795353,0.0
1,112216,9.67020798,-0.374435902,0.024895417000000003,-0.171701849,-18.0,-0.09850654,-10.0,0.005346575,0.0
0,0,9.63055611,-0.34139028200000004,-0.014298461,-0.17818822,-18.0,-0.09014594599999999,-10.0,-0.000639693,-1.0
1,1,9.65339851,-0.344067991,-0.024661282000000003,-0.17776292600000002,-18.0,-0.094058372,-10.0,-0.003285768,-1.0
2,2,9.66963291,-0.355587155,-0.030368702999999997,-0.17570930699999998,-18.0,-0.097320944,-10.0,-0.004460117,-1.0
3,112191,9.68548965,-0.32948845600000004,-0.018345896,-0.17983284600000002,-18.0,-0.097974047,-10.0,-0.002228779,-1.0
