,Unnamed: 0,u,v,w,x,x bin,y,y bin,z,z bin
0,0,9.55008411,0.047827732000000005,-0.32392311100000004,-0.175277293,-18.0,0.008449095,0.0,-0.070341758,-8.0
1,1,9.566289900000001,0.036413625,-0.30842691699999997,-0.17866243399999998,-18.0,0.006170105,0.0,-0.071127527,-8.0
2,2,9.53913784,0.03696689,-0.33026132,-0.173691332,-18.0,0.004764219,0.0,-0.070503332,-8.0
3,3,9.54469681,0.053516202,-0.341154814,-0.17234098899999994,-18.0,0.007808736,0.0,-0.073352471,-8.0
4,4,9.54432583,0.046038135999999986,-0.344825596,-0.17144531,-18.0,0.005531063,0.0,-0.074326679,-8.0
5,5,9.56912231,0.029569814,-0.319110364,-0.17641241800000002,-18.0,0.003656265,0.0,-0.073807031,-8.0
6,6,9.55780602,0.025925294,-0.32152313,-0.175636083,-18.0,0.002412734,0.0,-0.072599441,-8.0
7,7,9.54269791,0.063104704,-0.345668793,-0.171824977,-18.0,0.009639995,0.0,-0.073850587,-8.0
8,111075,9.61520004,0.045198374000000006,-0.315363109,-0.178210586,-18.0,0.008824265999999999,0.0,-0.079452388,-8.0
