,Unnamed: 0,u,v,w,x,x bin,y,y bin,z,z bin
0,127538,9.8336277,-0.29046034800000003,0.017187141,-0.175738931,-18.0,-0.124401845,-13.0,0.009647436,0.0
