,u,v,w,x,x bin,y,y bin,z,z bin
0,9.3292942,0.12174803,0.044184204000000005,-0.177837119,-18.0,0.014808328,1.0,0.009848573000000001,0.0
1,9.31054306,0.118481711,0.031858929,-0.17678196699999998,-18.0,0.013195681,1.0,0.007941914,0.0
2,9.30148125,0.118078217,0.020918325,-0.176338568,-18.0,0.012727877,1.0,0.006060029000000001,0.0
3,9.30324745,0.111800008,0.024652882,-0.176694602,-18.0,0.011438187,1.0,0.006721334,0.0
4,9.29873848,0.112314925,0.016732255,-0.176500618,-18.0,0.011388454,1.0,0.005307976999999999,0.0
5,9.29201221,0.109374151,0.008224095,-0.176107422,-18.0,0.011105243,1.0,0.004124629,0.0
54303,9.28029156,0.10157332599999999,-0.0060209059999999995,-0.175494865,-18.0,0.010164636999999999,1.0,0.002231331,0.0
