,Unnamed: 0,u,v,w,x,x bin,y,y bin,z,z bin
0,0,9.575244900000001,-0.329896986,0.023067128,-0.178022519,-18.0,-0.07827872799999999,-8.0,0.009216752,0.0
1,1,9.52611446,-0.383034497,0.003103619,-0.171293825,-18.0,-0.07602398099999999,-8.0,0.004690615,0.0
2,2,9.56162739,-0.36642941799999995,0.015410911999999999,-0.173149407,-18.0,-0.079883657,-8.0,0.006778753,0.0
3,100277,9.5111742,-0.387905538,-0.00858569,-0.171113417,-18.0,-0.074442521,-8.0,0.002519684,0.0
0,0,9.56093884,-0.365651459,-0.025373114,-0.176344022,-18.0,-0.079760663,-8.0,-0.002185708,-1.0
1,1,9.54274559,-0.383517027,-0.038690358,-0.17315480100000002,-18.0,-0.078970917,-8.0,-0.00516354,-1.0
2,107530,9.56897068,-0.34739121799999995,-0.04319384,-0.179491803,-18.0,-0.076849744,-8.0,-0.006796831999999999,-1.0
