,Unnamed: 0,u,v,w,x,x bin,y,y bin,z,z bin
0,112260,9.68452168,-0.376597703,0.04743515,-0.17042321,-18.0,-0.100309759,-11.0,0.009500072,0.0
0,114347,9.70131397,-0.331676841,-0.028836673,-0.17887345,-18.0,-0.100088671,-11.0,-0.004773573,-1.0
