,u,v,w,x,x bin,y,y bin,z,z bin
0,9.66975212,-0.363638192,0.020790722,-0.17346948399999998,-18.0,-0.097575724,-10.0,0.004795353,0.0
112216,9.67020798,-0.37443590200000004,0.024895417000000003,-0.171701849,-18.0,-0.09850654,-10.0,0.005346575,0.0
