,Unnamed: 0,u,v,w,x,x bin,y,y bin,z,z bin
0,0,9.448283199999999,0.012365461999999999,0.253340781,-0.17941381,-18.0,-0.0003089,-1.0,0.052158222000000004,5.0
1,1,9.4300909,0.004552829,0.256164759,-0.179151982,-18.0,-0.002457404,-1.0,0.050746775999999987,5.0
2,2,9.37659073,0.009961161999999999,0.31407529100000003,-0.172711328,-18.0,-0.003668916,-1.0,0.053532865,5.0
3,3,9.39580727,-0.001803255,0.27752775,-0.17684309199999998,-18.0,-0.005005654,-1.0,0.050329197,5.0
4,4,9.34559727,-0.0055128930000000005,0.326992124,-0.17053291199999998,-18.0,-0.006143485,-1.0,0.052820839,5.0
5,36071,9.32881832,-0.031830844,0.320337802,-0.170031935,-18.0,-0.008901228,-1.0,0.05117159,5.0
