,Unnamed: 0,u,v,w,x,x bin,y,y bin,z,z bin
0,0,9.33064842,-0.00376571,-0.070245244,-0.182537407,-19.0,-0.006713021,-1.0,-0.009767646,-1.0
1,1,9.35645771,-0.010147685,-0.062593959,-0.184462756,-19.0,-0.008279363,-1.0,-0.009454203000000001,-1.0
2,75224,9.38782501,-0.013901148,-0.048214693,-0.187027574,-19.0,-0.009252233,-1.0,-0.008206876,-1.0
