,Unnamed: 0,u,v,w,x,x bin,y,y bin,z,z bin
0,0,9.62827587,0.023697704,0.319899142,-0.180170909,-19.0,0.007565278000000002,0.0,0.08193931,8.0
1,1,9.62456799,0.012735928999999998,0.31547343699999997,-0.18137115199999998,-19.0,0.00541209,0.0,0.081037492,8.0
2,30216,9.62032318,0.002106991,0.313792944,-0.182003647,-19.0,0.003222229,0.0,0.080534436,8.0
0,0,9.60565758,-0.040828317,0.316620886,-0.182769835,-19.0,-0.006287033000000001,-1.0,0.081231885,8.0
1,1,9.602548599999999,-0.042704575,0.325229824,-0.18106409899999998,-19.0,-0.007012923000000001,-1.0,0.082368329,8.0
2,2,9.60648155,-0.049126852,0.314147711,-0.18363277600000005,-19.0,-0.008178579,-1.0,0.081750006,8.0
3,3,9.61295414,-0.055095799,0.299188882,-0.186985373,-19.0,-0.009518137,-1.0,0.080851875,8.0
4,50549,9.59937572,-0.055494357,0.325535685,-0.181438193,-19.0,-0.009887355,-1.0,0.08279689400000001,8.0
