,Unnamed: 0,u,v,w,x,x bin,y,y bin,z,z bin
0,0,9.45686531,0.008178025,0.22423175,-0.183796629,-19.0,-0.00040166,-1.0,0.048726853,4.0
1,1,9.3775177,-0.009780211,0.20459850100000002,-0.181757912,-19.0,-0.004798546,-1.0,0.04047161,4.0
2,2,9.40701103,-0.029521894,0.235994488,-0.180593491,-19.0,-0.007605751999999999,-1.0,0.046319872000000005,4.0
3,3,9.38877106,-0.029747291000000002,0.221974909,-0.18097892399999999,-19.0,-0.007449877,-1.0,0.042799816,4.0
4,38144,9.38898277,-0.036037084,0.229207039,-0.180275738,-19.0,-0.008397201,-1.0,0.043908112,4.0
