,Unnamed: 0,u,v,w,x,x bin,y,y bin,z,z bin
0,0,9.341362,0.06370589900000001,-0.099921525,-0.18349635600000005,-19.0,0.009641873,0.0,-0.015848825,-2.0
1,1,9.32171631,0.052567805999999995,-0.1066259,-0.182265475,-19.0,0.007762405999999999,0.0,-0.016254557,-2.0
2,2,9.35960293,0.048717342,-0.120905139,-0.183973432,-19.0,0.007185419,0.0,-0.019809816,-2.0
3,3,9.34715939,0.045834139,-0.09649583699999999,-0.18437919,-19.0,0.0062498119999999996,0.0,-0.01547129,-2.0
4,4,9.37577343,0.035782196,-0.102239907,-0.18609634,-19.0,0.0039789840000000005,0.0,-0.017606946000000002,-2.0
5,5,9.30025291,0.032613412,-0.11199346199999999,-0.180210531,-19.0,0.0028787770000000003,0.0,-0.016133918,-2.0
6,69264,9.41232204,0.027377827,-0.075992748,-0.189209551,-19.0,0.0016881939999999998,0.0,-0.014453025,-2.0
0,69278,9.40113449,0.016638456,-0.074430026,-0.18814981,-19.0,-0.001102071,-1.0,-0.013625294,-2.0
