,Unnamed: 0,u,v,w,x,x bin,y,y bin,z,z bin
0,0,9.60164833,-0.285017371,0.01949965,-0.18636316100000005,-19.0,-0.076274991,-8.0,0.00853483,0.0
1,1,9.59819984,-0.299488902,0.008957159000000001,-0.184897527,-19.0,-0.07738225900000001,-8.0,0.005893154,0.0
2,2,9.62178612,-0.286153734,-0.001785715,-0.189377308,-19.0,-0.07790903,-8.0,0.002604389,0.0
3,100316,9.60609436,-0.299387813,0.002347324,-0.185887918,-19.0,-0.078136593,-8.0,0.004023255999999999,0.0
0,0,9.60275364,-0.313655525,-0.020544166000000003,-0.186627463,-19.0,-0.077597506,-8.0,-0.001872609,-1.0
1,1,9.61235905,-0.297954619,-0.025872153999999998,-0.189261436,-19.0,-0.07619474799999999,-8.0,-0.0033830740000000002,-1.0
2,109867,9.59149647,-0.32680121100000004,-0.052905202,-0.182254985,-19.0,-0.077136837,-8.0,-0.009586222,-1.0
