,Unnamed: 0,u,v,w,x,x bin,y,y bin,z,z bin
0,75092,9.49149609,0.047128767,-0.145577341,-0.193387464,-20.0,0.007352005,0.0,-0.030726757,-4.0
0,83439,9.52019215,-0.007290865,-0.145563573,-0.195528209,-20.0,-0.008154741,-1.0,-0.032414753,-4.0
