,Unnamed: 0,u,v,w,x,x bin,y,y bin,z,z bin
0,97589,9.54835892,-0.182424545,-0.042959798,-0.199638754,-20.0,-0.047941208,-5.0,-0.008208103000000001,-1.0
