,Unnamed: 0,u,v,w,x,x bin,y,y bin,z,z bin
0,0,9.46965504,0.068554737,0.145463899,-0.191484302,-20.0,0.009665833,0.0,0.029157328,2.0
1,1,9.47058773,0.059968922,0.138822898,-0.19240725,-20.0,0.00777768,0.0,0.027932024,2.0
2,2,9.45595074,0.05228509,0.13907063,-0.190745279,-20.0,0.00581821,0.0,0.027853586,2.0
3,3,9.45249176,0.045931567,0.142506078,-0.19032248899999998,-20.0,0.004554438,0.0,0.028658796,2.0
4,37925,9.44747162,0.03841164,0.140833914,-0.190073848,-20.0,0.002854636,0.0,0.028358799,2.0
