,Unnamed: 0,u,v,w,x,x bin,y,y bin,z,z bin
0,43701,11.1222582,-0.153623164,3.30928135,-0.028149441,-3.0,-0.004026628,-1.0,0.069566041,6.0
