,u,v,w,x,x bin,y,y bin,z,z bin
0,11.223908400000001,-2.12993979,0.013517691,-0.026820727000000003,-3.0,-0.090835989,-10.0,0.001416178,0.0
1,11.1595535,-2.26945734,0.190483123,-0.028395483,-3.0,-0.091036074,-10.0,0.00626462,0.0
2,11.3490629,-1.96467996,0.175994784,-0.02732216,-3.0,-0.097311571,-10.0,0.00988378,0.0
3,11.5666533,-1.71704662,0.167725891,-0.02193998,-3.0,-0.094713196,-10.0,0.007354028,0.0
100322,11.271939300000001,-1.91903281,0.097934626,-0.027771905,-3.0,-0.099918738,-10.0,0.004890562,0.0
