,u,v,w,x,x bin,y,y bin,z,z bin
16437,10.899955699999998,0.834014177,0.028455862999999998,-0.027206626,-3.0,0.123452567,12.0,0.009869076999999999,0.0
