,Unnamed: 0,u,v,w,x,x bin,y,y bin,z,z bin
0,137205,10.6843433,0.065373942,-0.794732332,-0.03756436,-4.0,0.000951679,0.0,-0.131876692,-14.0
0,0,10.730585099999999,0.058561042,-0.741699815,-0.034390576,-4.0,-0.000858755,-1.0,-0.134823859,-14.0
1,1,10.7261028,0.002228398,-0.8303519490000001,-0.037022665,-4.0,-0.007818523,-1.0,-0.130743191,-14.0
2,2,10.684866,0.030086382999999998,-0.77885747,-0.038850807,-4.0,-0.0048310259999999995,-1.0,-0.134048775,-14.0
3,3,10.7090206,0.054007746,-0.7141143679999999,-0.035143718,-4.0,-0.002121211,-1.0,-0.136608228,-14.0
4,4,10.7051382,0.042773962,-0.6882585290000001,-0.033514589,-4.0,-0.0040429229999999995,-1.0,-0.13730721199999998,-14.0
5,140656,10.6594677,0.029630594,-0.6752574440000001,-0.037543558,-4.0,-0.006695483,-1.0,-0.13956441,-14.0
