,Unnamed: 0,u,v,w,x,x bin,y,y bin,z,z bin
0,0,10.6689939,0.089103445,0.874133825,-0.039337829,-4.0,0.008217710999999999,0.0,0.12670831400000002,12.0
1,1,10.7025337,0.083350338,0.8418434859999999,-0.037496686,-4.0,0.007305439,0.0,0.1276941,12.0
2,2,10.7621088,0.082785666,0.776556492,-0.033792092999999995,-4.0,0.008210715,0.0,0.129501715,12.0
3,43244,10.7107668,0.07411975400000001,0.8101964,-0.036837548,-4.0,0.005527274,0.0,0.129317015,12.0
0,0,10.8279724,0.039106056,0.895850301,-0.033708096,-4.0,-0.000895726,-1.0,0.12253940099999999,12.0
1,1,10.7438326,-0.008686908,0.92038393,-0.037488036,-4.0,-0.005711927,-1.0,0.122147448,12.0
2,2,10.823082000000001,0.019154126,0.7926583290000001,-0.032485858,-4.0,-0.005047213,-1.0,0.128142148,12.0
3,45382,10.6933575,-0.049040582,0.951752305,-0.039886512,-4.0,-0.009612308,-1.0,0.120883957,12.0
