,Unnamed: 0,u,v,w,x,x bin,y,y bin,z,z bin
0,0,10.9555254,-1.35150146,0.046270378,-0.031405877,-4.0,-0.113567129,-12.0,0.005629513,0.0
1,1,10.9663601,-1.49576855,0.091628999,-0.032936983,-4.0,-0.111621022,-12.0,0.008755345,0.0
2,2,10.864760400000002,-1.21668482,0.01039551,-0.032861017,-4.0,-0.11733417199999999,-12.0,0.003549534,0.0
3,114421,10.7095795,-1.3132751,0.05147842,-0.038030416,-4.0,-0.115874119,-12.0,0.008130823,0.0
0,0,10.851029400000002,-1.42844021,-0.075811543,-0.034031808,-4.0,-0.112092167,-12.0,-0.005418255,-1.0
1,1,10.9799347,-1.4133817,-0.096269257,-0.030450195,-4.0,-0.112264201,-12.0,-0.008371646,-1.0
2,116500,10.6986847,-1.19131088,-0.04438566,-0.037339509,-4.0,-0.118019931,-12.0,-0.000410171,-1.0
