,u,v,w,x,x bin,y,y bin,z,z bin
0,10.898613,1.08215165,0.045419246,-0.034328811,-4.0,0.117406718,11.0,0.006828882,0.0
1,10.8602123,1.16464937,0.079121254,-0.036919463,-4.0,0.11668512199999999,11.0,0.009447170999999999,0.0
2,10.8231344,1.13489926,0.030095598,-0.038019195,-4.0,0.117785454,11.0,0.004443369,0.0
3,10.8606291,1.24668956,0.082869478,-0.037945166,-4.0,0.11484701900000001,11.0,0.009882021,0.0
4,10.8681726,1.16764975,0.006779341,-0.036386699,-4.0,0.116319872,11.0,0.002653173,0.0
22481,10.951733599999999,1.1328975000000001,0.028867586,-0.032922994,-4.0,0.114757754,11.0,0.006227226999999999,0.0
