,Unnamed: 0,u,v,w,x,x bin,y,y bin,z,z bin
0,0,10.7769127,3.94982386,0.5172098279999999,-0.036054205,-4.0,0.069512881,6.0,0.009203142,0.0
1,1,10.758647900000001,3.99938393,0.419478774,-0.035386153,-4.0,0.069058828,6.0,0.007376461,0.0
2,47702,10.5413742,4.16278124,0.213506564,-0.035837907,-4.0,0.066913001,6.0,0.003919946,0.0
0,0,10.3682785,3.91897964,-0.418589473,-0.036408361,-4.0,0.069653533,6.0,-0.007719111,-1.0
1,1,10.4592581,3.81636095,-0.34590587,-0.034303375,-4.0,0.06978967,6.0,-0.005215071,-1.0
2,51951,10.3059158,4.00253725,-0.374742895,-0.035934418,-4.0,0.06831727900000001,6.0,-0.005841996,-1.0
