,Unnamed: 0,u,v,w,x,x bin,y,y bin,z,z bin
0,77188,8.17998505,-0.853346348,-4.91051197,-0.04995057,-5.0,-0.009001246999999999,-1.0,-0.057495486,-6.0
