,Unnamed: 0,u,v,w,x,x bin,y,y bin,z,z bin
0,45325,10.6226463,0.066093788,0.81800884,-0.040935248,-5.0,0.003434857,0.0,0.131136969,13.0
0,0,10.6225166,0.050444505999999986,0.812356353,-0.041301526,-5.0,-0.00035759400000000003,-1.0,0.131924123,13.0
1,1,10.521957400000002,0.025130954,0.819653511,-0.045891598,-5.0,-0.004305134,-1.0,0.133746564,13.0
2,51635,10.5184631,-0.014751767,0.8160147670000001,-0.045941494000000006,-5.0,-0.008650745,-1.0,0.133352697,13.0
