,Unnamed: 0,u,v,w,x,x bin,y,y bin,z,z bin
0,0,10.6560469,0.891524732,0.042842403,-0.043514796,-5.0,0.129280344,12.0,0.009020546,0.0
1,1,10.6154604,1.03087246,0.058542073,-0.048328175999999994,-5.0,0.124981955,12.0,0.009161721999999999,0.0
2,2,10.743293800000002,1.028687,0.072581731,-0.041244552,-5.0,0.123348467,12.0,0.009643426,0.0
3,3,10.7534666,1.03692102,0.048065774000000006,-0.040497631,-5.0,0.121826001,12.0,0.006455555,0.0
4,17512,10.5978346,1.04520631,0.003247522,-0.048540957,-5.0,0.122268349,12.0,0.002667663,0.0
0,0,10.6995487,0.882015228,-0.043379508,-0.040878727999999996,-5.0,0.12594951699999998,12.0,-0.002444377,-1.0
1,1,10.6416826,1.03781974,-0.016859133000000002,-0.045715272,-5.0,0.12097317,12.0,-9.61e-05,-1.0
2,2,10.659173,0.977535486,-0.09527142400000001,-0.043693036,-5.0,0.122149095,12.0,-0.008945426999999999,-1.0
3,19863,10.6848421,0.986010611,-0.049933158,-0.042595677,-5.0,0.121706575,12.0,-0.003618699,-1.0
