,Unnamed: 0,u,v,w,x,x bin,y,y bin,z,z bin
0,0,10.454982800000002,0.018822452,-0.842980683,-0.05242900599999999,-6.0,-0.006284822,-1.0,-0.131922349,-14.0
1,139612,10.446744,0.004306955,-0.855834723,-0.053395458,-6.0,-0.008296022,-1.0,-0.131535202,-14.0
