,u,v,w,x,x bin,y,y bin,z,z bin
0,10.610129400000002,1.31592393,0.062711582,-0.050865386,-6.0,0.11354837599999999,11.0,0.007686775,0.0
1,10.6102333,1.24598002,-0.016219068,-0.050242446,-6.0,0.115040816,11.0,0.000550356,0.0
23870,10.582737,1.42011809,0.054226987000000004,-0.051235087,-6.0,0.110483401,11.0,0.005128700999999999,0.0
