,u,v,w,x,x bin,y,y bin,z,z bin
0,10.2229996,1.82719958,0.207771644,-0.059841074,-6.0,0.099646322,9.0,0.007417681,0.0
1,10.305234,1.88439453,0.18322299399999997,-0.055949560999999995,-6.0,0.09825666300000001,9.0,0.0063681269999999995,0.0
2,10.2763653,2.0900507,0.036108628,-0.053413689,-6.0,0.096478403,9.0,0.001378598,0.0
3,10.497562400000001,2.24725008,0.247687325,-0.051425625,-6.0,0.09405568199999999,9.0,0.008773059,0.0
4,10.0060587,2.33505154,-0.009792916,-0.059146479,-6.0,0.093789965,9.0,0.000456139,0.0
38680,10.293319699999998,2.51764894,0.124484025,-0.052537455999999996,-6.0,0.090521209,9.0,0.0050695620000000005,0.0
