,Unnamed: 0,u,v,w,x,x bin,y,y bin,z,z bin
0,106488,9.8951025,0.212161481,-2.48771286,-0.061707966,-7.0,0.000156335,0.0,-0.089427277,-9.0
0,0,9.56164742,-0.130792499,-3.29894161,-0.060363535,-7.0,-0.00878193,-1.0,-0.080410697,-9.0
1,1,9.69365788,0.058598038,-2.27503586,-0.06776408099999999,-7.0,-0.00466513,-1.0,-0.089442439,-9.0
2,111231,9.59226131,-0.070304349,-2.1507175,-0.069605023,-7.0,-0.008523948,-1.0,-0.08931721,-9.0
