,Unnamed: 0,u,v,w,x,x bin,y,y bin,z,z bin
0,0,10.2637949,-0.008479196999999999,1.07886028,-0.064023368,-7.0,-0.000156898,-1.0,0.123023346,12.0
1,1,10.3031225,-0.012032848,1.03864169,-0.062136628,-7.0,-0.0016159770000000002,-1.0,0.123994485,12.0
2,2,10.2639847,-0.08085371599999999,1.09008014,-0.062520966,-7.0,-0.008278015,-1.0,0.121747069,12.0
3,3,10.342358599999999,-0.000336364,0.960752845,-0.060193405,-7.0,-0.0019709420000000003,-1.0,0.127363846,12.0
4,45388,10.2388334,-0.098883688,1.1172049,-0.063354261,-7.0,-0.009630545,-1.0,0.120845206,12.0
