,Unnamed: 0,u,v,w,x,x bin,y,y bin,z,z bin
0,0,5.29183578,-4.0802846,0.828923821,-0.06479330400000001,-7.0,-0.037995457999999996,-4.0,0.008914579,0.0
1,1,5.20405102,-3.76301765,0.584011853,-0.06915617,-7.0,-0.036811382,-4.0,0.006359488000000001,0.0
2,2,5.29660177,-3.96090245,0.333824903,-0.067622609,-7.0,-0.038113371,-4.0,0.003686712,0.0
3,77325,5.36289024,-3.8662765,0.293545455,-0.069950149,-7.0,-0.038419962,-4.0,0.003129852,0.0
0,0,4.70263577,-3.55080986,-0.30889374,-0.068942934,-7.0,-0.033473723,-4.0,-0.0026466790000000003,-1.0
1,1,4.33401632,-3.28130579,-0.48888972399999997,-0.069678038,-7.0,-0.030431094,-4.0,-0.004335803,-1.0
2,77347,5.35068512,-4.02588749,-0.081032693,-0.067530498,-7.0,-0.038986322,-4.0,-0.000875939,-1.0
