,Unnamed: 0,u,v,w,x,x bin,y,y bin,z,z bin
0,0,10.356924099999999,0.10107009900000001,-1.11309338,-0.06090045,-7.0,0.006763676,0.0,-0.123735681,-13.0
1,134506,10.3176737,0.059728954,-1.01883519,-0.061938796,-7.0,0.00177552,0.0,-0.125132531,-13.0
0,0,10.312729800000001,0.042700260999999996,-1.09478462,-0.062572159,-7.0,-0.001780936,-1.0,-0.12241414199999999,-13.0
1,137223,10.228257199999998,0.007695599,-0.945927083,-0.066888854,-7.0,-0.006368405,-1.0,-0.128101125,-13.0
