,Unnamed: 0,u,v,w,x,x bin,y,y bin,z,z bin
0,0,8.75589561,0.335241973,-2.65201616,-0.078753159,-8.0,0.009114818,0.0,-0.072332859,-8.0
1,1,8.99928474,0.318624169,-2.54579091,-0.077750772,-8.0,0.009826259,0.0,-0.07535094,-8.0
2,2,8.95556641,0.328978002,-2.66795826,-0.073574737,-8.0,0.007946554,0.0,-0.076156266,-8.0
3,3,8.74940872,0.348104119,-2.91519308,-0.07113272,-8.0,0.005057161,0.0,-0.073721305,-8.0
4,96776,8.80300808,0.080617063,-2.6218338,-0.079180189,-8.0,0.001899686,0.0,-0.071810752,-8.0
0,0,8.6792984,-0.049871847000000004,-2.69416976,-0.078708403,-8.0,-0.0033179729999999997,-1.0,-0.070237719,-8.0
1,1,8.85146236,0.00601384,-2.61345816,-0.077862635,-8.0,-0.001007422,-1.0,-0.072825506,-8.0
2,2,9.2309227,-0.12886098,-2.28671956,-0.077706039,-8.0,-0.005797635,-1.0,-0.079580627,-8.0
3,104162,8.87006092,-0.263656378,-2.50579047,-0.079629272,-8.0,-0.009789937,-1.0,-0.07287254900000001,-8.0
