,u,v,w,x,x bin,y,y bin,z,z bin
0,9.62919331,-1.9861927,0.15299855199999998,-0.072363079,-8.0,-0.091574371,-10.0,0.00790069,0.0
1,9.60054016,-2.02968407,0.04296793,-0.072480291,-8.0,-0.09032373099999999,-10.0,0.002768493,0.0
2,9.58610439,-1.9184109,0.063658908,-0.075638183,-8.0,-0.092220925,-10.0,0.003398146,0.0
3,9.7265377,-1.93915653,0.087752625,-0.07080417900000001,-8.0,-0.094140679,-10.0,0.004996213,0.0
4,9.53707314,-1.90220904,-0.009286441,-0.077701777,-8.0,-0.091414049,-10.0,0.000355352,0.0
5,9.67876053,-1.74441302,-0.029960051,-0.077492304,-8.0,-0.096754439,-10.0,0.00032025099999999997,0.0
6,9.87888527,-1.75045156,0.014841348,-0.07119948400000001,-8.0,-0.099812411,-10.0,0.003534975,0.0
105222,9.79027748,-1.66350651,0.10959000099999999,-0.075668126,-8.0,-0.09929817199999999,-10.0,0.009702661999999999,0.0
