,u,v,w,x,x bin,y,y bin,z,z bin
0,3.62384677,-0.133632779,0.516158938,-0.077823095,-8.0,-0.002645428,-1.0,0.005910555,0.0
1,3.43923855,-0.153670713,-0.017712995,-0.077124313,-8.0,-0.002765343,-1.0,0.001452979,0.0
67561,3.76720142,-0.972162485,0.186056912,-0.078546397,-8.0,-0.009530577,-1.0,0.003573464,0.0
