,Unnamed: 0,u,v,w,x,x bin,y,y bin,z,z bin
0,0,3.82105947,-1.26873791,0.460152626,-0.07810337099999999,-8.0,-0.011996696999999999,-2.0,0.005822998,0.0
1,67575,3.86701226,-1.44810057,0.726037741,-0.07776790900000001,-8.0,-0.013524214,-2.0,0.007963588,0.0
0,0,3.74310493,-1.24554861,-0.688728213,-0.076158337,-8.0,-0.013736894,-2.0,-0.006763009,-1.0
1,73449,3.73730564,-1.77616191,-0.8842599390000001,-0.073659584,-8.0,-0.017424893,-2.0,-0.008062032,-1.0
