,Unnamed: 0,u,v,w,x,x bin,y,y bin,z,z bin
0,0,3.62384677,-0.133632779,0.516158938,-0.077823095,-8.0,-0.002645428,-1.0,0.005910555,0.0
1,1,3.43923855,-0.15367071300000001,-0.017712995,-0.077124313,-8.0,-0.002765343,-1.0,0.0014529789999999999,0.0
2,67561,3.76720142,-0.972162485,0.186056912,-0.078546397,-8.0,-0.009530577,-1.0,0.003573464,0.0
