,Unnamed: 0,u,v,w,x,x bin,y,y bin,z,z bin
0,58655,3.90242314,1.49652791,-0.364038497,-0.07697632900000001,-8.0,0.013011253,1.0,-0.0028395240000000004,-1.0
