,u,v,w,x,x bin,y,y bin,z,z bin
0,5.33247805,-2.03497362,0.612320065,-0.08496087,-9.0,-0.022965467000000003,-3.0,0.007761823,0.0
1,5.73178959,-1.70202994,0.552202582,-0.089931145,-9.0,-0.022736356,-3.0,0.007500625,0.0
2,5.74881458,-1.94075131,0.689212918,-0.08772305400000001,-9.0,-0.02509154,-3.0,0.009233823,0.0
3,5.56825686,-2.11094832,0.435653806,-0.086595252,-9.0,-0.024646856,-3.0,0.005441166999999999,0.0
4,5.67568111,-2.23522353,0.37390482399999997,-0.08662609800000001,-9.0,-0.027062479,-3.0,0.004834624,0.0
5,5.50971603,-1.9192071,0.152807608,-0.08751592,-9.0,-0.023816982,-3.0,0.001223579,0.0
6,5.8885746,-2.21720839,0.427259624,-0.08776815199999999,-9.0,-0.029353182999999998,-3.0,0.006029644,0.0
7,5.28910112,-2.61797047,0.242085844,-0.082249954,-9.0,-0.029005051,-3.0,0.002904985,0.0
77324,5.72173882,-2.33597732,0.195523217,-0.0865459,-9.0,-0.029079162000000002,-3.0,0.002422868,0.0
