,Unnamed: 0,u,v,w,x,x bin,y,y bin,z,z bin
0,0,9.47937679,-1.79270148,0.160791755,-0.08209905,-9.0,-0.091127507,-10.0,0.008262516,0.0
1,1,9.45239925,-1.70746958,0.072815947,-0.08554419099999999,-9.0,-0.090332687,-10.0,0.003326765,0.0
2,2,9.62936211,-1.59219265,0.042148463,-0.082842648,-9.0,-0.097816482,-10.0,0.003500135,0.0
3,3,9.67591572,-1.52151942,0.049529175999999994,-0.08306732,-9.0,-0.09984754,-10.0,0.005177445,0.0
4,107677,9.66028595,-1.45770073,0.108480409,-0.08513549,-9.0,-0.099418059,-10.0,0.009804837,0.0
0,0,9.46280575,-1.70428848,-0.0337663,-0.084571034,-9.0,-0.0901412,-10.0,-0.002594891,-1.0
1,1,9.53043079,-1.56344533,-0.169062287,-0.086119495,-9.0,-0.092718266,-10.0,-0.008169862,-1.0
2,109905,9.64302444,-1.63566589,-0.262170672,-0.0815887,-9.0,-0.095330395,-10.0,-0.009750142,-1.0
