,Unnamed: 0,u,v,w,x,x bin,y,y bin,z,z bin
0,0,4.73736715,0.242069975,0.409077793,-0.088405088,-9.0,0.002742192,0.0,0.007663631,0.0
1,1,4.86297655,0.02471751,0.558246613,-0.08897470699999999,-9.0,0.00059536,0.0,0.009178022,0.0
2,61087,4.31392956,0.088756204,0.251119763,-0.084731758,-9.0,0.000623046,0.0,0.0055677980000000005,0.0
0,0,4.587798599999998,-0.14455336300000002,0.442032576,-0.086555176,-9.0,-0.001610057,-1.0,0.007448056,0.0
1,1,4.95990086,-0.270641953,0.657489479,-0.08933161199999999,-9.0,-0.002558818,-1.0,0.009805873,0.0
2,2,4.82857943,-0.12781775,0.050885648,-0.089822531,-9.0,-0.0023101379999999998,-1.0,0.0013229910000000001,0.0
3,65511,4.11159182,-0.989799321,0.943165779,-0.08026253400000001,-9.0,-0.009979339,-1.0,0.009847288,0.0
