,Unnamed: 0,u,v,w,x,x bin,y,y bin,z,z bin
0,37182,9.91210556,0.059621252,1.07365131,-0.08807458,-9.0,0.0028996020000000003,0.0,0.114225104,11.0
0,0,9.894104,-0.015340902,1.07000554,-0.088602401,-9.0,-0.00486508,-1.0,0.114211984,11.0
1,1,9.91601563,-0.040002473,1.11014366,-0.085632578,-9.0,-0.0063064819999999995,-1.0,0.11465541300000001,11.0
2,45381,9.95137691,-0.101099834,1.15798914,-0.082100861,-9.0,-0.00930192,-1.0,0.116558596,11.0
