,Unnamed: 0,u,v,w,x,x bin,y,y bin,z,z bin
0,0,11.2576141,0.09533023800000001,0.02873572,0.005277421,0.0,0.000807917,0.0,-0.123031929,-13.0
1,131442,11.2140551,0.08747121,-0.039610721,0.004413944,0.0,0.006554439,0.0,-0.124917842,-13.0
0,0,11.3092833,0.13595865699999998,0.152106375,0.007422697,0.0,-0.0024847610000000003,-1.0,-0.120118134,-13.0
1,1,11.2257109,0.148364246,0.24162641199999998,0.008952031,0.0,-0.004888696,-1.0,-0.121092953,-13.0
2,2,11.2675571,0.119959533,-0.061640598,0.000678346,0.0,-0.006801874,-1.0,-0.121665888,-13.0
3,3,11.2126923,0.131194323,0.04789208599999999,0.003544237,0.0,-0.008966281999999999,-1.0,-0.12153129300000001,-13.0
4,131471,11.2161808,0.090219036,0.045136251,0.005386725,0.0,-0.000869741,-1.0,-0.123891518,-13.0
