,u,v,w,x,x bin,y,y bin,z,z bin
0,11.2855854,-0.237569809,0.282701135,0.004121009,0.0,-0.080854207,-9.0,0.009601031,0.0
1,11.3451614,-0.324393958,0.267902702,0.003423629,0.0,-0.081429213,-9.0,0.009850054,0.0
2,11.2824554,0.103429645,0.287181497,0.008623673,0.0,-0.084052868,-9.0,0.00910812,0.0
3,11.5417795,-0.6583188179999999,0.19859682,0.0005913709999999999,0.0,-0.08467581099999999,-9.0,0.00893407,0.0
4,11.434864,0.06896374400000001,0.254693836,0.009242132,0.0,-0.086952895,-9.0,0.009487582,0.0
5,11.667983999999999,-0.6171523329999999,0.143283173,0.000304392,0.0,-0.087835565,-9.0,0.004521697,0.0
6,11.627697,-0.388480246,0.188046902,0.004386095,0.0,-0.088246942,-9.0,0.008079592,0.0
90577,11.464984900000001,-0.043838750999999995,0.25461638,0.009014481999999999,0.0,-0.08829596599999999,-9.0,0.003429829,0.0
