,Unnamed: 0,u,v,w,x,x bin,y,y bin,z,z bin
0,0,10.1016846,0.484536827,0.151545793,0.100331932,10.0,-0.102892742,-11.0,0.000301951,0.0
1,1,10.1520891,0.505532622,0.096393801,0.10492531199999999,10.0,-0.10686659800000001,-11.0,0.008137234,0.0
2,107612,10.1280518,0.460658044,0.119608268,0.100771233,10.0,-0.106308021,-11.0,2.39e-05,0.0
0,0,10.059433,0.4531284270000001,0.17045797399999998,0.106737383,10.0,-0.102121517,-11.0,-0.002059217,-1.0
1,1,10.0898275,0.443922162,0.14507572400000002,0.103917971,10.0,-0.104039222,-11.0,-0.002943466,-1.0
2,2,10.131737699999999,0.427573621,0.13502115,0.100023128,10.0,-0.10513395800000001,-11.0,-0.008446113,-1.0
3,112161,10.157115,0.397420496,0.102523156,0.102796175,10.0,-0.108335018,-11.0,-0.0095025,-1.0
