,Unnamed: 0,u,v,w,x,x bin,y,y bin,z,z bin
0,137144,10.2333126,0.012113025,0.656600535,0.104404792,10.0,0.00791462,0.0,-0.130041942,-14.0
0,0,10.240839999999999,0.079057232,0.6056093570000001,0.101152666,10.0,-0.006019035,-1.0,-0.13750548699999998,-14.0
1,142465,10.2169809,0.08809758699999999,0.564223468,0.108997859,10.0,-0.008614265,-1.0,-0.139323279,-14.0
