,Unnamed: 0,u,v,w,x,x bin,y,y bin,z,z bin
0,0,10.1529484,0.113354132,0.8420794009999999,0.11256820000000001,11.0,0.001965816,0.0,-0.11605121199999999,-12.0
1,131444,10.1330509,0.067263871,0.750025988,0.117431253,11.0,0.007369771999999998,0.0,-0.118419707,-12.0
0,0,10.1498642,0.154513448,0.903409958,0.110611126,11.0,-0.000992037,-1.0,-0.112745985,-12.0
1,1,10.093622199999999,0.176692367,0.8519639370000001,0.117660537,11.0,-0.003156957,-1.0,-0.113276415,-12.0
2,129906,10.118474,0.20913133,0.858392715,0.110242963,11.0,-0.007168187,-1.0,-0.114645988,-12.0
