,u,v,w,x,x bin,y,y bin,z,z bin
0,9.98090172,0.46370309600000004,0.21263223899999997,0.119342774,11.0,-0.100970499,-11.0,0.005893678,0.0
1,10.0376892,0.436065286,0.169628799,0.114805721,11.0,-0.10443072,-11.0,0.001148109,0.0
107673,10.141656900000001,0.47346192600000003,0.080454707,0.111180641,11.0,-0.108493149,-11.0,0.00826962,0.0
