,Unnamed: 0,u,v,w,x,x bin,y,y bin,z,z bin
0,0,6.01897717,0.037862189,-0.958802879,0.114265457,11.0,0.006467266,0.0,0.058817875,5.0
1,1,5.60339022,0.027153369,-0.757739425,0.118532032,11.0,0.00338564,0.0,0.058059275,5.0
2,41700,5.39843845,0.020100419,-0.6671994920000001,0.117615528,11.0,0.000594005,0.0,0.058242645,5.0
0,43709,5.17645931,-0.049126096,-0.6606844070000001,0.111809887,11.0,-0.005817969,-1.0,0.059265573,5.0
