,Unnamed: 0,u,v,w,x,x bin,y,y bin,z,z bin
0,0,9.98090172,0.463703096,0.212632239,0.119342774,11.0,-0.100970499,-11.0,0.005893678,0.0
1,1,10.037689199999999,0.436065286,0.169628799,0.114805721,11.0,-0.10443072,-11.0,0.001148109,0.0
2,107673,10.1416569,0.473461926,0.080454707,0.111180641,11.0,-0.108493149,-11.0,0.00826962,0.0
