,u,v,w,x,x bin,y,y bin,z,z bin
100273,9.87844181,0.513611138,0.351397753,0.119324416,11.0,-0.0925951,-10.0,0.0045559220000000004,0.0
