,Unnamed: 0,u,v,w,x,x bin,y,y bin,z,z bin
0,0,10.0792093,-0.014420095,-0.7334533329999999,0.119404934,11.0,0.008174558,0.0,0.104593962,10.0
1,1,10.096177099999998,-0.001083782,-0.7283729309999999,0.117133625,11.0,0.006573156,0.0,0.105027951,10.0
2,2,10.0756159,0.010372656,-0.803056717,0.11515642,11.0,0.004124886,0.0,0.100646146,10.0
3,3,10.117527,0.028529186,-0.736901283,0.11219085,11.0,0.002019452,0.0,0.10985559199999999,10.0
4,39318,10.106454800000002,0.045148358,-0.721733928,0.11389906,11.0,0.000126099,0.0,0.109619044,10.0
0,0,10.079231300000002,0.054518927,-0.7602521179999999,0.115160875,11.0,-0.00135099,-1.0,0.104544804,10.0
1,1,10.0535698,0.08017276200000001,-0.7808862329999999,0.117771864,11.0,-0.004302408,-1.0,0.101549067,10.0
2,2,10.0639715,0.095991842,-0.7001615170000001,0.119052626,11.0,-0.007898934,-1.0,0.109360069,10.0
3,47449,10.0735302,0.104288779,-0.780658007,0.113485627,11.0,-0.008119179,-1.0,0.103888594,10.0
