,u,v,w,x,x bin,y,y bin,z,z bin
0,5.49445391,0.626807511,0.6110791560000001,0.114614919,11.0,-0.065249488,-7.0,0.007767665,0.0
87946,5.829378599999999,0.708625793,0.629677057,0.11230012,11.0,-0.066308163,-7.0,0.008209501,0.0
