,Unnamed: 0,u,v,w,x,x bin,y,y bin,z,z bin
0,0,9.42878914,0.043809697,-1.06685758,0.118903816,11.0,0.005707546,0.0,0.079056263,7.0
1,1,9.10881615,0.040327076,-1.20567441,0.11182576400000001,11.0,0.003760588,0.0,0.07337426400000001,7.0
2,32018,8.45978642,0.030607462,-1.15284729,0.11328277,11.0,0.003086998,0.0,0.070392937,7.0
0,0,9.53048515,0.072604522,-1.14515507,0.110853016,11.0,-0.00218134,-1.0,0.078652643,7.0
1,1,9.22378159,0.062500402,-1.20949709,0.110754065,11.0,-5.61e-06,-1.0,0.07412260799999999,7.0
2,2,8.98411942,0.052969083,-1.16881728,0.11078423300000001,11.0,-0.0032362690000000004,-1.0,0.073223278,7.0
3,3,9.60161304,0.08524481199999999,-1.1343329,0.110947989,11.0,-0.006974478,-1.0,0.07837972,7.0
4,4,9.64148808,0.097901449,-1.08420825,0.11290209,11.0,-0.007922951999999999,-1.0,0.079637006,7.0
5,33944,8.90395737,0.068471983,-1.07525349,0.116445825,11.0,-0.00733815,-1.0,0.072265513,7.0
