,Unnamed: 0,u,v,w,x,x bin,y,y bin,z,z bin
0,0,10.1029797,-0.690827787,-0.226514339,0.117491201,11.0,0.105253994,10.0,0.009686809,0.0
1,1,10.1108885,-0.704153776,-0.176691711,0.116873734,11.0,0.10831821,10.0,0.000879813,0.0
2,2,10.1077232,-0.7031444309999999,-0.203161523,0.116803095,11.0,0.106464528,10.0,0.005110599,0.0
3,3,10.1069832,-0.7154808640000001,-0.192835227,0.116726324,11.0,0.106276505,10.0,0.0023976979999999998,0.0
4,28753,10.116306300000002,-0.793430448,-0.21825084100000006,0.112449117,11.0,0.101524316,10.0,0.00343315,0.0
0,0,10.1337461,-0.7508159879999999,-0.17104578,0.112070702,11.0,0.108251981,10.0,-0.001121223,-1.0
1,30455,10.112772,-0.858361185,-0.139721379,0.111355543,11.0,0.103188358,10.0,-0.00841015,-1.0
