,Unnamed: 0,u,v,w,x,x bin,y,y bin,z,z bin
0,19916,10.1536074,-0.6717896459999999,-0.175344497,0.111960754,11.0,0.114294454,11.0,0.005339305,0.0
0,0,10.1458549,-0.642777026,-0.115427978,0.116309181,11.0,0.118454225,11.0,-0.00378828,-1.0
1,1,10.1596699,-0.665519774,-0.110607468,0.112384558,11.0,0.117990658,11.0,-0.006126227,-1.0
2,2,10.1261587,-0.6876559259999999,-0.098694176,0.115637429,11.0,0.114616662,11.0,-0.008814045999999999,-1.0
3,3,10.1240215,-0.699502945,-0.149186835,0.11544355,11.0,0.111426763,11.0,-0.0025229510000000003,-1.0
4,4,10.1273537,-0.699301064,-0.16490081,0.114456341,11.0,0.11066867400000001,11.0,-9.45e-06,-1.0
5,25324,10.131669,-0.747766852,-0.118690334,0.112323165,11.0,0.111271352,11.0,-0.007553641,-1.0
