,Unnamed: 0,u,v,w,x,x bin,y,y bin,z,z bin
0,19866,10.1795444,-0.647100627,-0.111969061,0.11036738,11.0,0.120216541,12.0,-0.0048382220000000005,-1.0
