,Unnamed: 0,u,v,w,x,x bin,y,y bin,z,z bin
0,108888,9.94682884,0.21202445,1.20886588,0.126857996,12.0,0.003714883,0.0,-0.087244511,-9.0
0,0,9.86657143,0.345797479,1.31489313,0.127424926,12.0,-0.003677398,-1.0,-0.082298599,-9.0
1,1,9.80129051,0.40014064299999996,1.34146976,0.129057169,12.0,-0.005681738,-1.0,-0.080662653,-9.0
2,2,9.94524097,0.302556694,1.25970054,0.123185694,12.0,-0.001535279,-1.0,-0.087222837,-9.0
3,3,9.89254665,0.419600099,1.23442769,0.129168898,12.0,-0.007611675999999999,-1.0,-0.083772905,-9.0
4,4,9.89295197,0.459096134,1.22803092,0.128042981,12.0,-0.009210184,-1.0,-0.08298651900000001,-9.0
5,5,9.96316338,0.273123562,1.18933809,0.12466751,12.0,-0.000267351,-1.0,-0.08963291400000001,-9.0
6,115512,9.9251833,0.356360674,1.19279051,0.122213066,12.0,-0.007583543000000002,-1.0,-0.089795344,-9.0
