,Unnamed: 0,u,v,w,x,x bin,y,y bin,z,z bin
0,143852,10.1339245,0.106410213,0.478555977,0.129949182,12.0,-0.009226365,-1.0,-0.14243666800000002,-15.0
