,Unnamed: 0,u,v,w,x,x bin,y,y bin,z,z bin
0,0,5.57527828,-1.03517532,2.16708875,0.127302513,12.0,0.00687968,0.0,-0.024345741,-3.0
1,1,5.19693279,-1.08745766,2.25287151,0.12260787199999999,12.0,0.005410913000000001,0.0,-0.025204355,-3.0
2,75138,5.68992472,-0.893546343,2.41295075,0.123601452,12.0,0.006551241,0.0,-0.029786743,-3.0
