,Unnamed: 0,u,v,w,x,x bin,y,y bin,z,z bin
0,0,6.28103828,0.021712441000000002,-0.930580854,0.12034964599999999,12.0,0.008316266,0.0,0.058761977,5.0
1,1,5.84164619,-0.016814152,-0.833491147,0.124111384,12.0,0.008766976999999999,0.0,0.056396055999999986,5.0
2,2,5.52084541,0.005673347,-0.781064332,0.121745244,12.0,0.007079313,0.0,0.056358665,5.0
3,39754,5.72471523,-0.000867613,-0.713095665,0.12235444,12.0,0.001504949,0.0,0.058351345,5.0
0,0,5.85751152,-0.014263949,-0.611437082,0.12678489099999998,12.0,-0.001316921,-1.0,0.059018176,5.0
1,1,5.43293571,-0.00960635,-0.45673334600000004,0.12859574,12.0,-0.005910289,-1.0,0.057511766,5.0
2,43731,5.53592062,0.029458478,-0.646504581,0.123423994,12.0,-0.009669057,-1.0,0.057032403,5.0
