,Unnamed: 0,u,v,w,x,x bin,y,y bin,z,z bin
0,0,10.1806183,-0.425458491,-0.088418797,0.123135701,12.0,0.139920101,13.0,0.004956037,0.0
1,10891,10.1880493,-0.457606554,-0.08834741300000001,0.120283157,12.0,0.136255324,13.0,0.0025469570000000003,0.0
0,11614,10.2141762,-0.444819838,-0.039228596,0.120003223,12.0,0.13959083,13.0,-0.007160875,-1.0
