,u,v,w,x,x bin,y,y bin,z,z bin
24005,10.0476084,-0.664287329,-0.208536372,0.127952784,12.0,0.103313327,10.0,0.005623751,0.0
