,Unnamed: 0,u,v,w,x,x bin,y,y bin,z,z bin
0,0,6.87947083,-1.3084898,-0.481249094,0.122439742,12.0,0.058559999,5.0,0.003019331,0.0
1,1,6.31164742,-1.14709806,-0.408744901,0.128638312,12.0,0.056276478,5.0,0.003742601,0.0
2,2,6.10713959,-1.45431805,-0.26797989,0.122549139,12.0,0.051599283,5.0,0.000527822,0.0
3,3,5.95087671,-1.38598192,-0.180684939,0.129179016,12.0,0.05003719400000002,5.0,0.000283638,0.0
4,45494,5.78046989,-1.15418613,-0.344710708,0.125230283,12.0,0.053502355,5.0,0.003439248,0.0
0,0,6.44109726,-1.52473855,-0.26487714100000004,0.12634600699999998,12.0,0.052072778,5.0,-0.000466227,-1.0
1,1,6.2661127999999975,-1.70900726,-0.179994375,0.12000819999999998,12.0,0.05011270599999999,5.0,-0.001721928,-1.0
2,45537,7.71427536,-1.49001861,-0.447686493,0.124254137,12.0,0.059939525999999986,5.0,-0.000902099,-1.0
