,Unnamed: 0,u,v,w,x,x bin,y,y bin,z,z bin
0,0,8.44653797,-0.854142845,-0.580489039,0.12218914199999999,12.0,0.070931859,7.0,0.009898945,0.0
1,1,8.44994354,-0.884241045,-0.578089416,0.12993872199999998,12.0,0.07036920599999999,7.0,0.007530652,0.0
2,2,9.05674648,-1.09905493,-0.562049806,0.12488495599999999,12.0,0.07153354599999999,7.0,0.00352122,0.0
3,40721,9.61519051,-1.14158154,-0.505794644,0.125564843,12.0,0.075652376,7.0,0.001949665,0.0
0,0,9.72401619,-1.11657584,-0.422159493,0.124373861,12.0,0.078891508,7.0,-0.001526523,-1.0
1,1,9.68357849,-1.16146898,-0.40248057200000004,0.129699394,12.0,0.075005375,7.0,-0.0034856809999999996,-1.0
2,2,9.48210335,-1.37072825,-0.390260756,0.126646861,12.0,0.070087031,7.0,-0.004713226,-1.0
3,3,9.59340096,-1.32674456,-0.353836834,0.128067076,12.0,0.071258463,7.0,-0.005863508000000001,-1.0
4,53304,9.82535076,-1.25166225,-0.300966591,0.124376237,12.0,0.07621323299999999,7.0,-0.007278035,-1.0
