,Unnamed: 0,u,v,w,x,x bin,y,y bin,z,z bin
0,118515,10.0803232,0.29087007,0.057497453,0.135133371,13.0,-0.12046548,-13.0,0.00208528,0.0
0,120428,10.0654745,0.265922487,0.054484058,0.139934465,13.0,-0.120760806,-13.0,-0.000915664,-1.0
