,Unnamed: 0,u,v,w,x,x bin,y,y bin,z,z bin
0,0,9.85970402,0.35280168100000003,0.25347310300000003,0.136655778,13.0,-0.095823199,-10.0,0.004481921,0.0
1,1,9.51389122,0.371923923,0.347213328,0.131333321,13.0,-0.090257771,-10.0,0.001894459,0.0
2,2,9.85075569,0.407291561,0.30708867300000003,0.130385295,13.0,-0.092792101,-10.0,0.002968717,0.0
3,102717,9.88203239,0.352994233,0.220573634,0.130030796,13.0,-0.098024353,-10.0,0.002464574,0.0
0,0,9.83708096,0.323191047,0.254078388,0.130292118,13.0,-0.095505275,-10.0,-0.002548903,-1.0
1,1,9.05197525,0.164958626,0.157772586,0.134920925,13.0,-0.09139070699999999,-10.0,-0.009471071999999999,-1.0
2,107516,9.58823681,0.25061667,0.231916294,0.133987784,13.0,-0.093398988,-10.0,-0.004960073,-1.0
