,Unnamed: 0,u,v,w,x,x bin,y,y bin,z,z bin
0,0,10.061728500000001,0.017271133,-0.470920265,0.138564348,13.0,0.0047845859999999995,0.0,0.12493185,12.0
1,43218,10.0599785,0.021926504,-0.470176071,0.138557047,13.0,0.003754604,0.0,0.12541253900000002,12.0
0,0,10.042124699999999,0.059317589000000004,-0.469046623,0.13997077900000002,13.0,-0.003259453,-1.0,0.12421360599999999,12.0
1,1,10.0665112,0.08676984900000001,-0.478847176,0.133346215,13.0,-0.008624061,-1.0,0.127294019,12.0
2,2,10.0590239,0.071979351,-0.465107292,0.136864305,13.0,-0.005427820999999999,-1.0,0.127362236,12.0
3,49495,10.0651674,0.080054723,-0.45514226,0.13669605599999998,13.0,-0.007484233000000002,-1.0,0.12927223699999998,12.0
