,Unnamed: 0,u,v,w,x,x bin,y,y bin,z,z bin
0,0,9.73736095,0.04377028,-0.897126853,0.13382096599999999,13.0,0.006906847,0.0,0.082999267,8.0
1,30203,9.87172413,0.053071514000000014,-0.779465973,0.139463857,13.0,0.004094828,0.0,0.089331865,8.0
0,0,9.67290878,0.093656398,-0.8437467809999999,0.13741931300000002,13.0,-0.0022757520000000002,-1.0,0.081017084,8.0
1,1,9.86546803,0.105397478,-0.784209728,0.139909834,13.0,-0.002307106,-1.0,0.08828390400000001,8.0
2,2,9.84009743,0.122216091,-0.814628065,0.13805072,13.0,-0.005849905,-1.0,0.084997967,8.0
3,38273,9.81727123,0.126183182,-0.7955915929999999,0.139507532,13.0,-0.0077843309999999985,-1.0,0.08468195099999999,8.0
