,Unnamed: 0,u,v,w,x,x bin,y,y bin,z,z bin
0,0,8.19175625,-0.29309260800000003,1.91981387,0.140413567,14.0,0.009868171,0.0,-0.045842312,-5.0
1,87624,8.06412125,0.169668347,1.86989796,0.144116461,14.0,0.00078011,0.0,-0.046727344,-5.0
0,0,7.77447128,0.387732357,1.81072927,0.14973355800000002,14.0,-0.007193931999999998,-1.0,-0.040959489,-5.0
1,1,7.61325359,0.491670042,1.81997705,0.145225093,14.0,-0.009233534,-1.0,-0.041070841,-5.0
2,2,7.99457836,0.266130745,1.92640924,0.140119955,14.0,-0.001012685,-1.0,-0.04657248,-5.0
3,3,8.10770416,0.50535059,1.77415967,0.147773534,14.0,-0.008093437,-1.0,-0.043519333,-5.0
4,4,8.26957035,0.499197513,1.77047813,0.14617151,14.0,-0.0067769530000000005,-1.0,-0.045372732,-5.0
5,90004,8.53321552,0.6074599620000001,1.66501105,0.149927273,14.0,-0.009240467,-1.0,-0.046428286,-5.0
