,Unnamed: 0,u,v,w,x,x bin,y,y bin,z,z bin
0,0,10.0475063,0.043887094,-0.402953267,0.147466436,14.0,-0.002835667,-1.0,0.130173281,13.0
1,49507,10.0577431,0.051160321,-0.40615949,0.14491072300000002,14.0,-0.003724921,-1.0,0.131612092,13.0
