,u,v,w,x,x bin,y,y bin,z,z bin
112224,9.99634457,0.29863566199999997,0.13075617,0.146111712,14.0,-0.11136741900000001,-12.0,0.006389493,0.0
