,Unnamed: 0,u,v,w,x,x bin,y,y bin,z,z bin
0,0,8.94103146,0.040570818,-0.8608590359999999,0.142057925,14.0,0.009793178,0.0,0.07204479700000001,7.0
1,1,9.02341366,0.08522869699999999,-0.821283221,0.140210226,14.0,0.001539846,0.0,0.076066285,7.0
2,30088,9.18570232,0.091844142,-0.817266345,0.140420064,14.0,0.000564596,0.0,0.078084193,7.0
0,0,8.99199677,0.07410153,-0.7087911370000001,0.147164404,14.0,-0.001901854,-1.0,0.075031199,7.0
1,1,8.65660858,0.066311985,-0.6915395259999999,0.146734595,14.0,-0.001996353,-1.0,0.072094597,7.0
2,2,9.4409914,0.08466775,-0.770846426,0.142338783,14.0,-0.005279113,-1.0,0.078340083,7.0
3,3,9.24137783,0.071939029,-0.7669221159999999,0.14173796800000002,14.0,-0.007522908000000002,-1.0,0.07394289999999999,7.0
4,4,9.22701645,0.071078055,-0.742889166,0.143833786,14.0,-0.006709257,-1.0,0.075109936,7.0
5,33927,9.26972198,0.077270955,-0.7205414179999999,0.145823255,14.0,-0.007626786,-1.0,0.076506406,7.0
