,Unnamed: 0,u,v,w,x,x bin,y,y bin,z,z bin
0,0,10.0806599,0.035928801,0.468238831,0.147514582,14.0,0.008877455,0.0,-0.13511040800000002,-14.0
1,142384,10.0973806,0.043638803,0.460407853,0.142367005,14.0,0.0060431,0.0,-0.139183193,-14.0
0,0,10.0564156,0.090739839,0.490708619,0.148447573,14.0,-0.00483671,-1.0,-0.131879404,-14.0
1,1,10.100919699999999,0.069892064,0.466564059,0.140298545,14.0,-0.00253065,-1.0,-0.13943196800000002,-14.0
2,141605,10.0564671,0.111174747,0.4937348070000001,0.14746362,14.0,-0.008360378,-1.0,-0.131823897,-14.0
