,Unnamed: 0,u,v,w,x,x bin,y,y bin,z,z bin
0,35815,4.63647747,-0.445916831,-0.29308205800000003,0.14669624,14.0,0.0085072,0.0,0.042560771,4.0
