,Unnamed: 0,u,v,w,x,x bin,y,y bin,z,z bin
0,112224,9.99634457,0.298635662,0.13075617,0.146111712,14.0,-0.111367419,-12.0,0.006389493,0.0
0,0,10.009161,0.20172716699999999,0.077115655,0.149039745,14.0,-0.111040197,-12.0,-0.004818053,-1.0
1,114345,10.0165768,0.207990751,0.067810252,0.14570382199999998,14.0,-0.111016899,-12.0,-0.007941023,-1.0
