,Unnamed: 0,u,v,w,x,x bin,y,y bin,z,z bin
0,0,9.99636364,-0.589192212,-0.241584942,0.141491026,14.0,0.102227502,10.0,0.007532272,0.0
1,1,9.99671364,-0.577423096,-0.24238151300000002,0.14189738,14.0,0.102041945,10.0,0.009104279,0.0
2,25524,9.99411011,-0.606677651,-0.22709474,0.146844253,14.0,0.100443073,10.0,0.004139602,0.0
0,0,9.99687195,-0.5524454120000001,-0.09099310599999999,0.148960024,14.0,0.10901755099999999,10.0,-0.009766426,-1.0
1,1,9.98936272,-0.577965319,-0.122675486,0.148176983,14.0,0.105865866,10.0,-0.005695696,-1.0
2,2,9.999662400000002,-0.560477734,-0.130164862,0.148319304,14.0,0.107506856,10.0,-0.003260598,-1.0
3,3,9.9794817,-0.585624754,-0.108964473,0.148475111,14.0,0.105062298,10.0,-0.008306738000000001,-1.0
4,4,9.9868288,-0.622348487,-0.130425185,0.144475192,14.0,0.102908179,10.0,-0.006692124,-1.0
5,28669,9.99848461,-0.639327347,-0.154411837,0.14277789,14.0,0.102384359,10.0,-0.004650793,-1.0
