,Unnamed: 0,u,v,w,x,x bin,y,y bin,z,z bin
0,49847,4.34209299,-0.885305762,1.35484123,0.144262657,14.0,0.029236846,2.0,-0.001329022,-1.0
