,Unnamed: 0,u,v,w,x,x bin,y,y bin,z,z bin
0,0,10.0760632,0.034166686,0.439457208,0.153219238,15.0,0.009781887,0.0,-0.136460781,-14.0
1,1,10.073983199999999,0.044197291,0.436411589,0.153250188,15.0,0.007369983,0.0,-0.13709939999999998,-14.0
2,141521,10.0786419,0.037948266,0.426388562,0.153306633,15.0,0.009073492,0.0,-0.138559848,-14.0
0,0,10.0524025,0.077291742,0.4771946070000001,0.152995631,15.0,-0.0010342939999999998,-1.0,-0.131413206,-14.0
1,1,10.046501199999998,0.08607932199999999,0.464482009,0.155932233,15.0,-0.0028993440000000003,-1.0,-0.13196095800000002,-14.0
2,2,10.055411300000001,0.101321235,0.46497669799999997,0.15092460800000002,15.0,-0.007368932,-1.0,-0.13477888699999999,-14.0
3,142461,10.0522165,0.10756813,0.470110178,0.151076287,15.0,-0.009118265,-1.0,-0.133957043,-14.0
