,Unnamed: 0,u,v,w,x,x bin,y,y bin,z,z bin
0,0,6.31023216,-0.410868436,1.23748112,0.15633601,15.0,0.007687233000000002,0.0,-0.018386625,-2.0
1,1,6.33198929,-0.640986025,1.13049221,0.158196598,15.0,0.006220774,0.0,-0.018682063,-2.0
2,2,5.7030592,-1.40238976,0.8413457870000001,0.155619964,15.0,0.0012936389999999999,0.0,-0.017403818999999997,-2.0
3,75141,5.9693265,-1.34596348,1.10829294,0.156516761,15.0,0.000905066,0.0,-0.019888077,-2.0
0,0,5.19668722,-1.89369619,1.01432538,0.15128412800000002,15.0,-0.00205049,-1.0,-0.017265014,-2.0
1,1,5.09963083,-2.1947546,1.23670137,0.157163233,15.0,-0.004364529,-1.0,-0.015991269,-2.0
2,77142,5.32633495,-2.09834123,1.38887274,0.159063935,15.0,-0.006129173000000001,-1.0,-0.0172721,-2.0
