,Unnamed: 0,u,v,w,x,x bin,y,y bin,z,z bin
0,0,7.64995861,0.13759046800000002,0.427195251,0.158634111,15.0,-0.080992892,-9.0,0.002548711,0.0
1,95378,8.11058331,0.07602719999999999,0.292918563,0.150817037,15.0,-0.08734449,-9.0,0.001433566,0.0
0,0,7.41745472,-0.022630034,0.304072648,0.15142831199999998,15.0,-0.083468057,-9.0,-0.0009963630000000001,-1.0
1,1,7.88123322,0.025586158,0.35140076299999995,0.158940583,15.0,-0.084553368,-9.0,-0.001839193,-1.0
2,2,6.83942604,-0.22193920600000008,0.21246008600000002,0.158893943,15.0,-0.081026927,-9.0,-0.00923715,-1.0
3,3,7.5848546,-0.060562979,0.24190335,0.151493266,15.0,-0.08431945699999999,-9.0,-0.00669503,-1.0
4,4,8.28728771,0.043715805,0.271867841,0.152807415,15.0,-0.08823052099999999,-9.0,-0.002165509,-1.0
5,100232,8.395841599999999,0.009713918,0.241137877,0.153300107,15.0,-0.08867030599999999,-9.0,-0.006285389000000001,-1.0
