,Unnamed: 0,u,v,w,x,x bin,y,y bin,z,z bin
0,0,10.0204496,-0.013738309,-0.446775228,0.155562907,15.0,0.009709148,0.0,0.115596674,11.0
1,1,10.0223827,-0.00535171,-0.436580688,0.15558034199999998,15.0,0.008352711,0.0,0.11763462400000001,11.0
2,2,10.0088444,0.019079495,-0.4255279000000001,0.15861243,15.0,0.003105917,0.0,0.119002782,11.0
3,3,9.9901371,0.0282827,-0.45192372799999997,0.15827654300000002,15.0,0.000621296,0.0,0.11442574900000001,11.0
4,39275,10.0018311,0.032314114,-0.455176324,0.15301986,15.0,0.00073852,0.0,0.117162198,11.0
0,0,9.98871708,0.04767910400000002,-0.433086455,0.159007967,15.0,-0.002768081,-1.0,0.11732018,11.0
1,45392,9.99822998,0.076227881,-0.441420674,0.153869063,15.0,-0.00891168,-1.0,0.118830264,11.0
