,Unnamed: 0,u,v,w,x,x bin,y,y bin,z,z bin
0,0,10.0786209,-0.369458556,-0.090571247,0.158598006,15.0,0.132119298,13.0,0.006807514000000001,0.0
1,1,10.0756187,-0.369715035,-0.08785040699999999,0.159789145,15.0,0.13137437400000002,13.0,0.00493484,0.0
2,12349,10.0732279,-0.376946241,-0.088587679,0.159687862,15.0,0.130089194,13.0,0.003414619,0.0
