,Unnamed: 0,u,v,w,x,x bin,y,y bin,z,z bin
0,0,10.0879059,-0.432892561,-0.08740411,0.150018781,15.0,0.127755493,12.0,0.000169047,0.0
1,14492,10.0570927,-0.405775607,-0.105858654,0.158911973,15.0,0.124738686,12.0,0.003369906,0.0
0,0,10.0909023,-0.417651951,-0.06784506900000001,0.15178397300000002,15.0,0.129564986,12.0,-0.002915067,-1.0
1,1,10.0790281,-0.43773797200000003,-0.08917866699999999,0.151174977,15.0,0.126215056,12.0,-0.000573237,-1.0
2,2,10.0753832,-0.432359844,-0.067042433,0.152834669,15.0,0.126363635,12.0,-0.005392356,-1.0
3,3,10.045824099999999,-0.42795983,-0.056173991,0.15835791800000001,15.0,0.124690637,12.0,-0.008395049,-1.0
4,17492,10.0638847,-0.458910286,-0.06467294700000001,0.15086807300000002,15.0,0.123001523,12.0,-0.00799509,-1.0
