,Unnamed: 0,u,v,w,x,x bin,y,y bin,z,z bin
0,62997,4.761096,0.436174154,2.27061439,0.154320806,15.0,0.017773196,1.0,-0.008103456,-1.0
