,Unnamed: 0,u,v,w,x,x bin,y,y bin,z,z bin
0,0,9.44202137,-0.551403046,-0.36207968,0.151154906,15.0,0.081059173,8.0,0.009791425,0.0
1,1,9.56580448,-0.60991174,-0.367502749,0.152779147,15.0,0.08119642,8.0,0.006264309,0.0
2,2,9.76805019,-0.645727575,-0.3961968420000001,0.15827699,15.0,0.08142598,8.0,0.004365703,0.0
3,42776,9.70643711,-0.75083226,-0.394723058,0.153010249,15.0,0.080265671,8.0,0.001059253,0.0
0,0,9.95812321,-0.700266719,-0.236436963,0.157334358,15.0,0.089794241,8.0,-0.007137225,-1.0
1,1,9.9296875,-0.846197605,-0.25992655800000003,0.150188357,15.0,0.083101966,8.0,-0.006498212,-1.0
2,46779,9.89903545,-0.897392273,-0.25978601,0.150810868,15.0,0.08015341299999999,8.0,-0.007873411,-1.0
