,Unnamed: 0,u,v,w,x,x bin,y,y bin,z,z bin
0,0,9.97062206,0.138712049,0.606891036,0.168050408,16.0,0.003478814,0.0,-0.102763198,-11.0
1,1,10.0078201,0.074213058,0.5688328739999999,0.169585302,16.0,0.008992097,0.0,-0.10537215300000001,-11.0
2,124881,9.97335243,0.137178302,0.593321741,0.166412234,16.0,0.00274464,0.0,-0.105052754,-11.0
0,0,9.92209053,0.24044911600000002,0.6668679710000001,0.16097334,16.0,-0.008110016,-1.0,-0.104020029,-11.0
1,128268,9.97124386,0.142321631,0.577712655,0.167306781,16.0,-0.000143023,-1.0,-0.108561866,-11.0
