,Unnamed: 0,u,v,w,x,x bin,y,y bin,z,z bin
0,0,6.22721767,-0.349512875,0.9011621479999999,0.167524263,16.0,0.007008479000000001,0.0,-0.016504526000000002,-2.0
1,1,6.32868338,-0.663475871,0.8319497109999999,0.167632043,16.0,0.005250813000000001,0.0,-0.017233521,-2.0
2,2,6.67948532,-0.795765638,1.09551525,0.166711256,16.0,0.005045145,0.0,-0.019764351,-2.0
3,75114,6.33312321,-1.07233167,0.988898218,0.162657157,16.0,0.0022398870000000003,0.0,-0.019437078,-2.0
0,0,5.65716267,-1.64996493,0.646606803,0.163145691,16.0,-0.000723138,-1.0,-0.016431186,-2.0
1,1,5.06333494,-2.24587226,1.66274357,0.167350322,16.0,-0.008777684000000001,-1.0,-0.013114181,-2.0
2,2,6.11197996,-1.68085706,0.836412728,0.166097462,16.0,-0.0015124189999999999,-1.0,-0.018399254,-2.0
3,79201,6.00082397,-1.58084202,1.12549376,0.164825797,16.0,-0.00361004,-1.0,-0.019596661,-2.0
