,Unnamed: 0,u,v,w,x,x bin,y,y bin,z,z bin
0,129871,9.99657345,0.097654313,0.549144804,0.16697546800000002,16.0,0.002545679,0.0,-0.11228583,-12.0
0,129907,9.94739819,0.182276025,0.581014454,0.166974247,16.0,-0.006050567,-1.0,-0.110566057,-12.0
