,Unnamed: 0,u,v,w,x,x bin,y,y bin,z,z bin
0,140659,10.0416498,0.096868679,0.431375474,0.160991639,16.0,-0.005498263000000001,-1.0,-0.134441778,-14.0
