,Unnamed: 0,u,v,w,x,x bin,y,y bin,z,z bin
0,0,9.90921116,0.192048028,0.897470355,0.16548781099999998,16.0,0.004496797,0.0,-0.083128005,-9.0
1,1,9.91884518,0.20980963100000002,0.8173913359999999,0.16959875800000002,16.0,0.001408143,0.0,-0.087399818,-9.0
2,115402,9.92892647,0.16273078300000002,0.8064110879999999,0.167716324,16.0,0.0048427290000000005,0.0,-0.08802194199999999,-9.0
0,0,9.90189171,0.256967783,0.8942167759999999,0.169015527,16.0,-0.000238873,-1.0,-0.082230106,-9.0
1,1,9.89017582,0.31898042600000004,0.8752031920000001,0.167592853,16.0,-0.006030855999999999,-1.0,-0.08503931,-9.0
2,2,9.88425827,0.346445799,0.882015407,0.163321376,16.0,-0.007733355,-1.0,-0.08494898699999999,-9.0
3,3,9.89139652,0.307018936,0.821043015,0.16847857800000002,16.0,-0.006670064,-1.0,-0.08832694599999999,-9.0
4,117561,9.88440228,0.33974322700000004,0.859708369,0.164498299,16.0,-0.007998228000000001,-1.0,-0.085966438,-9.0
