,Unnamed: 0,u,v,w,x,x bin,y,y bin,z,z bin
0,105187,9.75401783,0.176822215,0.163518935,0.161339164,16.0,-0.103005759,-11.0,0.001945302,0.0
0,0,9.68725109,0.095121741,0.10955794199999999,0.160619318,16.0,-0.103423752,-11.0,-0.009839366,-1.0
1,114337,9.85604954,0.111408658,0.091670528,0.16386163199999998,16.0,-0.109318487,-11.0,-0.008626596,-1.0
