,Unnamed: 0,u,v,w,x,x bin,y,y bin,z,z bin
0,0,8.31219673,-0.28420499,1.66387427,0.16198073300000002,16.0,0.009106169,0.0,-0.041141145,-5.0
1,87528,8.8555212,-0.049156401,1.5229615,0.162360847,16.0,0.006638173000000001,0.0,-0.049352199000000006,-5.0
0,0,8.21476364,0.072245404,1.66392708,0.16529375300000002,16.0,-0.000525551,-1.0,-0.040968947,-5.0
1,1,8.78092861,0.289239317,1.55868471,0.163977459,16.0,-0.003400824,-1.0,-0.047596692999999995,-5.0
2,2,8.72342205,0.465379506,1.53566623,0.165396184,16.0,-0.008300667,-1.0,-0.045680758,-5.0
3,3,8.83884144,0.269260406,1.51813865,0.167009056,16.0,-0.003146516,-1.0,-0.047703105999999995,-5.0
4,94596,9.02124786,0.401291877,1.4147768,0.168297052,16.0,-0.006370589,-1.0,-0.049798701,-5.0
