,Unnamed: 0,u,v,w,x,x bin,y,y bin,z,z bin
0,0,10.041627900000002,0.047171149,0.47366687700000004,0.161280975,16.0,0.008083551,0.0,-0.126867667,-13.0
1,1,10.0261889,0.05978716200000001,0.449155599,0.168194011,16.0,0.006575512,0.0,-0.12782225,-13.0
2,2,10.0359774,0.043909434000000004,0.43283736700000003,0.169054449,16.0,0.009338613,0.0,-0.12901204800000002,-13.0
3,138411,10.033165,0.051818635,0.440825909,0.167660683,16.0,0.007863055,0.0,-0.129093647,-13.0
