,u,v,w,x,x bin,y,y bin,z,z bin
0,9.993616099999999,0.193667531,0.107896216,0.167328745,16.0,-0.111661866,-12.0,0.002142546,0.0
1,10.0078201,0.184870154,0.08808694,0.16306643199999998,16.0,-0.115133479,-12.0,0.000378635,0.0
2,10.005233800000001,0.192303196,0.095559903,0.16452731199999998,16.0,-0.114753723,-12.0,0.002011096,0.0
3,10.0084057,0.209458619,0.099291593,0.161473602,16.0,-0.115567349,-12.0,0.004292137,0.0
4,10.007577900000001,0.21494121800000002,0.10720146400000001,0.16822207,16.0,-0.11623273,-12.0,0.007724463000000002,0.0
5,10.0097466,0.217996791,0.106766887,0.169319972,16.0,-0.116924539,-12.0,0.008905129,0.0
6,10.0172081,0.192903414,0.089055754,0.167342931,16.0,-0.11889562,-12.0,0.004370776,0.0
7,10.0226746,0.233985722,0.099045664,0.160918131,16.0,-0.119333319,-12.0,0.008721735999999999,0.0
120451,10.019891699999999,0.202769428,0.08950135099999999,0.16379897300000001,16.0,-0.11943347,-12.0,0.005100327,0.0
