,Unnamed: 0,u,v,w,x,x bin,y,y bin,z,z bin
0,0,4.81819725,0.283145487,2.47180438,0.160645515,16.0,0.018245548,1.0,-0.004994649,-1.0
1,62999,4.75812769,-0.173162103,2.74517202,0.16937176899999998,16.0,0.018342866,1.0,-0.000335071,-1.0
