,u,v,w,x,x bin,y,y bin,z,z bin
0,10.0566015,-0.363301158,-0.101519078,0.16357450199999998,16.0,0.127172709,12.0,0.0073404540000000015,0.0
13642,10.057832699999999,-0.352728605,-0.078770913,0.169651955,16.0,0.128546581,12.0,0.000405889,0.0
