,Unnamed: 0,u,v,w,x,x bin,y,y bin,z,z bin
0,0,4.42155933,-0.245678514,0.954354644,0.16812719399999998,16.0,0.029475933,2.0,0.007236947,0.0
1,51964,4.91930628,-0.659572363,1.34036517,0.163873002,16.0,0.028663382,2.0,0.001302908,0.0
0,0,5.28190136,-0.6233192679999999,1.42582059,0.168992251,16.0,0.026811641,2.0,-0.0021491970000000003,-1.0
1,1,5.51901293,-0.874586284,1.17663908,0.162259385,16.0,0.029835206,2.0,-0.0052163570000000005,-1.0
2,54173,5.93850374,-0.8509479759999999,1.07515299,0.16849578899999998,16.0,0.029885424,2.0,-0.007906655,-1.0
