,u,v,w,x,x bin,y,y bin,z,z bin
0,5.32297611,-0.6498289110000001,0.627381384,0.169447973,16.0,0.036698051,3.0,0.002338069,0.0
1,4.60800123,-0.3487633470000001,0.7088139059999999,0.166416466,16.0,0.033811495,3.0,0.005597818,0.0
47718,4.0928873999999995,-0.190223157,0.8926465509999999,0.161261335,16.0,0.030489102,3.0,0.0075811559999999995,0.0
