,u,v,w,x,x bin,y,y bin,z,z bin
43589,5.15248966,-0.468874633,-0.014900044,0.16163934800000002,16.0,0.046965256,4.0,0.0049242209999999995,0.0
