,u,v,w,x,x bin,y,y bin,z,z bin
92717,6.90905142,0.037756097,0.502159595,0.173031107,17.0,-0.075301856,-8.0,0.002270755,0.0
