,Unnamed: 0,u,v,w,x,x bin,y,y bin,z,z bin
0,92717,6.90905142,0.037756097,0.502159595,0.173031107,17.0,-0.075301856,-8.0,0.002270755,0.0
0,0,6.71354055,-0.11849650699999999,0.45767489100000003,0.177833915,17.0,-0.075508311,-8.0,-7.53e-05,-1.0
1,1,6.69745827,-0.150059521,0.414814413,0.173952773,17.0,-0.077234544,-8.0,-0.0031239040000000003,-1.0
2,2,6.90633059,-0.116003774,0.43088561299999995,0.174650595,17.0,-0.078236818,-8.0,-0.002615329,-1.0
3,95204,7.190575599999999,-0.026845872000000003,0.452510148,0.171776861,17.0,-0.078932323,-8.0,-0.00011945,-1.0
