,Unnamed: 0,u,v,w,x,x bin,y,y bin,z,z bin
0,35816,5.02468157,-0.403197616,-0.041375861,0.17015405,17.0,0.006374772,0.0,0.041783676,4.0
