,Unnamed: 0,u,v,w,x,x bin,y,y bin,z,z bin
0,0,9.39112473,0.211288035,0.361063242,0.17792223399999998,17.0,-0.094623685,-10.0,0.00580982,0.0
1,1,9.56271553,0.254727185,0.306883872,0.171975195,17.0,-0.097919591,-10.0,0.008536305,0.0
2,2,9.13609219,0.217527568,0.420712888,0.17315661899999998,17.0,-0.091401875,-10.0,0.004623886,0.0
3,3,9.42216873,0.165684909,0.326153725,0.178112343,17.0,-0.096744254,-10.0,0.0038526529999999997,0.0
4,105068,8.88216877,0.125205755,0.398751765,0.177122504,17.0,-0.090651289,-10.0,0.001703603,0.0
0,0,9.51112747,0.10176757,0.218862295,0.171134427,17.0,-0.098832876,-10.0,-0.000466124,-1.0
1,1,8.59251881,-0.094905905,0.17036593,0.174869508,17.0,-0.091267489,-10.0,-0.008726913000000001,-1.0
2,2,9.02370358,0.039807454,0.292369068,0.17378875600000002,17.0,-0.092814751,-10.0,-0.0038208170000000002,-1.0
3,107563,9.481519699999998,0.028439228,0.155266374,0.173773497,17.0,-0.099147029,-10.0,-0.009324796,-1.0
