,Unnamed: 0,u,v,w,x,x bin,y,y bin,z,z bin
0,0,6.08413172,-0.221283555,-1.72062361,0.175690293,17.0,-0.033582754,-4.0,0.009211073,0.0
1,1,5.27368832,-1.1691947,-1.50507164,0.173210621,17.0,-0.034946207,-4.0,0.003373185,0.0
2,2,5.66827011,-0.49088957899999996,-1.62405729,0.172293097,17.0,-0.03494966,-4.0,0.007368275,0.0
3,3,5.27964783,-0.942114353,-1.47240877,0.171899065,17.0,-0.036216483,-4.0,0.004765047,0.0
4,4,5.44357395,-0.841140628,-1.38527668,0.176615462,17.0,-0.037776504,-4.0,0.005098879000000001,0.0
5,81468,5.66225767,-0.065480441,-1.27369094,0.17306307,17.0,-0.039671417,-4.0,0.00923364,0.0
0,65349,5.03564644,-1.99869561,-1.34467208,0.174100623,17.0,-0.032657672,-4.0,-0.001482361,-1.0
