,Unnamed: 0,u,v,w,x,x bin,y,y bin,z,z bin
0,0,9.58448982,0.214273274,0.267860502,0.17017430100000006,17.0,-0.100015201,-11.0,0.006588924,0.0
1,1,9.76465416,0.183110505,0.22614482,0.17996251600000002,17.0,-0.10238006699999999,-11.0,0.008395352,0.0
2,2,9.68178558,0.144235939,0.192755744,0.17067128399999998,17.0,-0.102313429,-11.0,0.00247923,0.0
3,3,9.80245686,0.179467976,0.202030748,0.17839139699999998,17.0,-0.105199531,-11.0,0.007324021999999999,0.0
4,107664,9.83895874,0.17635630100000002,0.17939180100000002,0.17713040100000002,17.0,-0.107706256,-11.0,0.006310595,0.0
0,0,9.60546684,0.07288536400000001,0.209480032,0.17982658699999998,17.0,-0.102652833,-11.0,-0.00419048,-1.0
1,1,9.75910664,0.118626639,0.152658388,0.17242658100000002,17.0,-0.10634913300000001,-11.0,-0.002586083,-1.0
2,109951,9.79768753,0.116285264,0.15630281,0.175974458,17.0,-0.107570395,-11.0,-0.003016631,-1.0
