,Unnamed: 0,u,v,w,x,x bin,y,y bin,z,z bin
0,0,9.98629379,0.149028301,0.08439764400000001,0.178481013,17.0,-0.117016941,-12.0,0.001006348,0.0
1,116520,10.006135,0.164411783,0.081715733,0.17777721600000002,17.0,-0.117446743,-12.0,0.002954823,0.0
0,0,10.0136795,0.119788945,0.057242531,0.174896568,17.0,-0.117094517,-12.0,-0.006430428,-1.0
1,118463,10.0120516,0.118977845,0.057350855,0.176569268,17.0,-0.117820263,-12.0,-0.0055564130000000005,-1.0
