,Unnamed: 0,u,v,w,x,x bin,y,y bin,z,z bin
0,0,6.21668386,-0.278529972,0.744462848,0.177675635,17.0,0.0065004319999999996,0.0,-0.015164994,-2.0
1,1,6.32076597,-0.613542199,0.658984721,0.177765951,17.0,0.004229585,0.0,-0.016046943,-2.0
2,2,6.77295256,-0.856214464,0.778222263,0.177997187,17.0,0.003674587,0.0,-0.01820104,-2.0
3,75115,6.32600069,-1.27171075,0.760802031,0.17412383899999995,17.0,0.000121785,0.0,-0.017871384,-2.0
0,0,5.59136772,-1.93781006,0.901302695,0.171966404,17.0,-0.0035010270000000003,-1.0,-0.015235859,-2.0
1,1,6.03622341,-1.89189529,1.05337429,0.17584633800000002,17.0,-0.004355554,-1.0,-0.016895464,-2.0
2,2,6.06730175,-1.86931813,1.29254079,0.17529279,17.0,-0.006588273,-1.0,-0.017522205,-2.0
3,79232,6.31489372,-1.68982625,1.27990675,0.177192748,17.0,-0.006175794,-1.0,-0.01871625,-2.0
