,u,v,w,x,x bin,y,y bin,z,z bin
0,10.080342300000002,-0.280790597,-0.06926693,0.175231993,17.0,0.144904524,14.0,0.009350897,0.0
1,10.0823994,-0.291201174,-0.05776727900000001,0.175454587,17.0,0.144360945,14.0,0.00095218,0.0
2,10.0828896,-0.275295377,-0.054587018,0.17827728399999998,17.0,0.146784708,14.0,0.001063177,0.0
10227,10.086496400000001,-0.264397532,-0.053120695,0.178342372,17.0,0.149162099,14.0,0.00143523,0.0
