,Unnamed: 0,u,v,w,x,x bin,y,y bin,z,z bin
0,49850,4.45565224,-0.357515365,1.31443787,0.170301542,17.0,0.025724364,2.0,0.007030392,0.0
0,0,5.75437784,-0.765170991,1.13231051,0.176034793,17.0,0.029694183,2.0,-0.001603571,-1.0
1,1,6.22705936,-0.737405062,1.10066354,0.17816515300000002,17.0,0.028611379,2.0,-0.007929481,-1.0
2,53962,5.70212841,-0.691122353,1.29298079,0.178612947,17.0,0.027547453,2.0,-0.001584425,-1.0
