,Unnamed: 0,u,v,w,x,x bin,y,y bin,z,z bin
0,0,10.0061655,0.067980915,0.410583794,0.185328782,18.0,0.005453031999999999,0.0,-0.123152874,-13.0
1,1,10.0004425,0.074716695,0.413121223,0.185787573,18.0,0.004152572,0.0,-0.122707784,-13.0
2,138416,10.0197582,0.051912092,0.365972579,0.188853592,18.0,0.00566286,0.0,-0.129718453,-13.0
0,137233,9.9874773,0.102563798,0.427595586,0.183930129,18.0,-0.003121275,-1.0,-0.124552451,-13.0
