,Unnamed: 0,u,v,w,x,x bin,y,y bin,z,z bin
0,0,7.4776063,0.122419253,0.48301398799999995,0.186089262,18.0,-0.076050334,-8.0,0.0056251719999999995,0.0
1,92888,7.709548,0.148859844,0.485658288,0.184829682,18.0,-0.077443868,-8.0,0.006333600000000001,0.0
0,0,6.67183638,-0.345526904,0.253722608,0.187940538,18.0,-0.077682369,-8.0,-0.007171176,-1.0
1,1,6.919136999999999,-0.153736919,0.42974567399999997,0.184862152,18.0,-0.076873042,-8.0,-0.0011242560000000001,-1.0
2,95185,7.21643734,-0.099309072,0.456675321,0.181697428,18.0,-0.079213694,-8.0,-0.0014619879999999998,-1.0
