,Unnamed: 0,u,v,w,x,x bin,y,y bin,z,z bin
0,0,8.41902733,-0.070688658,0.259090394,0.18539142600000005,18.0,-0.09062795300000001,-10.0,-0.00403609,-1.0
1,1,8.5934391,-0.053807925,0.254967719,0.187043816,18.0,-0.092011444,-10.0,-0.003344147,-1.0
2,2,9.40677357,-0.0019361410000000002,0.124011055,0.18678143600000002,18.0,-0.09826725,-10.0,-0.009895434,-1.0
3,3,9.58130455,0.060969178,0.22556603,0.188700318,18.0,-0.099928647,-10.0,-0.00341271,-1.0
4,4,8.68380165,-0.095130064,0.139099181,0.18053892300000002,18.0,-0.092715465,-10.0,-0.009719234,-1.0
5,109866,8.9802475,-0.063503228,0.132108167,0.18958202,18.0,-0.095400743,-10.0,-0.009346562,-1.0
