,u,v,w,x,x bin,y,y bin,z,z bin
63001,4.76421881,-0.937297225,2.21182251,0.18571409600000002,18.0,0.016345998,1.0,0.008204159,0.0
