,u,v,w,x,x bin,y,y bin,z,z bin
0,10.0592213,-0.27224412600000003,-0.07099273099999999,0.184369385,18.0,0.140575826,14.0,0.008998469,0.0
1,10.062314,-0.248689532,-0.060064454,0.18978661300000002,18.0,0.144820541,14.0,0.007981745,0.0
2,10.0649261,-0.27163997300000003,-0.064255655,0.184455872,18.0,0.142276749,14.0,0.007512696,0.0
3,10.058981900000001,-0.257162392,-0.058578134000000004,0.189730316,18.0,0.14253366,14.0,0.005742331,0.0
4,10.075795199999998,-0.264603972,-0.060362984,0.182097882,18.0,0.146434695,14.0,0.006239791999999999,0.0
5,10.057277699999998,-0.26612588800000003,-0.057320185,0.18896934399999998,18.0,0.140661195,14.0,0.003620687,0.0
6,10.0607815,-0.260365725,-0.054472394,0.188958615,18.0,0.142486304,14.0,0.00260771,0.0
9578,10.0667963,-0.288673788,-0.056688435,0.181725413,18.0,0.140097618,14.0,0.000258063,0.0
