,Unnamed: 0,u,v,w,x,x bin,y,y bin,z,z bin
0,0,10.031786,-0.28943488,-0.085325606,0.186238185,18.0,0.129675478,12.0,0.006997560999999999,0.0
1,1,10.0335302,-0.305617064,-0.089768104,0.181603342,18.0,0.128163159,12.0,0.006986741,0.0
2,2,10.0205383,-0.28951767100000003,-0.093934819,0.18933966800000002,18.0,0.124573931,12.0,0.006983735,0.0
3,13653,10.0254745,-0.30184477600000004,-0.084817216,0.187163234,18.0,0.124903992,12.0,0.003233478,0.0
0,0,10.0250797,-0.32182711399999997,-0.08148668,0.18467123800000002,18.0,0.122951992,12.0,-0.000919476,-1.0
1,1,10.0190516,-0.315050989,-0.08754058199999999,0.188817918,18.0,0.121585712,12.0,-0.000631256,-1.0
2,2,10.0150585,-0.318628967,-0.09294705800000001,0.189077944,18.0,0.12041378,12.0,-0.0005077069999999999,-1.0
3,16458,10.0197964,-0.324464619,-0.082807541,0.189494222,18.0,0.121081308,12.0,-0.004603925,-1.0
