,Unnamed: 0,u,v,w,x,x bin,y,y bin,z,z bin
0,0,6.0307889,-0.577559114,0.623010457,0.189572766,18.0,0.037079833,3.0,0.001718798,0.0
1,1,5.48258257,-0.443564534,0.6603701710000001,0.183616132,18.0,0.035250709,3.0,0.004055285,0.0
2,47691,4.97190285,-0.116825014,0.644834161,0.184968024,18.0,0.032900021,3.0,0.008280804000000001,0.0
0,0,6.54428673,-0.8099119659999999,0.790163875,0.188681915,18.0,0.034943946000000004,3.0,-0.0029922629999999998,-1.0
1,1,7.05301428,-0.979435802,0.738308072,0.186294183,18.0,0.035912383,3.0,-0.006867679000000001,-1.0
2,2,7.26845551,-1.07981706,0.616128862,0.181784093,18.0,0.037687398999999996,3.0,-0.008270054,-1.0
3,53937,6.55136442,-0.7569103840000001,1.05133033,0.188176736,18.0,0.030418713,3.0,-0.00606158,-1.0
