,Unnamed: 0,u,v,w,x,x bin,y,y bin,z,z bin
0,43590,5.85841656,-0.380934775,0.071324498,0.180414528,18.0,0.045465644000000006,4.0,0.005017927,0.0
0,0,7.39065981,-0.8732712859999999,0.07464692,0.18576002100000005,18.0,0.048424956,4.0,-0.001973418,-1.0
1,1,6.72933626,-0.930620372,0.35066199299999995,0.180198699,18.0,0.041986610999999986,4.0,-0.001731616,-1.0
2,2,7.60208845,-0.8106768129999999,0.055764202,0.189936191,18.0,0.048942179,4.0,-0.003658887,-1.0
3,3,7.3256855,-1.03699589,0.438499391,0.18481026600000008,18.0,0.040883739,4.0,-0.005977515,-1.0
4,4,7.59096336,-1.090657,0.377536118,0.183361217,18.0,0.042767572999999996,4.0,-0.006381839,-1.0
5,5,7.51957417,-1.0959053,0.445603251,0.18259272,18.0,0.041263998,4.0,-0.00720112,-1.0
6,6,8.23775768,-0.980624735,0.105740532,0.188994855,18.0,0.048847515,4.0,-0.007669181,-1.0
7,54005,8.47526169,-1.1027813,0.18318961600000006,0.18820852,18.0,0.047395144000000014,4.0,-0.009635898,-1.0
