,Unnamed: 0,u,v,w,x,x bin,y,y bin,z,z bin
0,0,9.95202446,-0.333800942,-0.20934163,0.18995179199999998,18.0,0.099984042,9.0,0.006428749,0.0
1,1,9.95376682,-0.391961813,-0.215167522,0.181753099,18.0,0.097891048,9.0,0.005296772,0.0
2,2,9.9397049,-0.404725254,-0.24331244800000001,0.185292184,18.0,0.092980206,9.0,0.003792665,0.0
3,3,9.93543053,-0.397744864,-0.251835018,0.18689701,18.0,0.091506369,9.0,0.004183297,0.0
4,4,9.9392519,-0.42418906100000003,-0.24491632,0.18664951600000002,18.0,0.0914305,9.0,0.00157196,0.0
5,30734,9.9390564,-0.401324153,-0.244933337,0.189706028,18.0,0.090550013,9.0,0.002549408,0.0
0,0,9.96221161,-0.435638845,-0.18505828100000002,0.188612908,18.0,0.099913247,9.0,-0.005434817,-1.0
1,32419,9.94548702,-0.513706625,-0.237184092,0.18277888,18.0,0.090548866,9.0,-0.005023980999999999,-1.0
