,u,v,w,x,x bin,y,y bin,z,z bin
0,5.3896265,-0.087573826,-0.680959225,0.197270885,19.0,-0.015444822,-2.0,0.006958878000000001,0.0
1,5.68825865,-0.254747868,-0.871673763,0.19544270600000002,19.0,-0.018184176,-2.0,0.005345061999999999,0.0
2,6.14595032,-0.178398058,-1.13765037,0.193086877,19.0,-0.019147722,-2.0,0.007770673,0.0
54395,4.99984741,-0.231944293,-0.628277659,0.194963157,19.0,-0.016870344,-2.0,0.003524034,0.0
