,Unnamed: 0,u,v,w,x,x bin,y,y bin,z,z bin
0,0,5.3896265,-0.087573826,-0.680959225,0.197270885,19.0,-0.015444821999999999,-2.0,0.006958878000000001,0.0
1,1,5.68825865,-0.254747868,-0.871673763,0.195442706,19.0,-0.018184176,-2.0,0.005345061999999999,0.0
2,2,6.14595032,-0.178398058,-1.13765037,0.193086877,19.0,-0.019147722,-2.0,0.0077706730000000005,0.0
3,54395,4.99984741,-0.231944293,-0.628277659,0.194963157,19.0,-0.016870344,-2.0,0.003524034,0.0
0,0,5.13649845,-1.32023358,1.43425822,0.198261097,19.0,-0.012429453,-2.0,-0.008700618,-1.0
1,1,4.86236,-0.95748508,0.616532385,0.19592979600000002,19.0,-0.017165996,-2.0,-0.005748672,-1.0
2,77146,5.38093376,-1.34427238,0.840166092,0.193965226,19.0,-0.018048229,-2.0,-0.007993522,-1.0
