,u,v,w,x,x bin,y,y bin,z,z bin
0,9.53028393,0.060292248,0.27090120300000003,0.197552502,19.0,-0.10029696699999999,-11.0,0.0023439629999999997,0.0
1,9.60996532,0.06497850299999999,0.23982282,0.196391314,19.0,-0.103807092,-11.0,0.00167352,0.0
109979,9.73083878,0.073411763,0.18737264,0.19898904899999997,19.0,-0.109298065,-11.0,0.0025615860000000002,0.0
