,Unnamed: 0,u,v,w,x,x bin,y,y bin,z,z bin
0,0,9.98170376,0.039641067,-0.293945372,0.199626058,19.0,0.00076207,0.0,0.112879597,11.0
1,39276,9.98868465,0.036001496,-0.301631689,0.194500029,19.0,0.0008805239999999998,0.0,0.115589887,11.0
0,0,9.98320961,0.053353466,-0.285158217,0.19719997,19.0,-0.004841720999999999,-1.0,0.119289674,11.0
1,1,9.96143436,0.060286339,-0.34653416299999995,0.190256745,19.0,-0.005187781,-1.0,0.11055303400000001,11.0
2,45379,9.97213364,0.06008926,-0.312690943,0.195480198,19.0,-0.006981632,-1.0,0.111952171,11.0
