,Unnamed: 0,u,v,w,x,x bin,y,y bin,z,z bin
0,0,10.0057182,0.023276888,-0.273207188,0.195597976,19.0,0.004900835,0.0,0.1228135,12.0
1,1,10.0080051,0.018245077,-0.25823766,0.199807018,19.0,0.00759562,0.0,0.12292441,12.0
2,43219,10.0052595,0.02576223,-0.272773594,0.195593268,19.0,0.003891864,0.0,0.123298287,12.0
0,0,9.99384785,0.043934736,-0.28935372800000003,0.192682266,19.0,-0.002986861,-1.0,0.122216567,12.0
1,1,10.000036199999998,0.038581725,-0.279884934,0.19392755600000008,19.0,-0.001275682,-1.0,0.124059245,12.0
2,2,9.99099064,0.057705507,-0.281477541,0.194199443,19.0,-0.00818449,-1.0,0.124985352,12.0
3,3,9.99949551,0.051978767,-0.279745668,0.192692578,19.0,-0.00711517,-1.0,0.12721887199999998,12.0
4,49502,10.004263900000002,0.043122228,-0.252170771,0.199610144,19.0,-0.00260867,-1.0,0.128468007,12.0
