,u,v,w,x,x bin,y,y bin,z,z bin
0,5.47242832,-1.27916408,-1.01534009,0.19234553,19.0,-0.04094239,-5.0,0.0015764589999999999,0.0
1,5.82553673,-0.20533292,-0.8499454259999999,0.19063653100000005,19.0,-0.044583451,-5.0,0.008543806,0.0
85734,5.96201468,-0.12040773,-0.855925918,0.191109836,19.0,-0.044525325,-5.0,0.009331631,0.0
