,u,v,w,x,x bin,y,y bin,z,z bin
0,10.0148363,-0.254913539,-0.098152295,0.199639276,19.0,0.124475203,12.0,0.009839781,0.0
1,10.014107699999999,-0.261681825,-0.098802142,0.19810932899999997,19.0,0.123671412,12.0,0.009312349000000001,0.0
2,10.0112371,-0.271724969,-0.103623852,0.195276067,19.0,0.122138217,12.0,0.009789764,0.0
14523,10.0186567,-0.299833864,-0.090007454,0.19040119600000002,19.0,0.12231455,12.0,0.002781434,0.0
