,Unnamed: 0,u,v,w,x,x bin,y,y bin,z,z bin
0,0,9.97428322,-0.3755401370000001,-0.15688796300000002,0.198547065,19.0,0.103452161,10.0,-0.006409491,-1.0
1,1,9.97479248,-0.35044997899999997,-0.152035326,0.198669344,19.0,0.105202451,10.0,-0.0039803040000000005,-1.0
2,2,9.94961071,-0.34651228799999995,-0.18267867,0.198509678,19.0,0.101848081,10.0,-0.001778147,-1.0
3,3,9.96635437,-0.37966257299999995,-0.142700732,0.19884783,19.0,0.102617443,10.0,-0.008949683,-1.0
4,28659,9.96710873,-0.440331548,-0.17290546,0.190354913,19.0,0.100461215,10.0,-0.007394831,-1.0
