,Unnamed: 0,u,v,w,x,x bin,y,y bin,z,z bin
0,0,10.0620518,-0.234444469,-0.060135141,0.192439824,19.0,0.146744475,14.0,0.009872319,0.0
1,1,10.0655317,-0.217288703,-0.058369502000000004,0.195653468,19.0,0.14961443800000002,14.0,0.009996671,0.0
2,2,10.0645638,-0.222179815,-0.057234414,0.195610285,19.0,0.147854209,14.0,0.008164226,0.0
3,3,10.0676422,-0.219886571,-0.055392794,0.19495499100000002,19.0,0.14945323800000002,14.0,0.007486210999999999,0.0
4,4,10.0677032,-0.228789583,-0.05373428400000002,0.193284065,19.0,0.148045406,14.0,0.005365206,0.0
5,5,10.0607996,-0.23258763600000001,-0.055534795,0.19626808199999998,19.0,0.14444977,14.0,0.004726465,0.0
6,9024,10.0651608,-0.231816545,-0.052356130999999986,0.194984347,19.0,0.145888433,14.0,0.002948584,0.0
