,Unnamed: 0,u,v,w,x,x bin,y,y bin,z,z bin
0,0,10.840500800000001,0.048153125,0.009881431,0.017606732,1.0,-0.130663216,-14.0,0.004225171,0.0
1,127505,10.8396358,0.071515776,0.010998742,0.018638775,1.0,-0.130132407,-14.0,0.001930975,0.0
0,0,10.8310909,-0.10438633,0.006837995,0.01175426,1.0,-0.134641886,-14.0,-0.003662227,-1.0
1,1,10.7765617,0.007581974,0.009762048,0.017484784,1.0,-0.13552497300000002,-14.0,-0.002606759,-1.0
2,2,10.8570013,-0.136448994,0.002930791,0.010723673000000001,1.0,-0.134216487,-14.0,-0.006288981,-1.0
3,133850,10.7750206,0.01618623,0.012485737,0.01826036,1.0,-0.135336474,-14.0,-0.005530811,-1.0
