,Unnamed: 0,u,v,w,x,x bin,y,y bin,z,z bin
0,137206,11.0233793,0.054057155,0.269720107,0.018771827,1.0,0.001254722,0.0,-0.133336231,-14.0
0,0,11.0053959,0.057358805,0.19036328800000002,0.015106468999999999,1.0,-0.000775932,-1.0,-0.133944616,-14.0
1,1,11.0092859,0.06751175200000001,0.22853829,0.017056733,1.0,-0.007655981999999999,-1.0,-0.132316515,-14.0
2,2,10.982259800000001,0.064395078,0.114094131,0.011716627,1.0,-0.006048455,-1.0,-0.134248808,-14.0
3,3,10.9801769,0.067442104,0.137316585,0.013019107,1.0,-0.008087626,-1.0,-0.133921593,-14.0
4,4,10.9501448,0.06204899,0.091232799,0.011254348,1.0,-0.006718229,-1.0,-0.136083454,-14.0
5,140646,10.9426851,0.064058125,0.122557223,0.0130869,1.0,-0.008752737,-1.0,-0.136108607,-14.0
