,Unnamed: 0,u,v,w,x,x bin,y,y bin,z,z bin
0,0,11.246274900000001,-0.207227871,-0.094244421,0.016369175,1.0,0.11952676599999999,11.0,0.006759705,0.0
1,1,11.2872772,-0.29701197100000004,-0.08963586400000001,0.018632289,1.0,0.116645359,11.0,0.001308167,0.0
2,2,11.366030699999998,-0.262388676,-0.079202265,0.014441319,1.0,0.11449454,11.0,0.00019221,0.0
3,25392,11.50243,-0.14284265,-0.116338849,0.012741655,1.0,0.111320421,11.0,0.004983223,0.0
0,0,11.2364683,-0.27579245,-0.02826282,0.016715616000000003,1.0,0.11727941,11.0,-0.003495357,-1.0
1,1,11.2321358,-0.322865516,-0.054293677,0.01945249,1.0,0.117422663,11.0,-0.001405993,-1.0
2,2,11.2921724,-0.32000947,-0.023611389,0.01623971,1.0,0.114798933,11.0,-0.00421898,-1.0
3,26948,11.3462076,-0.239282802,-0.049858317,0.013492279,1.0,0.114157021,11.0,-0.006965461,-1.0
