,u,v,w,x,x bin,y,y bin,z,z bin
0,11.3508606,0.853835702,0.250915617,0.024836535,2.0,-0.090743057,-10.0,0.006356652,0.0
1,11.346055999999999,0.7290423509999999,0.287772298,0.021377055,2.0,-0.090642549,-10.0,0.001149065,0.0
2,11.290266,0.8586832879999999,0.257689357,0.026273578,2.0,-0.091314428,-10.0,0.005320241999999999,0.0
3,10.8669481,0.814114571,0.415971845,0.028660348,2.0,-0.091236725,-10.0,0.000760444,0.0
4,11.4389248,0.584044576,0.225185663,0.022784445,2.0,-0.093730889,-10.0,0.00647809,0.0
5,11.467785800000001,0.5147661570000001,0.216468915,0.022245916,2.0,-0.094496191,-10.0,0.006919601,0.0
6,11.214007400000002,0.647612035,0.17001143100000002,0.029877026,2.0,-0.099477053,-10.0,0.006767199000000001,0.0
100270,11.247587199999998,0.571085811,0.19748193,0.026029787999999998,2.0,-0.098636575,-10.0,0.002051533,0.0
