,Unnamed: 0,u,v,w,x,x bin,y,y bin,z,z bin
0,0,10.9472895,0.014927053999999999,-0.10011109,0.020771883,2.0,0.001696882,0.0,0.12851958,12.0
1,41225,10.8818331,0.005445042,-0.232661799,0.028916217,2.0,0.007578569,0.0,0.129697144,12.0
0,0,10.8633394,0.025437515,-0.215880543,0.027682758999999998,2.0,-0.00374874,-1.0,0.129171535,12.0
1,43239,10.9125195,0.012809328,-0.137372136,0.022913374,2.0,-0.000393693,-1.0,0.12993617400000002,12.0
