,Unnamed: 0,u,v,w,x,x bin,y,y bin,z,z bin
0,135821,10.9668999,0.049600199000000005,0.403120637,0.028094553,2.0,0.006125859,0.0,-0.13163203,-14.0
0,0,10.887120199999998,0.056613244000000014,0.36738801,0.026995853,2.0,-0.004582293,-1.0,-0.135409266,-14.0
1,1,10.8188047,0.054147075999999995,0.371939391,0.029022321,2.0,-0.001808452,-1.0,-0.137722179,-14.0
2,2,10.876273199999998,0.052349389,0.307209522,0.024051905,2.0,-0.005791571999999999,-1.0,-0.138072446,-14.0
3,3,10.9170656,0.053682413,0.250226289,0.020137504,2.0,-0.007554676999999998,-1.0,-0.138197541,-14.0
4,141603,10.869832,0.058425441,0.283106565,0.023052983,2.0,-0.009523874,-1.0,-0.138003379,-14.0
