,Unnamed: 0,u,v,w,x,x bin,y,y bin,z,z bin
0,141608,10.783802,0.052437823,0.307194173,0.026256718,2.0,-0.008413863,-1.0,-0.140786365,-15.0
