,Unnamed: 0,u,v,w,x,x bin,y,y bin,z,z bin
0,0,11.2120686,0.272896975,0.055579122,0.022721041,2.0,-0.110752709,-12.0,0.00282668,0.0
1,114388,10.9843502,0.277547628,0.018840365,0.024375778,2.0,-0.11703217,-12.0,0.004717783,0.0
0,0,11.0858879,0.244122192,0.046497632000000004,0.021642237999999998,2.0,-0.11242260800000001,-12.0,-0.004584611,-1.0
1,1,11.0389566,0.389506012,0.059848823,0.026680984,2.0,-0.112035364,-12.0,-0.001173094,-1.0
2,2,10.876838699999999,0.405784011,0.092089832,0.029609326000000002,2.0,-0.111160405,-12.0,-0.007549546,-1.0
3,112178,11.0712595,0.251300007,0.033384476,0.0229447,2.0,-0.112790748,-12.0,-0.006720006,-1.0
