,u,v,w,x,x bin,y,y bin,z,z bin
0,11.4449654,-0.508069992,-0.151340812,0.024415996,2.0,0.109362096,10.0,0.003702737,0.0
32579,11.5308714,-0.761484802,-0.18399615600000002,0.02463153,2.0,0.101903304,10.0,0.00257232,0.0
