,u,v,w,x,x bin,y,y bin,z,z bin
0,11.1010923,0.752246082,0.167751402,0.033615079,3.0,-0.100142404,-11.0,0.006512199000000001,0.0
1,11.0727615,0.592948794,0.106753178,0.031198278,3.0,-0.106055416,-11.0,0.004502313,0.0
2,10.975125300000002,0.609757066,0.076305613,0.033603199,3.0,-0.108845606,-11.0,0.006210861,0.0
102766,11.0330677,0.564087808,0.073708072,0.032278679,3.0,-0.108419053,-11.0,0.008253998,0.0
