,Unnamed: 0,u,v,w,x,x bin,y,y bin,z,z bin
0,0,10.723759699999999,0.010684963,-0.175182074,0.032993689,3.0,0.003867276,0.0,0.142422706,14.0
1,42812,10.7446156,0.011743615,-0.185166895,0.032941237000000005,3.0,0.0035649270000000007,0.0,0.140471786,14.0
