,Unnamed: 0,u,v,w,x,x bin,y,y bin,z,z bin
0,39273,10.8371906,0.029053073,-0.4449341,0.036985409,3.0,0.000426596,0.0,0.123383038,12.0
0,0,10.9591656,0.038098164,-0.478766054,0.030696005,3.0,-0.00022291700000000002,-1.0,0.12006236599999999,12.0
1,1,10.8273067,0.043350644,-0.371780485,0.03568393,3.0,-0.0031217690000000004,-1.0,0.126083151,12.0
2,2,10.8183727,0.045406412,-0.34600365200000005,0.034909286,3.0,-0.005745239,-1.0,0.126617119,12.0
3,45310,10.7716274,0.042952627,-0.328997999,0.037511796,3.0,-0.004858502,-1.0,0.12974780800000002,12.0
