,u,v,w,x,x bin,y,y bin,z,z bin
0,11.1328688,-0.515675008,-0.156305581,0.033146537999999996,3.0,0.11788418099999999,11.0,0.004996574,0.0
1,11.1950741,-0.477749765,-0.163563967,0.030579452000000007,3.0,0.117399752,11.0,0.00743614,0.0
2,11.06674,-0.581066966,-0.11759445800000001,0.035466127,3.0,0.118331209,11.0,8.190000000000001e-05,0.0
3,11.1675978,-0.542671919,-0.15741735699999998,0.033160586,3.0,0.116353795,11.0,0.003286442,0.0
4,11.155679699999999,-0.5627982020000001,-0.167350784,0.034204684,3.0,0.11436885599999999,11.0,0.007718498000000002,0.0
5,11.1468487,-0.565112591,-0.16912514,0.034486096,3.0,0.113993883,11.0,0.009374585,0.0
6,11.1778364,-0.567886591,-0.16589500000000001,0.033862698999999996,3.0,0.114426769,11.0,0.0048688790000000004,0.0
7,11.146212599999998,-0.671059251,-0.18200779,0.037348189,3.0,0.110036388,11.0,0.007586529,0.0
25383,11.097262400000002,-0.683505833,-0.149273008,0.038718265,3.0,0.112145983,11.0,0.001066625,0.0
