,u,v,w,x,x bin,y,y bin,z,z bin
0,10.741251,-0.24074105899999998,-0.070133247,0.03111209,3.0,0.139571369,13.0,0.0073330090000000014,0.0
1,10.7455082,-0.2492944,-0.071078159,0.031101205,3.0,0.138525814,13.0,0.005878715,0.0
2,10.735374499999999,-0.276084393,-0.076453567,0.031068645,3.0,0.138013646,13.0,0.0027254959999999996,0.0
3,10.7590494,-0.267564654,-0.07611854400000001,0.031078786,3.0,0.136600912,13.0,0.006159776,0.0
4,10.751997900000001,-0.297050297,-0.086368203,0.033532355,3.0,0.13550961,13.0,0.008554143,0.0
5,10.7193289,-0.361419588,-0.103770398,0.038825829,3.0,0.134040251,13.0,0.008552676,0.0
6,10.7403688,-0.29307577,-0.08072845599999999,0.031003244,3.0,0.136791274,13.0,0.00205146,0.0
7,10.759815199999998,-0.288811505,-0.081091352,0.030999124,3.0,0.135495305,13.0,0.004667026,0.0
13106,10.7571487,-0.305158377,-0.08205072599999999,0.030927781,3.0,0.135723531,13.0,0.000707124,0.0
