,Unnamed: 0,u,v,w,x,x bin,y,y bin,z,z bin
0,135815,10.7424231,0.044816382,0.609478772,0.04502967,4.0,0.0074425659999999986,0.0,-0.130057111,-14.0
0,137225,10.7106352,0.103984497,0.66435194,0.049096763,4.0,-0.005765506,-1.0,-0.130612791,-14.0
