,Unnamed: 0,u,v,w,x,x bin,y,y bin,z,z bin
0,0,10.8701153,0.16831903199999998,0.8610011940000001,0.043684013,4.0,-0.006268099,-1.0,-0.120165527,-13.0
1,1,10.8069181,0.164280191,0.862810135,0.046866145,4.0,-0.006891581999999999,-1.0,-0.121331669,-13.0
2,2,10.742938,0.103098996,0.73769623,0.049028962999999995,4.0,-0.0016884789999999999,-1.0,-0.12748386,-13.0
3,134554,10.7628984,0.133047372,0.783944845,0.04840501,4.0,-0.006368563000000001,-1.0,-0.12578553,-13.0
