,Unnamed: 0,u,v,w,x,x bin,y,y bin,z,z bin
0,0,10.8445921,0.8290638920000001,0.142572641,0.047061324,4.0,-0.10300958199999999,-11.0,0.009647235,0.0
1,1,10.7902584,0.737958908,0.115288615,0.047455318,4.0,-0.106718428,-11.0,0.007358036,0.0
2,2,10.813486099999999,0.690269947,0.123975962,0.042728767,4.0,-0.10783375099999999,-11.0,0.003786148,0.0
3,105174,10.738751400000002,0.692186773,0.112088852,0.049420744,4.0,-0.108394444,-11.0,0.004013491,0.0
0,0,10.4403763,0.716391206,0.280937463,0.044861037,4.0,-0.106146522,-11.0,-0.00087887,-1.0
1,1,10.5193348,0.555645287,0.206897885,0.049486768,4.0,-0.105252601,-11.0,-0.009412645,-1.0
2,2,10.3855457,0.669651508,0.303161532,0.044801109000000006,4.0,-0.10500673199999999,-11.0,-0.006319863,-1.0
3,109929,10.5592442,0.549121737,0.172197595,0.04604049,4.0,-0.109068878,-11.0,-0.008284247,-1.0
