,Unnamed: 0,u,v,w,x,x bin,y,y bin,z,z bin
0,142464,10.6774292,0.07410277400000001,0.428082287,0.042774119000000006,4.0,-0.009128181,-1.0,-0.142450616,-15.0
