,Unnamed: 0,u,v,w,x,x bin,y,y bin,z,z bin
0,0,10.7776184,-0.665634513,-0.124575146,0.045439422,4.0,0.119332246,11.0,0.004087674,0.0
1,1,10.8406143,-0.676597357,-0.12925936300000002,0.044142362000000004,4.0,0.117843658,11.0,0.002259096,0.0
2,22617,10.8822536,-0.75970453,-0.16652602,0.045121845,4.0,0.112019598,11.0,0.009147306,0.0
0,0,11.0273066,-0.7290849090000001,-0.124558054,0.040961843,4.0,0.112602718,11.0,-0.001176441,-1.0
1,1,10.8755474,-0.836473823,-0.079966053,0.046838068,4.0,0.111188836,11.0,-0.008229453000000001,-1.0
2,28667,10.9818039,-0.8246320490000001,-0.110929169,0.044407703,4.0,0.110005148,11.0,-0.0032008920000000003,-1.0
