,Unnamed: 0,u,v,w,x,x bin,y,y bin,z,z bin
0,0,10.8638144,-1.38568509,-0.596533298,0.040431757,4.0,0.089903645,8.0,0.009745719,0.0
1,1,10.6414156,-1.71920705,-0.419168323,0.042667616,4.0,0.08858471400000001,8.0,0.00450558,0.0
2,2,10.19732,-1.93425989,-0.45812547200000003,0.045889989000000006,4.0,0.08482422699999999,8.0,0.002736453,0.0
3,3,9.87565422,-2.16570544,-0.4402593970000001,0.040870555,4.0,0.080515675,8.0,0.001626689,0.0
4,4,10.7720699,-1.6738738999999998,-0.38655135,0.049024079000000005,4.0,0.08953250900000001,8.0,0.001611245,0.0
5,46937,10.7048864,-1.82737577,-0.282355577,0.04191006,4.0,0.088260591,8.0,0.001606206,0.0
0,0,9.97537231,-2.15130615,-0.381653756,0.049692236,4.0,0.082201317,8.0,-0.001240607,-1.0
1,1,10.422575,-2.03561258,-0.15900591,0.046319593,4.0,0.085835569,8.0,-0.005584715,-1.0
2,57553,10.5163279,-1.90368819,-0.08941438800000001,0.045493674000000005,4.0,0.08795160099999999,8.0,-0.009348708,-1.0
