,Unnamed: 0,u,v,w,x,x bin,y,y bin,z,z bin
0,0,10.4821978,0.15931046,0.047307018,0.054599725,5.0,-0.147906676,-15.0,0.0005411869999999999,0.0
1,1,10.4816799,0.15736013699999998,0.046693012,0.05462268,5.0,-0.148574233,-15.0,0.001934846,0.0
2,2,10.483345,0.161720723,0.047537591,0.054603085,5.0,-0.147956803,-15.0,0.003835503,0.0
3,136645,10.4767103,0.157831833,0.045243785,0.055445299,5.0,-0.149533063,-15.0,0.00416528,0.0
0,135291,10.4956703,0.213683248,0.047015607,0.05515781,5.0,-0.142371267,-15.0,-0.00248587,-1.0
