,Unnamed: 0,u,v,w,x,x bin,y,y bin,z,z bin
0,0,7.04939079,0.125035763,2.99407911,0.058578476,5.0,0.004503055,0.0,-0.062977545,-7.0
1,1,7.44775867,0.204912275,2.99376202,0.053668194,5.0,0.002240535,0.0,-0.066293635,-7.0
2,2,8.63538551,-0.06769608,3.16619253,0.0548294,5.0,0.008487959,0.0,-0.069787547,-7.0
3,3,8.20112038,0.053207375,3.14051676,0.054168399000000006,5.0,0.005520413,0.0,-0.06859339,-7.0
4,83302,8.02455807,0.22844395,3.00978708,0.054284222,5.0,0.001902814,0.0,-0.068800889,-7.0
0,0,6.81417656,0.425336182,2.61415529,0.055204593,5.0,-0.003573513,-1.0,-0.06564413,-7.0
1,1,7.03644419,0.515446424,2.55539536,0.055798389000000004,5.0,-0.006205938,-1.0,-0.066731989,-7.0
2,85478,7.86276865,0.593190491,2.7078352000000003,0.053062569,5.0,-0.007707059,-1.0,-0.069427267,-7.0
