,Unnamed: 0,u,v,w,x,x bin,y,y bin,z,z bin
0,0,10.8439159,0.092330404,1.06704831,0.052855067,5.0,0.006046902,0.0,-0.113989122,-12.0
1,128244,10.821353,0.12420705,0.967523277,0.050558742,5.0,0.004586588,0.0,-0.118854575,-12.0
0,0,10.7374802,0.18434163899999997,1.16035283,0.059966322,5.0,-0.000394574,-1.0,-0.11192558,-12.0
1,1,10.747385,0.221006021,1.22126126,0.058451697,5.0,-0.002220782,-1.0,-0.110402241,-12.0
2,2,10.716811199999999,0.168752462,1.02662361,0.059854109,5.0,-0.0017829,-1.0,-0.117435209,-12.0
3,129905,10.703222300000002,0.193977296,0.954878986,0.058495004,5.0,-0.008176048,-1.0,-0.119143449,-12.0
