,Unnamed: 0,u,v,w,x,x bin,y,y bin,z,z bin
0,0,9.76557541,-0.037959997,-1.53228927,0.05914142,5.0,0.007958994,0.0,0.081907243,8.0
1,1,9.93105984,-0.009246842,-1.51200354,0.055139802,5.0,0.005417329,0.0,0.08447782,8.0
2,2,10.1736231,0.025361266,-1.54832792,0.053470897999999996,5.0,0.003363627,0.0,0.085608035,8.0
3,3,10.5184011,0.020773368,-1.44671226,0.05894291400000001,5.0,0.003978804,0.0,0.089342423,8.0
4,4,9.91554642,0.0327194,-1.64184856,0.050312851,5.0,0.003686076,0.0,0.08270537900000001,8.0
5,30156,9.49652386,-0.021830017,-1.52901077,0.055596788,5.0,0.004252438,0.0,0.080904968,8.0
0,0,10.4252987,0.057290465,-1.48973739,0.05601497,5.0,-0.002142118,-1.0,0.087387458,8.0
1,1,10.1571856,0.07090793599999999,-1.5908978,0.052445062,5.0,-0.002520975,-1.0,0.08426499400000001,8.0
2,36251,10.574506800000002,0.111771107,-1.40600073,0.052930269,5.0,-0.009953309,-1.0,0.08903911,8.0
