,Unnamed: 0,u,v,w,x,x bin,y,y bin,z,z bin
0,138419,10.5079346,0.048108771,0.605761707,0.066560537,6.0,0.002758828,0.0,-0.135031775,-14.0
0,0,10.4822721,0.110932648,0.669974983,0.069243394,6.0,-0.004302673,-1.0,-0.13114178199999998,-14.0
1,1,10.53018,0.06841217,0.53344804,0.061587750999999996,6.0,-0.002311853,-1.0,-0.139809355,-14.0
2,140641,10.5124435,0.075528495,0.547325015,0.06398203200000001,6.0,-0.004315188,-1.0,-0.139712334,-14.0
