,Unnamed: 0,u,v,w,x,x bin,y,y bin,z,z bin
0,0,10.5265627,0.754873633,0.2007498,0.062012348,6.0,-0.100325875,-11.0,0.003760413,0.0
1,1,10.4601374,0.624238968,0.140168786,0.067280464,6.0,-0.10630220900000001,-11.0,0.0007484089999999999,0.0
2,105206,10.4733791,0.635540009,0.107410476,0.06601844700000001,6.0,-0.109636992,-11.0,0.005752833000000001,0.0
0,0,10.4468784,0.6075407270000001,0.215614423,0.064296678,6.0,-0.100116305,-11.0,-0.005872766,-1.0
1,105154,10.4935923,0.606729269,0.17118494199999998,0.061110612,6.0,-0.104472324,-11.0,-0.002839871,-1.0
