,u,v,w,x,x bin,y,y bin,z,z bin
0,9.65417099,1.19965696,0.802122951,0.061927095,6.0,-0.081420705,-9.0,0.006844991999999999,0.0
1,9.83150482,1.16267931,0.74701941,0.06090467400000001,6.0,-0.083176225,-9.0,0.0073409719999999986,0.0
2,9.84622383,1.10615575,0.6240642670000001,0.06697903599999999,6.0,-0.08591759199999999,-9.0,0.008314347,0.0
3,9.22105026,0.957156658,0.726335168,0.060754638,6.0,-0.082152084,-9.0,0.002766785,0.0
4,9.94912434,1.04773235,0.59631443,0.06372481599999999,6.0,-0.088056624,-9.0,0.006751325,0.0
5,9.76294518,0.8398081059999999,0.541049659,0.06455838700000001,6.0,-0.08841721,-9.0,0.002379848,0.0
92916,9.65777588,0.91878885,0.650875926,0.063399509,6.0,-0.08513727,-9.0,0.00231604,0.0
