,Unnamed: 0,u,v,w,x,x bin,y,y bin,z,z bin
0,0,10.531621,-0.883037686,-0.206132308,0.069769107,6.0,0.109911852,10.0,0.003306747,0.0
1,1,10.6353292,-0.888526797,-0.204574525,0.06213384900000001,6.0,0.109070234,10.0,0.004272509,0.0
2,2,10.6622763,-0.91312027,-0.229392931,0.060183253,6.0,0.107157126,10.0,0.006119177,0.0
3,3,10.6090269,-0.945134461,-0.22320413600000005,0.063953653,6.0,0.106783912,10.0,0.003038724,0.0
4,4,10.6567278,-0.9391886,-0.238306016,0.060494758,6.0,0.106102146,10.0,0.005643820999999999,0.0
5,5,10.594965,-0.957937777,-0.27649328100000004,0.065143004,6.0,0.10446474,10.0,0.008067418,0.0
6,28752,10.5504904,-0.968426526,-0.253950983,0.068308801,6.0,0.105281636,10.0,0.0044392,0.0
0,0,10.5391083,-1.00608599,-0.095874734,0.06857429400000001,6.0,0.10704466,10.0,-0.007920314,-1.0
1,34308,10.5764027,-1.17358756,-0.12752758,0.064128913,6.0,0.10031724,10.0,-0.007775088,-1.0
