,Unnamed: 0,u,v,w,x,x bin,y,y bin,z,z bin
0,0,10.5154352,-0.7560479640000001,-0.187123582,0.069091335,6.0,0.117246538,11.0,0.006089696,0.0
1,1,10.6163158,-0.789276958,-0.185500935,0.061921164,6.0,0.11530630300000001,11.0,0.005671432,0.0
2,23849,10.5487461,-0.834500492,-0.165026456,0.06746842,6.0,0.11415115,11.0,0.0007411210000000001,0.0
0,0,10.64112,-0.813534379,-0.117802218,0.060809538,6.0,0.11512395,11.0,-0.003786773,-1.0
1,1,10.5354004,-0.824408114,-0.145051122,0.068559647,6.0,0.114880286,11.0,-0.001853974,-1.0
2,25349,10.5873032,-0.8729366059999999,-0.163820997,0.065169789,6.0,0.111915469,11.0,-0.000365669,-1.0
