,Unnamed: 0,u,v,w,x,x bin,y,y bin,z,z bin
0,18633,10.5247765,-0.669593096,-0.108359993,0.068905801,6.0,0.12320295,12.0,-0.001953732,-1.0
