,Unnamed: 0,u,v,w,x,x bin,y,y bin,z,z bin
0,32532,10.5694828,-1.0756005,-0.333575606,0.06576581299999999,6.0,0.099683106,9.0,0.009512043,0.0
0,0,10.548625900000001,-1.21497035,-0.206984118,0.06535068200000001,6.0,0.098454744,9.0,-0.003692562,-1.0
1,1,10.5141315,-1.26038933,-0.156499952,0.06806232,6.0,0.09663637,9.0,-0.007470908,-1.0
2,2,10.5123844,-1.20869339,-0.113011576,0.06982065,6.0,0.09754624199999999,9.0,-0.009517526,-1.0
3,3,10.4626293,-1.4721725,-0.211581245,0.067796312,6.0,0.091905348,9.0,-0.008226638,-1.0
4,4,10.4822731,-1.58140182,-0.294405103,0.060591355,6.0,0.09239464300000001,9.0,-0.002826719,-1.0
5,5,10.4674196,-1.57516253,-0.176793963,0.06321337099999999,6.0,0.092087239,9.0,-0.009913627,-1.0
6,6,10.452603300000002,-1.55821657,-0.23246051399999998,0.065825194,6.0,0.09087832300000001,9.0,-0.007636695,-1.0
7,46806,10.457469,-1.66540253,-0.28820002100000003,0.060731858,6.0,0.090627424,9.0,-0.00427733,-1.0
