,Unnamed: 0,u,v,w,x,x bin,y,y bin,z,z bin
0,0,10.4589748,-0.035929788,-0.5822380189999999,0.074380234,7.0,0.009412278,0.0,0.125725463,12.0
1,39267,10.4477997,-0.019844541,-0.573832989,0.074737668,7.0,0.006961854,0.0,0.126527354,12.0
0,0,10.4592953,0.036265552,-0.600712836,0.071539857,7.0,-0.0014118129999999998,-1.0,0.126419574,12.0
1,43240,10.460351,0.026482176,-0.561607361,0.07102602,7.0,-0.000308987,-1.0,0.128404766,12.0
