,u,v,w,x,x bin,y,y bin,z,z bin
0,10.4107189,0.775340557,0.254091918,0.079066187,7.0,-0.096935764,-10.0,0.007405403,0.0
1,10.423556300000001,0.777576625,0.22768509399999998,0.07658448799999999,7.0,-0.09894625800000001,-10.0,0.008700938,0.0
2,10.4034576,0.731919765,0.218539283,0.077837981,7.0,-0.099607781,-10.0,0.006116692,0.0
102684,10.3066349,0.7028260829999999,0.26179426899999997,0.079001918,7.0,-0.09649837800000001,-10.0,0.00271132,0.0
