,Unnamed: 0,u,v,w,x,x bin,y,y bin,z,z bin
0,0,10.1408596,0.003889352,2.07736874,0.07271044,7.0,0.009446476,0.0,-0.084657595,-9.0
1,1,10.120472900000001,0.028241462999999998,1.9821490000000002,0.076904789,7.0,0.009457648,0.0,-0.085842736,-9.0
2,104063,10.2176762,0.133776918,1.8772049,0.07848069099999999,7.0,0.007232558,0.0,-0.089212559,-9.0
0,0,10.193655,0.35608559799999995,2.22898602,0.070714153,7.0,-0.001453845,-1.0,-0.08392515,-9.0
1,1,9.98170757,0.5122732520000001,2.17707777,0.077256799,7.0,-0.006649353,-1.0,-0.082231104,-9.0
2,2,10.198002800000001,0.5123848320000001,2.10415888,0.074749522,7.0,-0.007834935999999999,-1.0,-0.085289918,-9.0
3,108842,10.0400286,0.541910946,2.08286715,0.078360677,7.0,-0.008501317,-1.0,-0.083647415,-9.0
