,Unnamed: 0,u,v,w,x,x bin,y,y bin,z,z bin
0,23882,10.4707985,-0.865395844,-0.190528467,0.074037209,7.0,0.111584462,11.0,0.001645369,0.0
0,0,10.445159,-0.749714911,-0.098768316,0.07812447900000001,7.0,0.119681366,11.0,-0.007795454,-1.0
1,1,10.5007439,-0.7373770479999999,-0.082057633,0.072661981,7.0,0.118736707,11.0,-0.009407481,-1.0
2,22440,10.4705143,-0.806583285,-0.130781844,0.07461229,7.0,0.115977198,11.0,-0.00476308,-1.0
