,u,v,w,x,x bin,y,y bin,z,z bin
47681,5.83978462,-2.07946014,-0.6914293770000001,0.074126333,7.0,0.058871455999999996,5.0,0.001751468,0.0
