,Unnamed: 0,u,v,w,x,x bin,y,y bin,z,z bin
0,119420,10.2881556,0.17862156,1.33247519,0.08637958800000001,8.0,0.001898742,0.0,-0.102240421,-11.0
0,0,10.2686377,0.221518025,1.33908343,0.08684455599999999,8.0,-0.00035918699999999996,-1.0,-0.102145456,-11.0
1,1,10.2945681,0.275420338,1.25446379,0.084880292,8.0,-0.004217715,-1.0,-0.106253788,-11.0
2,2,10.291001300000001,0.318368763,1.27484143,0.083812669,8.0,-0.006199222,-1.0,-0.10564823400000001,-11.0
3,3,10.303462,0.26710102,1.22039616,0.085207865,8.0,-0.003960613,-1.0,-0.107279584,-11.0
4,4,10.348282800000002,0.3057625,1.24266481,0.080600619,8.0,-0.006200382,-1.0,-0.107463606,-11.0
5,124912,10.2930431,0.291179448,1.15420258,0.08525198699999999,8.0,-0.008022009,-1.0,-0.109822765,-11.0
