,Unnamed: 0,u,v,w,x,x bin,y,y bin,z,z bin
0,0,10.2289963,0.208271503,1.61755383,0.086170316,8.0,0.002865303,0.0,-0.092972949,-10.0
1,1,10.1984377,0.180780262,1.54892838,0.089361765,8.0,0.003755713,0.0,-0.09349454900000001,-10.0
2,113280,10.2774563,0.08617503900000001,1.45499814,0.08660619,8.0,0.007962949,0.0,-0.097213663,-10.0
0,0,10.2965994,0.291124105,1.63780415,0.080627635,8.0,-0.001506229,-1.0,-0.095792949,-10.0
1,1,10.277277,0.260003179,1.54230726,0.08302667,8.0,-0.0006991739999999999,-1.0,-0.097420581,-10.0
2,2,10.183939,0.35932254799999996,1.4535141000000005,0.088803202,8.0,-0.006022235999999999,-1.0,-0.096904017,-10.0
3,3,10.2139111,0.3183828,1.47253001,0.08703152800000001,8.0,-0.004353696,-1.0,-0.098152928,-10.0
4,4,10.2124224,0.387165904,1.41072202,0.087053627,8.0,-0.007654785,-1.0,-0.09874264199999999,-10.0
5,117538,10.2439823,0.4433583920000001,1.48004174,0.083749637,8.0,-0.009720283,-1.0,-0.097885512,-10.0
