,Unnamed: 0,u,v,w,x,x bin,y,y bin,z,z bin
0,0,10.3727703,0.067219116,0.570268989,0.080896385,8.0,-0.002931888,-1.0,-0.142439291,-15.0
1,1,10.3316212,0.071683601,0.514171839,0.086994797,8.0,-0.006014753,-1.0,-0.148652121,-15.0
2,144460,10.3297691,0.08338052,0.513917446,0.08700369300000001,8.0,-0.008211286,-1.0,-0.149140596,-15.0
