,Unnamed: 0,u,v,w,x,x bin,y,y bin,z,z bin
0,0,10.353081699999999,0.643960774,0.208541557,0.082010284,8.0,-0.100375257,-11.0,0.00142948,0.0
1,1,10.3093386,0.589204967,0.165413156,0.083747566,8.0,-0.103642866,-11.0,0.001528269,0.0
2,2,10.245769500000002,0.586405635,0.135233402,0.08836603900000001,8.0,-0.105800815,-11.0,0.0067444340000000005,0.0
3,102767,10.2839594,0.625918746,0.143695205,0.08701025,8.0,-0.105414078,-11.0,0.008792826,0.0
0,0,10.1970158,0.488072991,0.164815903,0.088781655,8.0,-0.10252760400000001,-11.0,-0.005311558,-1.0
1,109958,10.2920971,0.49364534,0.090338968,0.083585255,8.0,-0.109695777,-11.0,-0.0007820389999999999,-1.0
