,Unnamed: 0,u,v,w,x,x bin,y,y bin,z,z bin
0,0,6.89414358,-0.465190947,2.97032404,0.08907285300000001,8.0,0.009345469,0.0,-0.050873815999999995,-6.0
1,1,5.90626001,-0.056999285,2.54485774,0.080999389,8.0,0.0048252270000000005,0.0,-0.053372055,-6.0
2,2,7.87745905,-0.15737341300000002,2.91331816,0.08292342,8.0,0.008069955,0.0,-0.059450685999999996,-6.0
3,83329,6.46435165,0.239259094,2.61480045,0.088184767,8.0,0.000172704,0.0,-0.055181421,-6.0
0,0,6.24222851,0.7889199259999999,2.45340538,0.085331932,8.0,-0.008267923,-1.0,-0.054336973,-6.0
1,85455,7.20556259,0.416029781,2.58593607,0.082264833,8.0,-0.0014938579999999998,-1.0,-0.059981710999999986,-6.0
