,Unnamed: 0,u,v,w,x,x bin,y,y bin,z,z bin
0,0,5.05376434,0.41640985,0.46329277799999996,0.08563534199999999,8.0,-0.067591876,-7.0,0.003738387,0.0
1,85871,5.2347908,0.433317035,0.49229157,0.08024147200000001,8.0,-0.068624109,-7.0,0.004190313,0.0
