,Unnamed: 0,u,v,w,x,x bin,y,y bin,z,z bin
0,0,9.16665268,0.8105223770000001,0.615801811,0.084077105,8.0,-0.081249483,-9.0,0.004072485,0.0
1,92935,9.45265675,0.661235631,0.506370246,0.084171966,8.0,-0.08550854,-9.0,0.0006133859999999999,0.0
0,0,8.86337852,0.609033942,0.539144635,0.08013574799999999,8.0,-0.081926815,-9.0,-0.000133857,-1.0
1,1,9.55003548,0.657395124,0.485376477,0.08543133,8.0,-0.087087557,-9.0,-0.000798819,-1.0
2,2,8.73544884,0.463284343,0.386360049,0.08657728099999999,8.0,-0.082833856,-9.0,-0.005827527,-1.0
3,3,9.20103741,0.6150774960000001,0.491166294,0.086815462,8.0,-0.08410427,-9.0,-0.001385961,-1.0
4,4,9.25126934,0.5440884229999999,0.392123461,0.086480334,8.0,-0.08700055599999999,-9.0,-0.004847065,-1.0
5,97734,9.3754549,0.5481214520000001,0.379107505,0.08667545800000001,8.0,-0.088319093,-9.0,-0.005017761,-1.0
