,u,v,w,x,x bin,y,y bin,z,z bin
0,9.98199654,-1.49190211,-0.553998232,0.08983246199999999,8.0,0.080467314,8.0,0.003897762,0.0
1,10.138608,-1.37305152,-0.422672361,0.089334779,8.0,0.08500132699999999,8.0,0.001807069,0.0
2,10.1024637,-1.56642342,-0.515989423,0.080420405,8.0,0.083445162,8.0,0.001498092,0.0
46924,10.0900831,-1.46825266,-0.439009219,0.08859373599999999,8.0,0.083581112,8.0,4.41e-05,0.0
