,Unnamed: 0,u,v,w,x,x bin,y,y bin,z,z bin
0,0,10.292857199999998,0.05651713200000001,0.653230846,0.093371071,9.0,-0.00018558599999999998,-1.0,-0.132817358,-14.0
1,1,10.2934942,0.069451504,0.668349802,0.092991591,9.0,-0.0023314620000000003,-1.0,-0.131912738,-14.0
2,2,10.3083153,0.082264781,0.667626202,0.09033034,9.0,-0.0041695479999999995,-1.0,-0.132351294,-14.0
3,3,10.300209,0.064031005,0.633899033,0.091963887,9.0,-0.001462403,-1.0,-0.134748474,-14.0
4,4,10.2803383,0.072134636,0.630458057,0.09485956300000001,9.0,-0.003379139,-1.0,-0.135255188,-14.0
5,142460,10.3056364,0.10857521,0.628297985,0.090062924,9.0,-0.009769484,-1.0,-0.137251675,-14.0
