,Unnamed: 0,u,v,w,x,x bin,y,y bin,z,z bin
0,0,5.99563074,-0.4496153000000001,2.95704055,0.092076376,9.0,0.007070336,0.0,-0.046538074000000006,-5.0
1,79226,5.87590504,-0.225807577,2.82472992,0.09354724,9.0,0.004517843,0.0,-0.047686335,-5.0
