,Unnamed: 0,u,v,w,x,x bin,y,y bin,z,z bin
0,0,10.3018951,-0.028950946,-0.492043823,0.097881854,9.0,0.009462184,0.0,0.131174177,13.0
1,1,10.2792645,0.003051635,-0.515453935,0.099094734,9.0,0.0037521309999999997,0.0,0.130993024,13.0
2,47372,10.2762709,0.021060875,-0.520309806,0.09872587,9.0,2.12e-05,0.0,0.131755173,13.0
0,0,10.2875147,0.044867929,-0.55953896,0.091702327,9.0,-0.000973777,-1.0,0.130011961,13.0
1,1,10.2930489,0.048615769,-0.504958749,0.093025595,9.0,-0.0048614470000000005,-1.0,0.135197714,13.0
2,51168,10.2956905,0.052357223,-0.508106649,0.092578545,9.0,-0.006372204,-1.0,0.134829,13.0
