,Unnamed: 0,u,v,w,x,x bin,y,y bin,z,z bin
0,0,10.1444883,0.5442161560000001,0.13126538699999998,0.097611785,9.0,-0.103650793,-11.0,0.00795727,0.0
1,1,10.1399469,0.5122022629999999,0.128021672,0.09738582400000001,9.0,-0.104701504,-11.0,0.0044529420000000005,0.0
2,2,10.1511631,0.509572268,0.119014531,0.096392766,9.0,-0.105694324,-11.0,0.004540579,0.0
3,3,10.20222,0.490703434,0.088318065,0.090143316,9.0,-0.109455027,-11.0,0.001954276,0.0
4,107652,10.1858921,0.4928708670000001,0.091987006,0.092172638,9.0,-0.109025493,-11.0,0.003431697,0.0
0,0,10.1200495,0.44696641,0.157617673,0.097420186,9.0,-0.102927066,-11.0,-0.008559731999999999,-1.0
1,1,10.163739199999998,0.45600733200000004,0.09522412,0.097902931,9.0,-0.10884764,-11.0,-5.05e-05,-1.0
2,109930,10.2112055,0.4495689570000001,0.11875914,0.091825374,9.0,-0.106867574,-11.0,-0.007638427,-1.0
