,Unnamed: 0,u,v,w,x,x bin,y,y bin,z,z bin
0,0,10.2469587,0.024426345,-0.662252188,0.096231058,9.0,0.000581428,0.0,0.120298557,12.0
1,1,10.2882671,0.018309898999999998,-0.545048058,0.09536048800000001,9.0,0.001696669,0.0,0.129102722,12.0
2,45322,10.2888136,0.006546985,-0.5281726720000001,0.096795648,9.0,0.00333579,0.0,0.129958272,12.0
0,0,10.2650108,0.048154239,-0.6270815129999999,0.093947172,9.0,-0.002864212,-1.0,0.123352714,12.0
1,1,10.269264199999999,0.064168379,-0.616485775,0.09313327099999999,9.0,-0.005445878,-1.0,0.12399072900000001,12.0
2,45391,10.2206116,0.08530227800000001,-0.6180200579999999,0.099487327,9.0,-0.009348511,-1.0,0.121681027,12.0
