,u,v,w,x,x bin,y,y bin,z,z bin
0,10.2423019,-0.6869505640000001,-0.193387449,0.099797212,9.0,0.11784900699999999,11.0,0.008385562,0.0
1,10.2952194,-0.725556016,-0.20647773100000005,0.091817647,9.0,0.116926514,11.0,0.007912825,0.0
2,10.251300800000001,-0.74882406,-0.19296723600000001,0.097632274,9.0,0.11584586699999999,11.0,0.003307237,0.0
3,10.258918800000002,-0.76857692,-0.213010103,0.095452189,9.0,0.113694355,11.0,0.006315958000000001,0.0
22462,10.2431164,-0.77188158,-0.191376925,0.09806080199999999,9.0,0.11416834599999999,11.0,0.0014488370000000001,0.0
