,Unnamed: 0,u,v,w,x,x bin,y,y bin,z,z bin
0,0,10.3276854,-0.611001492,-0.14633122099999998,0.091091037,9.0,0.128118068,12.0,0.004214411,0.0
1,1,10.330425300000002,-0.657467365,-0.14753544300000002,0.09046219300000001,9.0,0.126315862,12.0,0.00041637699999999995,0.0
2,16439,10.318573,-0.660382211,-0.186841697,0.090417534,9.0,0.121898122,12.0,0.008786492,0.0
0,0,10.2790651,-0.585514247,-0.10510193599999999,0.09905722,9.0,0.12996587199999998,12.0,-0.002421817,-1.0
1,1,10.3110542,-0.6233237979999999,-0.099803627,0.093438037,9.0,0.129444376,12.0,-0.004903817,-1.0
2,2,10.2739611,-0.603208005,-0.071249403,0.099653542,9.0,0.129000977,12.0,-0.008398588,-1.0
3,16498,10.2784061,-0.622497976,-0.076090828,0.097366951,9.0,0.12784832699999998,12.0,-0.007994793,-1.0
