,Unnamed: 0,u,v,w,x,x bin,y,y bin,z,z bin
0,8460,10.3187523,-0.45212689,-0.089913979,0.093967617,9.0,0.143151954,14.0,0.006306529,0.0
0,0,10.3089046,-0.486105651,-0.059056044,0.09834689699999999,9.0,0.141156599,14.0,-0.00693079,-1.0
1,11619,10.3052874,-0.464136571,-0.053927496,0.098421015,9.0,0.143330082,14.0,-0.00708653,-1.0
