,Unnamed: 0,u,v,w,x,x bin,y,y bin,z,z bin
0,0,5.33832932,-2.19312286,-0.407759815,0.09030918,9.0,0.049940124,4.0,-0.002101595,-1.0
1,51959,6.12829256,-2.43832707,-0.155857861,0.093554869,9.0,0.049131103,4.0,-0.008043629,-1.0
