,Unnamed: 0,u,v,w,x,x bin,y,y bin,z,z bin
0,0,7.1832552,-1.30058742,-0.690028548,0.093314707,9.0,0.06533093,6.0,0.008347283,0.0
1,1,6.58306313,-1.50668454,-0.575237393,0.09685128900000001,9.0,0.060813415999999995,6.0,0.00398692,0.0
2,43386,6.79620647,-1.37084484,-0.639309049,0.092396349,9.0,0.063403972,6.0,0.00678522,0.0
0,0,8.93441772,-1.92128909,-0.44224646700000003,0.096424207,9.0,0.068182245,6.0,-0.0041260279999999995,-1.0
1,1,9.32112312,-1.86909473,-0.274543017,0.099116631,9.0,0.069412433,6.0,-0.0077276659999999985,-1.0
2,2,8.79591179,-2.21635175,-0.256597549,0.09063513599999999,9.0,0.065180309,6.0,-0.008524103,-1.0
3,53234,9.16907024,-2.04814053,-0.248425663,0.093328528,9.0,0.067789748,6.0,-0.009006983,-1.0
