,Unnamed: 0,u,v,w,x,x bin,y,y bin,z,z bin
0,116391,10.1849461,0.367278755,0.0428611,0.100509763,10.0,-0.107002005,-11.0,-0.018927831000000003,-2.0
