,Unnamed: 0,u,v,w,x,x bin,y,y bin,z,z bin
3,82029,10.0460968,0.980537534,-0.661717772,0.102669515,10.0,-0.067283317,-7.0,0.067910262,6.0
0,0,9.95887947,1.1310693,-0.727790952,0.102824673,10.0,-0.06275633,-7.0,0.060656488,6.0
1,1,9.93031502,1.05663252,-0.741450191,0.106927857,10.0,-0.06126001900000001,-7.0,0.061933857,6.0
2,2,10.011493699999999,0.954223514,-0.6855661270000001,0.107311003,10.0,-0.06406734900000001,-7.0,0.067670748,6.0
