,Unnamed: 0,u,v,w,x,x bin,y,y bin,z,z bin
0,0,10.1016846,0.484536827,0.151545793,0.100331932,10.0,-0.102892742,-11.0,0.000301951,0.0
2,107612,10.1280518,0.460658044,0.119608268,0.100771233,10.0,-0.106308021,-11.0,2.39e-05,0.0
1,1,10.1520891,0.505532622,0.096393801,0.10492531199999999,10.0,-0.10686659800000001,-11.0,0.008137234,0.0
