,Unnamed: 0,u,v,w,x,x bin,y,y bin,z,z bin
5,5,10.2065105,0.39409279799999997,-0.48423025,0.10166107099999999,10.0,-0.067406461,-7.0,0.099770889,9.0
0,0,10.1825953,0.400014997,-0.550376356,0.104585432,10.0,-0.060677279,-7.0,0.096977077,9.0
4,4,10.1625147,0.45194146,-0.519616127,0.107050762,10.0,-0.065733567,-7.0,0.091925152,9.0
6,100736,10.158268,0.464331448,-0.520426631,0.107467949,10.0,-0.06640891,-7.0,0.090681858,9.0
2,2,10.1655302,0.405233204,-0.506350756,0.107561737,10.0,-0.063960709,-7.0,0.095767915,9.0
1,1,10.1444931,0.438668609,-0.580889225,0.109358773,10.0,-0.060180105,-7.0,0.091185994,9.0
3,3,10.1605291,0.37598568200000004,-0.491033912,0.10964067300000001,10.0,-0.063249275,-7.0,0.09822888699999999,9.0
