,Unnamed: 0,u,v,w,x,x bin,y,y bin,z,z bin
0,135187,10.2196655,0.319177598,0.028189911,0.102780804,10.0,-0.120052002,-13.0,-0.032375608,-4.0
