,Unnamed: 0,u,v,w,x,x bin,y,y bin,z,z bin
1,1,6.55412197,1.80634153,1.63784969,0.101021796,10.0,-0.023542581,-3.0,-0.044618741,-5.0
5,92617,6.48285961,1.93848944,1.432374,0.104175158,10.0,-0.026769312000000003,-3.0,-0.042145219000000005,-5.0
3,3,6.97531366,1.88135993,1.5529269,0.105147548,10.0,-0.024587184,-3.0,-0.04502584,-5.0
0,0,7.65287304,1.65441632,1.6214385,0.107402131,10.0,-0.022419863999999998,-3.0,-0.048600752000000004,-5.0
2,2,7.64126873,1.73087204,1.50530255,0.10868711800000001,10.0,-0.024264472000000002,-3.0,-0.048075154,-5.0
4,4,7.88927174,1.82572496,1.29267335,0.108959369,10.0,-0.027850904,-3.0,-0.048957013,-5.0
