,Unnamed: 0,u,v,w,x,x bin,y,y bin,z,z bin
2,2,10.185379,0.18303692300000002,0.76848805,0.100558698,10.0,-0.009216124000000001,-1.0,-0.122537725,-13.0
1,1,10.1735611,0.17006658,0.7818618420000001,0.102915436,10.0,-0.0067889230000000005,-1.0,-0.121403217,-13.0
0,0,10.207558599999999,0.09985463300000001,0.780580103,0.104171507,10.0,-0.001157564,-1.0,-0.12347798800000001,-13.0
3,137226,10.1880779,0.124269843,0.714224339,0.104294136,10.0,-0.00516513,-1.0,-0.126956105,-13.0
