,Unnamed: 0,u,v,w,x,x bin,y,y bin,z,z bin
1,1,10.251043300000001,0.208940774,0.146399677,0.10538247199999999,10.0,-0.106142856,-11.0,-0.14026534599999999,-15.0
0,0,10.252182,0.211868465,0.150011584,0.105383858,10.0,-0.104329623,-11.0,-0.140147701,-15.0
4,4,10.2513094,0.201206788,0.145741209,0.105393529,10.0,-0.105494358,-11.0,-0.142764062,-15.0
3,3,10.251669900000001,0.201730818,0.148552477,0.105397575,10.0,-0.10396795,-11.0,-0.143339813,-15.0
2,2,10.2538853,0.204672575,0.151520193,0.105397753,10.0,-0.102297761,-11.0,-0.142928213,-15.0
6,6,10.2521563,0.191076443,0.148507446,0.105414301,10.0,-0.102585271,-11.0,-0.147014216,-15.0
5,5,10.2440329,0.189290702,0.141237125,0.109140761,10.0,-0.10648961400000001,-11.0,-0.145742208,-15.0
7,7,10.244656599999999,0.186657026,0.144850388,0.109148584,10.0,-0.104090624,-11.0,-0.147626489,-15.0
8,151670,10.2442322,0.181683585,0.140158236,0.109152578,10.0,-0.106096521,-11.0,-0.148083836,-15.0
