,Unnamed: 0,u,v,w,x,x bin,y,y bin,z,z bin
0,148062,10.2312355,0.223900348,0.022295816,0.108809136,10.0,-0.14702662800000002,-15.0,-0.043425627,-5.0
