,Unnamed: 0,u,v,w,x,x bin,y,y bin,z,z bin
1,1,10.2214689,0.40764546399999996,0.0010012719999999999,0.10063488,10.0,-0.126396373,-13.0,0.023934582000000003,2.0
0,0,10.2104311,0.450746983,-0.011904092,0.10084936,10.0,-0.122460082,-13.0,0.026730171,2.0
3,3,10.2202816,0.39068770399999997,0.006545981,0.10195673300000001,10.0,-0.127606213,-13.0,0.022520553,2.0
2,2,10.207660699999998,0.410654962,-0.011307357,0.102942072,10.0,-0.126582995,-13.0,0.028721944,2.0
4,122386,10.2066078,0.395974249,-0.006676678,0.103815347,10.0,-0.12861225,-13.0,0.027362675,2.0
