,Unnamed: 0,u,v,w,x,x bin,y,y bin,z,z bin
5,5,10.0903683,0.16343385,-0.975771785,0.10180553,10.0,-0.014507176,-2.0,0.094955348,9.0
0,0,10.0450907,0.150125578,-1.05153584,0.10312139199999999,10.0,-0.012046517,-2.0,0.09028826699999999,9.0
6,6,10.0806189,0.163879961,-0.945644259,0.103825882,10.0,-0.014823766,-2.0,0.095884256,9.0
3,3,10.0806046,0.133610919,-0.959481359,0.104134753,10.0,-0.010680493,-2.0,0.096157342,9.0
4,4,10.0513563,0.147486702,-0.940528989,0.106975675,10.0,-0.012759632,-2.0,0.09553539800000001,9.0
1,1,10.0119133,0.155733511,-1.01476431,0.107177295,10.0,-0.013284782,-2.0,0.090625443,9.0
2,2,10.0157118,0.162598804,-0.997830868,0.10750740800000001,10.0,-0.014578508,-2.0,0.09129896800000001,9.0
7,57150,10.0586739,0.159789741,-0.877461433,0.109513812,10.0,-0.015414191,-2.0,0.097744644,9.0
