,Unnamed: 0,u,v,w,x,x bin,y,y bin,z,z bin
0,0,10.2066402,0.7152708170000001,0.486322403,0.101044416,10.0,-0.063349888,-7.0,-0.086964913,-9.0
1,1,10.202854199999999,0.7424205540000001,0.44913300899999997,0.10305076099999999,10.0,-0.067323729,-7.0,-0.083769448,-9.0
3,3,10.1858177,0.689127803,0.440038472,0.10414505,10.0,-0.067675687,-7.0,-0.08750908800000001,-9.0
4,137515,10.1709614,0.684742093,0.405353218,0.107382044,10.0,-0.069831185,-7.0,-0.08426485199999999,-9.0
2,2,10.1698446,0.71736443,0.425361931,0.107890502,10.0,-0.06756000200000001,-7.0,-0.082103834,-9.0
