,Unnamed: 0,u,v,w,x,x bin,y,y bin,z,z bin
1,42818,10.2501125,0.025801741,-0.444149613,0.10626404,10.0,-0.002788948,-1.0,0.140212044,14.0
0,0,10.2488708,0.028473667999999997,-0.43585157399999996,0.10626752699999999,10.0,-0.002988587,-1.0,0.14140492699999999,14.0
