,Unnamed: 0,u,v,w,x,x bin,y,y bin,z,z bin
1,1,10.217355699999999,0.313322902,-0.024555700000000003,0.107437134,10.0,-0.143116146,-15.0,0.038474158,3.0
2,2,10.2217903,0.300411224,-0.022686886,0.107441142,10.0,-0.145158887,-15.0,0.038128022,3.0
3,3,10.22124,0.30284115699999997,-0.024946712000000003,0.107451305,10.0,-0.144731,-15.0,0.039141148,3.0
0,0,10.2172546,0.314716488,-0.027316224,0.107452862,10.0,-0.14283700300000002,-15.0,0.039782975,3.0
4,141308,10.2253284,0.291720033,-0.025098158,0.107462868,10.0,-0.14645087699999998,-15.0,0.0397177,3.0
