,Unnamed: 0,u,v,w,x,x bin,y,y bin,z,z bin
6,6,10.253797500000001,0.24755457,-0.126200318,0.10582046199999999,10.0,-0.13562686699999998,-14.0,0.092293419,9.0
2,2,10.2531576,0.246353522,-0.121737629,0.105828956,10.0,-0.13716325199999999,-14.0,0.09094269599999999,9.0
3,3,10.2547531,0.239025518,-0.127235517,0.105850197,10.0,-0.135541275,-14.0,0.095830493,9.0
7,139374,10.2541065,0.237027079,-0.122295231,0.105862111,10.0,-0.13726265699999998,-14.0,0.094580062,9.0
5,5,10.253248199999998,0.236392722,-0.116832644,0.105869554,10.0,-0.13911758400000002,-14.0,0.092620805,9.0
4,4,10.245114300000001,0.233087808,-0.12134482699999999,0.10896064300000001,10.0,-0.137784094,-14.0,0.096845001,9.0
0,0,10.2459812,0.230512768,-0.12501210000000001,0.10896158199999999,10.0,-0.13663093699999998,-14.0,0.099256814,9.0
1,1,10.2455568,0.221617505,-0.117486283,0.10899283,10.0,-0.139432892,-14.0,0.099490397,9.0
