,Unnamed: 0,u,v,w,x,x bin,y,y bin,z,z bin
0,145584,10.2197037,0.436082065,0.393587589,0.104948483,10.0,-0.064826615,-7.0,-0.112879686,-12.0
