,Unnamed: 0,u,v,w,x,x bin,y,y bin,z,z bin
2,2,10.1881285,0.5775159000000001,-0.29880783,0.101031087,10.0,-0.098363169,-10.0,0.075981475,7.0
3,3,10.1787777,0.5316739079999999,-0.308309078,0.104679205,10.0,-0.09710791699999999,-10.0,0.079818822,7.0
1,1,10.150150300000002,0.581708848,-0.35347855100000003,0.106794372,10.0,-0.090836085,-10.0,0.079524018,7.0
0,0,10.1367264,0.6199949379999999,-0.337353587,0.107915029,10.0,-0.091178015,-10.0,0.075528547,7.0
4,118771,10.1637821,0.50139606,-0.289441705,0.109611958,10.0,-0.098006502,-10.0,0.079761848,7.0
