,Unnamed: 0,u,v,w,x,x bin,y,y bin,z,z bin
3,141802,10.18225,0.326475143,0.715926051,0.10041438,10.0,-0.027615598,-3.0,-0.120949291,-13.0
2,2,10.1462021,0.30190438,0.7373951670000001,0.105176479,10.0,-0.024259936,-3.0,-0.120810241,-13.0
1,1,10.133498199999998,0.29479593,0.759422064,0.105788052,10.0,-0.022075305,-3.0,-0.120618984,-13.0
0,0,10.1326704,0.282182932,0.741412163,0.107521713,10.0,-0.021585912999999998,-3.0,-0.12162998300000001,-13.0
