,Unnamed: 0,u,v,w,x,x bin,y,y bin,z,z bin
3,3,7.42894173,2.11145115,-0.746400237,0.101798192,10.0,-0.04700011,-5.0,0.03212424,3.0
4,4,7.75688839,2.0558939,-0.772132277,0.103000656,10.0,-0.047568045999999996,-5.0,0.033509343999999996,3.0
1,1,7.04470539,2.0663147,-1.37889361,0.104444921,10.0,-0.040666521,-5.0,0.031728189,3.0
0,0,8.27598476,1.71717036,-1.3563813,0.10599995400000001,10.0,-0.042117315999999995,-5.0,0.03955394,3.0
5,67513,8.03185654,1.99735737,-0.706647575,0.106407374,10.0,-0.048467126,-5.0,0.033422396,3.0
2,2,7.32609415,1.97799397,-1.30697346,0.109717205,10.0,-0.040411096,-5.0,0.032050699,3.0
