,Unnamed: 0,u,v,w,x,x bin,y,y bin,z,z bin
0,150613,10.257122,0.212908804,0.139030099,0.101591446,10.0,-0.110836379,-12.0,-0.136839107,-14.0
