,Unnamed: 0,u,v,w,x,x bin,y,y bin,z,z bin
0,144195,10.2078104,0.451726586,0.170193702,0.108151577,10.0,-0.09796793,-10.0,-0.090536766,-10.0
