,Unnamed: 0,u,v,w,x,x bin,y,y bin,z,z bin
4,4,10.182227099999999,0.06806738700000001,-0.66567111,0.103648975,10.0,-0.004493156,-1.0,0.117456794,11.0
1,1,10.1723337,0.042353362,-0.6974189279999999,0.104951888,10.0,-0.0007766569999999999,-1.0,0.114981174,11.0
2,2,10.173740400000002,0.057709362,-0.674960613,0.105020344,10.0,-0.0028117520000000003,-1.0,0.116653085,11.0
7,43287,10.1722574,0.074754506,-0.657650411,0.105256394,10.0,-0.005960638000000001,-1.0,0.117542975,11.0
3,3,10.149722099999998,0.055223815,-0.7132925390000001,0.106959015,10.0,-0.002277425,-1.0,0.112798072,11.0
0,0,10.1492615,0.048981927,-0.7055215840000001,0.107724816,10.0,-0.001329999,-1.0,0.113552786,11.0
5,5,10.160038,0.068265915,-0.624082327,0.109102778,10.0,-0.005195997,-1.0,0.119999744,11.0
6,6,10.129596699999999,0.07750275,-0.6988481879999999,0.10957744,10.0,-0.005250299,-1.0,0.113002144,11.0
