,Unnamed: 0,u,v,w,x,x bin,y,y bin,z,z bin
3,3,10.1519642,0.27614390899999997,0.80919987,0.100001693,10.0,-0.017327171000000002,-2.0,-0.11893722400000001,-12.0
0,0,10.1455011,0.270948201,0.896353483,0.100567728,10.0,-0.012114308999999998,-2.0,-0.113863558,-12.0
4,138548,10.1408386,0.289466202,0.795646548,0.102252468,10.0,-0.019309659,-2.0,-0.119015686,-12.0
2,2,10.094511,0.307677478,0.839162827,0.10548003,10.0,-0.017541496,-2.0,-0.115351275,-12.0
1,1,10.110973399999999,0.262701869,0.848187923,0.106211603,10.0,-0.012844103999999999,-2.0,-0.115503676,-12.0
