,Unnamed: 0,u,v,w,x,x bin,y,y bin,z,z bin
2,2,10.2446651,0.134921461,-0.095688239,0.100422129,10.0,-0.138471067,-14.0,0.13614579999999998,13.0
4,138291,10.2449703,0.137571633,-0.098103836,0.100422978,10.0,-0.136876151,-14.0,0.13554655,13.0
3,3,10.2345638,0.144010529,-0.103218719,0.105683766,10.0,-0.13503384599999999,-14.0,0.135226205,13.0
1,1,10.234516099999999,0.137348741,-0.099989414,0.105689429,10.0,-0.13621413699999999,-14.0,0.137978241,13.0
0,0,10.233936300000002,0.135029271,-0.096691534,0.105690867,10.0,-0.138789266,-14.0,0.137985542,13.0
