,Unnamed: 0,u,v,w,x,x bin,y,y bin,z,z bin
0,150771,10.2754822,0.25993979,0.263232768,0.102135718,10.0,-0.068887003,-7.0,-0.139792889,-14.0
