,Unnamed: 0,u,v,w,x,x bin,y,y bin,z,z bin
0,0,9.85827065,0.414511859,0.004408143,0.100552276,10.0,-0.094095029,-10.0,-0.022331459,-3.0
2,116355,10.0993013,0.393200755,-0.005087814,0.102728635,10.0,-0.098734967,-10.0,-0.024084473,-3.0
1,1,10.1058588,0.383396626,0.005550803000000001,0.10373874,10.0,-0.099972859,-10.0,-0.023227885,-3.0
