,Unnamed: 0,u,v,w,x,x bin,y,y bin,z,z bin
1,1,10.2514458,0.34548625299999997,-0.244893655,0.100050777,10.0,-0.111377172,-12.0,0.09197629199999999,9.0
3,3,10.231766699999998,0.335157245,-0.226684362,0.10699027800000001,10.0,-0.114081487,-12.0,0.09059434400000001,9.0
0,0,10.2304468,0.325451672,-0.230431393,0.107041739,10.0,-0.112914078,-12.0,0.093548961,9.0
4,4,10.2333727,0.325974941,-0.21961996,0.107051879,10.0,-0.115004316,-12.0,0.091618933,9.0
2,2,10.2351093,0.315917104,-0.212084129,0.107109785,10.0,-0.115977503,-12.0,0.092775472,9.0
5,5,10.2373505,0.313787818,-0.20353445399999998,0.107130103,10.0,-0.117512435,-12.0,0.091859654,9.0
6,135534,10.239320800000002,0.314490199,-0.196286052,0.107135408,10.0,-0.118930109,-12.0,0.090481281,9.0
