,Unnamed: 0,u,v,w,x,x bin,y,y bin,z,z bin
0,144241,10.2206249,0.36305964,0.100718372,0.106524557,10.0,-0.110785827,-12.0,-0.08730039,-9.0
