,Unnamed: 0,u,v,w,x,x bin,y,y bin,z,z bin
7,7,10.2293768,0.405015945,0.259143829,0.103406698,10.0,-0.086206362,-9.0,-0.10694936699999999,-11.0
0,0,10.2092972,0.466303706,0.27823653800000003,0.103878573,10.0,-0.08643872300000001,-9.0,-0.100888297,-11.0
1,1,10.210928,0.45940575,0.260810137,0.103932403,10.0,-0.089454591,-9.0,-0.100214809,-11.0
2,2,10.2145462,0.44703874,0.26835522100000003,0.103955984,10.0,-0.08710102,-9.0,-0.10245695,-11.0
4,4,10.2178879,0.435856104,0.276921511,0.103965208,10.0,-0.08462552699999999,-9.0,-0.104638502,-11.0
3,3,10.2159004,0.44126927899999996,0.251991212,0.103999533,10.0,-0.08998221199999999,-9.0,-0.10173405699999999,-11.0
5,5,10.2202492,0.42626160399999996,0.25999343399999997,0.10403481099999999,10.0,-0.08735615,-9.0,-0.10435281699999999,-11.0
6,6,10.2243061,0.41120106,0.249528915,0.104100071,10.0,-0.088422135,-9.0,-0.105335422,-11.0
8,147800,10.2220459,0.379334897,0.237059012,0.10653571,10.0,-0.088867404,-9.0,-0.108887114,-11.0
