,Unnamed: 0,u,v,w,x,x bin,y,y bin,z,z bin
0,0,10.1993904,0.20330449899999997,-0.645582736,0.10310179,10.0,-0.027316539,-3.0,0.11545085199999999,11.0
1,66911,10.1622391,0.199064106,-0.632351518,0.108530678,10.0,-0.02688602,-3.0,0.114035018,11.0
