,Unnamed: 0,u,v,w,x,x bin,y,y bin,z,z bin
2,2,10.2305956,0.37677246299999995,-0.018009113,0.100865588,10.0,-0.134487107,-14.0,0.031328332,3.0
0,0,10.2148418,0.400411546,-0.018897574,0.102597304,10.0,-0.130048528,-14.0,0.031274576,3.0
1,1,10.2109032,0.379704177,-0.014532271,0.103836402,10.0,-0.133315921,-14.0,0.030238919,3.0
3,132454,10.1954193,0.365718544,-0.014019951,0.10777159,10.0,-0.135119632,-14.0,0.030935546,3.0
