,Unnamed: 0,u,v,w,x,x bin,y,y bin,z,z bin
3,45311,10.2394257,0.055437565,-0.5754547720000001,0.100118518,10.0,-0.004567807,-1.0,0.127078608,12.0
0,0,10.2036667,0.05714947,-0.641028762,0.1021308,10.0,-0.003060705,-1.0,0.12034904199999999,12.0
1,1,10.2011747,0.06183091900000001,-0.578546047,0.105404243,10.0,-0.005213792,-1.0,0.124960616,12.0
2,2,10.1756773,0.08001995099999999,-0.574101567,0.108661324,10.0,-0.008854711,-1.0,0.123903006,12.0
