,Unnamed: 0,u,v,w,x,x bin,y,y bin,z,z bin
0,0,10.1844912,0.531131685,0.076244578,0.104537897,10.0,-0.111399613,-12.0,0.016229181000000002,1.0
1,1,10.1725187,0.464396209,0.065764777,0.107735194,10.0,-0.11419393900000001,-12.0,0.010833117,1.0
2,112283,10.1738272,0.4847157,0.067845561,0.108239926,10.0,-0.114661582,-12.0,0.014894459,1.0
