,Unnamed: 0,u,v,w,x,x bin,y,y bin,z,z bin
0,0,8.20024109,1.0851078,-1.86369777,0.102885216,10.0,-0.032423742,-4.0,0.050867673,5.0
1,1,8.887784,1.21777904,-1.63867712,0.103793114,10.0,-0.037971753999999996,-4.0,0.052542687000000005,5.0
2,54627,9.02025032,1.23038816,-1.497334,0.106747538,10.0,-0.039826032,-4.0,0.052669495,5.0
