,Unnamed: 0,u,v,w,x,x bin,y,y bin,z,z bin
0,129928,10.0862389,0.332157195,0.96318686,0.105000123,10.0,-0.01419338,-2.0,-0.109258465,-11.0
