,Unnamed: 0,u,v,w,x,x bin,y,y bin,z,z bin
0,0,10.1716595,0.43209359,0.065209881,0.103157148,10.0,-0.111648999,-12.0,0.0014169470000000002,0.0
1,1,10.1838684,0.426676363,0.051498,0.104254313,10.0,-0.114364535,-12.0,0.003782367,0.0
2,2,10.178164500000001,0.455209136,0.06121739,0.105465665,10.0,-0.113194071,-12.0,0.007320709,0.0
3,114424,10.1683474,0.434223086,0.060347825,0.109062597,10.0,-0.115704492,-12.0,0.008606508,0.0
