,Unnamed: 0,u,v,w,x,x bin,y,y bin,z,z bin
0,126742,10.1282864,0.6037231679999999,0.8263520000000001,0.103278309,10.0,-0.031697594,-4.0,-0.098669082,-10.0
