,Unnamed: 0,u,v,w,x,x bin,y,y bin,z,z bin
0,0,5.80084229,1.81267059,1.51094222,0.101998508,10.0,-0.025327601,-3.0,-0.039977215,-4.0
1,1,5.63120365,1.65151799,1.45969462,0.106370918,10.0,-0.026000189,-3.0,-0.037939563,-4.0
2,2,5.94087362,1.63929892,1.42100382,0.10886783900000001,10.0,-0.026519049,-3.0,-0.038906924,-4.0
3,97277,5.84867764,1.63621938,1.30445182,0.109767407,10.0,-0.028534629,-3.0,-0.037996028,-4.0
