,Unnamed: 0,u,v,w,x,x bin,y,y bin,z,z bin
2,2,10.1631031,1.06058288,0.25320515,0.10059426,10.0,-0.082171835,-9.0,0.025064945,2.0
0,0,10.1454582,1.09797466,0.28483760399999997,0.100842439,10.0,-0.080579869,-9.0,0.023849296000000002,2.0
5,90712,10.2132483,0.886395574,0.308058202,0.101696298,10.0,-0.08741387,-9.0,0.020996811,2.0
4,4,10.1993484,0.873942494,0.254472882,0.103256471,10.0,-0.08843530000000001,-9.0,0.024134599,2.0
3,3,10.1691103,0.915876091,0.216679707,0.10533645,10.0,-0.08694052699999999,-9.0,0.027710063,2.0
1,1,10.0953979,1.01799119,0.228896782,0.108942553,10.0,-0.081883438,-9.0,0.027987404,2.0
