,Unnamed: 0,u,v,w,x,x bin,y,y bin,z,z bin
0,0,9.99365616,0.30948782,1.65294516,0.101635978,10.0,-0.001185083,-1.0,-0.08453174699999999,-9.0
1,1,9.95860291,0.361763865,1.63912928,0.10326939800000001,10.0,-0.0029238000000000003,-1.0,-0.083084151,-9.0
3,3,10.0009384,0.309477508,1.50962758,0.10614536699999999,10.0,-0.001649528,-1.0,-0.08700625599999999,-9.0
4,108989,9.90639019,0.499841243,1.52628851,0.10819447,10.0,-0.008154288,-1.0,-0.081858896,-9.0
2,2,9.90706062,0.402806073,1.5425235000000002,0.1092951,10.0,-0.004330297,-1.0,-0.081918433,-9.0
