,Unnamed: 0,u,v,w,x,x bin,y,y bin,z,z bin
2,78084,10.233676,0.217290476,-0.454061329,0.102854133,10.0,-0.052850448,-6.0,0.12287163,12.0
0,0,10.2345095,0.202844709,-0.445599824,0.102928407,10.0,-0.051083148,-6.0,0.125714704,12.0
1,1,10.2244358,0.217229858,-0.464554697,0.103884369,10.0,-0.05089803,-6.0,0.122334711,12.0
