,Unnamed: 0,u,v,w,x,x bin,y,y bin,z,z bin
0,0,9.87987614,1.15666986,-0.940513968,0.10103003699999999,10.0,-0.056673743,-6.0,0.061920811,6.0
1,73738,9.95718575,1.07383561,-0.82474649,0.103072047,10.0,-0.059891194,-6.0,0.064178892,6.0
