,Unnamed: 0,u,v,w,x,x bin,y,y bin,z,z bin
0,148658,10.2182522,0.360679269,0.214546591,0.108248793,10.0,-0.093786299,-10.0,-0.110759847,-12.0
