,Unnamed: 0,u,v,w,x,x bin,y,y bin,z,z bin
2,2,10.137386300000001,0.856785357,-0.210525662,0.10226757800000001,10.0,-0.087833442,-9.0,0.053038534000000005,5.0
1,1,10.104758300000002,0.89755708,-0.219672412,0.105364457,10.0,-0.08490897,-9.0,0.052650306,5.0
0,0,10.0747471,0.920542181,-0.29069972,0.106711999,10.0,-0.081319869,-9.0,0.055543645999999995,5.0
3,90973,10.0908566,0.8206138609999999,-0.212296531,0.109623633,10.0,-0.087526448,-9.0,0.055693679,5.0
