,Unnamed: 0,u,v,w,x,x bin,y,y bin,z,z bin
0,0,10.279144300000002,0.142143607,-0.207495734,0.101335071,10.0,-0.081412494,-9.0,0.146294221,14.0
1,1,10.2759619,0.136891201,-0.206164181,0.101361714,10.0,-0.08003892,-9.0,0.149295986,14.0
2,2,10.2802525,0.138248727,-0.19911895699999999,0.101367094,10.0,-0.081952535,-9.0,0.147972196,14.0
3,100963,10.2810364,0.136218801,-0.192724466,0.10138943,10.0,-0.082632065,-9.0,0.148918137,14.0
