,Unnamed: 0,u,v,w,x,x bin,y,y bin,z,z bin
3,123205,10.0750923,0.65524441,1.02626884,0.102845788,10.0,-0.028524265,-3.0,-0.09205848,-10.0
2,2,10.0269156,0.530064106,1.04921949,0.106258348,10.0,-0.021381032,-3.0,-0.09663304699999999,-10.0
0,0,9.99710274,0.582369983,1.16470361,0.10720510800000001,10.0,-0.020004755,-3.0,-0.09022313400000001,-10.0
1,1,10.0016022,0.569689155,1.07257318,0.10849826,10.0,-0.021816012000000003,-3.0,-0.092143685,-10.0
