,Unnamed: 0,u,v,w,x,x bin,y,y bin,z,z bin
5,5,10.250124900000001,0.164254442,-0.090188332,0.10338191699999999,10.0,-0.148060918,-15.0,0.11229539699999999,11.0
6,142337,10.2373562,0.14701239800000002,-0.08343666799999999,0.105919927,10.0,-0.14999283900000002,-15.0,0.119042985,11.0
0,0,10.2454338,0.188165635,-0.117277488,0.109637514,10.0,-0.14022629,-15.0,0.110981144,11.0
2,2,10.2450581,0.180661917,-0.110581785,0.109655663,10.0,-0.14220427,-15.0,0.112810843,11.0
1,1,10.2463083,0.18339017,-0.110386156,0.109661266,10.0,-0.143007636,-15.0,0.110838555,11.0
3,3,10.243376699999999,0.176088959,-0.10380913300000001,0.10966219,10.0,-0.145028889,-15.0,0.111825116,11.0
4,4,10.2411537,0.170310825,-0.094853498,0.109671153,10.0,-0.148006469,-15.0,0.11082767,11.0
