,Unnamed: 0,u,v,w,x,x bin,y,y bin,z,z bin
0,46965,10.2637711,0.031469978,-0.493751645,0.101133958,10.0,-0.002216534,-1.0,0.135485083,13.0
