,Unnamed: 0,u,v,w,x,x bin,y,y bin,z,z bin
0,105721,10.1882248,0.35626283299999995,-0.379120529,0.106030621,10.0,-0.08109604599999999,-9.0,0.101452552,10.0
