,Unnamed: 0,u,v,w,x,x bin,y,y bin,z,z bin
5,5,10.2765484,0.437647015,0.033160374,0.100902155,10.0,-0.109020494,-11.0,-0.058196966,-6.0
2,2,10.261135099999999,0.43286562,0.023338515,0.103990734,10.0,-0.107186578,-11.0,-0.052193139000000006,-6.0
0,0,10.246066099999998,0.482891411,0.029699652000000007,0.10491980599999999,10.0,-0.102090366,-11.0,-0.056991405999999994,-6.0
1,1,10.249773,0.454563528,0.019647464,0.105964482,10.0,-0.104639769,-11.0,-0.055919725,-6.0
3,3,10.2472248,0.421978265,0.021289384,0.106159702,10.0,-0.108080633,-11.0,-0.052905366,-6.0
7,136454,10.2390642,0.423066318,0.038819213,0.106458925,10.0,-0.109484278,-11.0,-0.059943028,-6.0
6,6,10.2415819,0.412802249,0.023670172000000003,0.10670003300000001,10.0,-0.109968022,-11.0,-0.056416380999999995,-6.0
4,4,10.231486300000002,0.422306269,0.015633391,0.10921037900000001,10.0,-0.107615516,-11.0,-0.055916205,-6.0
