,Unnamed: 0,u,v,w,x,x bin,y,y bin,z,z bin
0,0,9.74234676,1.01023984,1.46599507,0.10508509,10.0,-0.021336153,-3.0,-0.07070013900000001,-8.0
2,109118,9.82810211,1.09027851,1.15606654,0.109535903,10.0,-0.027876029,-3.0,-0.070520505,-8.0
1,1,9.80633736,0.9266115429999999,1.3660568000000002,0.109562375,10.0,-0.021543482000000003,-3.0,-0.072377361,-8.0
