,Unnamed: 0,u,v,w,x,x bin,y,y bin,z,z bin
3,3,10.2445374,0.437398285,0.08374944299999999,0.10231181199999999,10.0,-0.107315227,-11.0,-0.069976538,-7.0
0,0,10.251106300000002,0.457971603,0.080249943,0.10241694,10.0,-0.105751038,-11.0,-0.066614009,-7.0
2,2,10.2462797,0.444685549,0.07759772200000001,0.102968223,10.0,-0.107231483,-11.0,-0.067016684,-7.0
1,1,10.2385635,0.4883375170000001,0.10530483,0.103782699,10.0,-0.101570226,-11.0,-0.069522008,-7.0
4,137762,10.2309542,0.429131448,0.079982169,0.10492745,10.0,-0.108847149,-11.0,-0.06826172,-7.0
