,Unnamed: 0,u,v,w,x,x bin,y,y bin,z,z bin
1,1,10.1925898,0.581844985,0.045302022000000004,0.101679906,10.0,-0.107522853,-11.0,0.026875101000000002,2.0
2,102829,10.1648264,0.5666636820000001,0.052513134,0.106687352,10.0,-0.107672222,-11.0,0.024971565,2.0
0,0,10.1424026,0.634678483,0.092056811,0.109819748,10.0,-0.101407938,-11.0,0.028969111,2.0
