,Unnamed: 0,u,v,w,x,x bin,y,y bin,z,z bin
0,0,9.88881874,-0.020003128999999998,-1.24407613,0.100094877,10.0,0.00934183,0.0,0.08376061900000001,8.0
2,2,10.0284157,0.053464051,-1.17809176,0.101426825,10.0,0.003057437,0.0,0.08691339199999999,8.0
5,30286,9.94091034,0.06852612599999999,-1.16836882,0.104408979,10.0,0.000400204,0.0,0.08489499199999999,8.0
4,4,9.74852943,0.060307249,-1.18404889,0.106289707,10.0,0.000292918,0.0,0.081663884,8.0
3,3,9.98328018,0.06409768,-1.08439934,0.108702272,10.0,0.002546842,0.0,0.087120876,8.0
1,1,9.80406189,0.043934792,-1.11506391,0.109293364,10.0,0.004603125,0.0,0.08416128199999999,8.0
