,Unnamed: 0,u,v,w,x,x bin,y,y bin,z,z bin
1,1,10.2363644,0.089857251,0.952721655,0.10141536599999999,10.0,0.005730729,0.0,-0.111936189,-12.0
0,0,10.2212925,0.113181435,0.991995275,0.103041805,10.0,0.004147545999999999,0.0,-0.110010974,-12.0
2,2,10.2117052,0.090376586,0.913644969,0.105103828,10.0,0.005148246,0.0,-0.113998652,-12.0
3,3,10.2096996,0.085856393,0.877998948,0.10551019,10.0,0.004418677,0.0,-0.116349064,-12.0
4,131359,10.1908197,0.033127807,0.765025556,0.109742358,10.0,0.009882485,0.0,-0.119999692,-12.0
