,Unnamed: 0,u,v,w,x,x bin,y,y bin,z,z bin
4,4,9.76405525,0.158691436,1.83726144,0.101632863,10.0,0.003413655,0.0,-0.077604927,-8.0
5,101611,9.71064758,0.25013107100000004,1.87311459,0.101873264,10.0,0.00010323,0.0,-0.07510167400000001,-8.0
1,1,9.77731228,0.02975508,1.70397794,0.105107419,10.0,0.009495652,0.0,-0.07848841,-8.0
0,0,9.53247452,0.029440271,1.93315494,0.10567314900000001,10.0,0.007602835,0.0,-0.070976414,-8.0
2,2,9.70933628,0.057310559000000004,1.74257684,0.106478848,10.0,0.008304612,0.0,-0.076711923,-8.0
3,3,9.5774765,0.189321369,1.85858381,0.108324766,10.0,0.00248705,0.0,-0.07312292599999999,-8.0
