,Unnamed: 0,u,v,w,x,x bin,y,y bin,z,z bin
2,2,10.2230129,0.011696845,-0.637182891,0.101729721,10.0,0.0030213790000000003,0.0,0.121994145,12.0
4,43246,10.2506351,-0.0013640579999999998,-0.5320623520000001,0.102756254,10.0,0.00581077,0.0,0.128775001,12.0
3,3,10.2516479,-0.015214702,-0.522265434,0.10357645900000001,10.0,0.008432835999999999,0.0,0.128776476,12.0
0,0,10.204855,-0.022703325,-0.648310184,0.105592884,10.0,0.00842368,0.0,0.120320663,12.0
1,1,10.1921415,0.014518661,-0.64998138,0.10565923199999999,10.0,0.003121681,0.0,0.120022856,12.0
