,Unnamed: 0,u,v,w,x,x bin,y,y bin,z,z bin
4,4,10.2256832,-0.622846007,-0.268544883,0.100192964,10.0,0.112022631,11.0,0.026269071,2.0
5,5,10.2089252,-0.6137187479999999,-0.27473154699999996,0.102903292,10.0,0.11129534199999999,11.0,0.028270096,2.0
2,2,10.2163086,-0.588624656,-0.242309988,0.102975979,10.0,0.115501113,11.0,0.024924377,2.0
0,0,10.2160158,-0.548395813,-0.217074975,0.104439914,10.0,0.119423077,11.0,0.024631146,2.0
1,1,10.2130919,-0.564217627,-0.20726075800000002,0.104816176,10.0,0.119623475,11.0,0.021120837000000003,2.0
3,3,10.1925354,-0.59227711,-0.247544259,0.106530309,10.0,0.11411660900000001,11.0,0.025128647999999996,2.0
6,16512,10.176856,-0.589884341,-0.223005146,0.109570399,10.0,0.115945123,11.0,0.020300668,2.0
