,Unnamed: 0,u,v,w,x,x bin,y,y bin,z,z bin
1,35643,5.50856543,-1.27529001,-1.51728106,0.103603475,10.0,0.019451924,1.0,0.043186747,4.0
0,0,4.79966545,-0.971357107,-1.25256133,0.10573005699999999,10.0,0.015319013999999999,1.0,0.045043445999999994,4.0
