,Unnamed: 0,u,v,w,x,x bin,y,y bin,z,z bin
2,2,10.1969891,-0.8672944309999999,-0.173645303,0.100005366,10.0,0.105581671,10.0,-0.003948835,-1.0
0,0,10.172126800000001,-0.805635929,-0.15045456599999998,0.105348855,10.0,0.10881350199999999,10.0,-0.00510622,-1.0
1,1,10.163965199999998,-0.816435754,-0.130909979,0.105653591,10.0,0.108051486,10.0,-0.007787178,-1.0
3,28719,10.1453552,-0.859975755,-0.204986498,0.107169531,10.0,0.101761721,10.0,-0.00013995200000000002,-1.0
