,Unnamed: 0,u,v,w,x,x bin,y,y bin,z,z bin
0,0,10.170406300000002,-0.623274446,0.284692287,0.101840228,10.0,0.11035794800000001,11.0,-0.067153402,-7.0
1,43201,10.2037859,-0.5339921120000001,0.220928818,0.10960944,10.0,0.119852625,11.0,-0.06783478,-7.0
