,Unnamed: 0,u,v,w,x,x bin,y,y bin,z,z bin
0,0,10.3087883,-0.300714433,-0.296107829,0.100838445,10.0,0.106184788,10.0,0.09104321900000001,9.0
1,3169,10.2865038,-0.28759765600000003,-0.308992803,0.106636137,10.0,0.100402981,10.0,0.096859403,9.0
