,Unnamed: 0,u,v,w,x,x bin,y,y bin,z,z bin
4,4,10.268594699999998,-0.430074126,0.175301388,0.103610776,10.0,0.131852731,13.0,-0.075235464,-8.0
3,3,10.2698965,-0.421513081,0.167504147,0.103669025,10.0,0.133547828,13.0,-0.074775413,-8.0
2,2,10.2615166,-0.41125166399999996,0.162318721,0.105872236,10.0,0.134562239,13.0,-0.075152248,-8.0
1,1,10.2623072,-0.402952075,0.160185069,0.105912834,10.0,0.135323972,13.0,-0.076039806,-8.0
0,0,10.261306800000002,-0.40543010799999996,0.150353536,0.10630623300000001,10.0,0.13673797199999999,13.0,-0.07318519799999999,-8.0
5,51306,10.2628698,-0.381232917,0.152818441,0.106396139,10.0,0.13754791,13.0,-0.07790781599999999,-8.0
