,Unnamed: 0,u,v,w,x,x bin,y,y bin,z,z bin
3,3,10.2812757,-0.14483273,0.199954346,0.101509608,10.0,0.116082214,11.0,-0.14846018,-15.0
5,113162,10.2779913,-0.139121875,0.185294643,0.101509802,10.0,0.119304687,11.0,-0.149427921,-15.0
4,4,10.267223399999999,-0.14308247,0.20388165100000002,0.10607747699999999,10.0,0.114095524,11.0,-0.149000034,-15.0
0,0,10.2554207,-0.163113609,0.193788171,0.10908435300000001,10.0,0.118733697,11.0,-0.141300991,-15.0
1,1,10.255949,-0.15957652,0.196893647,0.109090321,10.0,0.117760248,11.0,-0.142522976,-15.0
2,2,10.2566748,-0.156560913,0.201318949,0.10909599099999999,10.0,0.116478741,11.0,-0.14366135,-15.0
