,Unnamed: 0,u,v,w,x,x bin,y,y bin,z,z bin
2,2,6.64225864,-0.172574699,-1.36912358,0.100234643,10.0,0.014295207,1.0,0.05988045,5.0
0,0,7.02639961,-0.267769307,-1.49105668,0.10112606,10.0,0.017099714,1.0,0.059042703,5.0
4,4,5.4708209000000005,-0.484125584,-1.34964561,0.101360381,10.0,0.01632165,1.0,0.052068394,5.0
5,5,5.52152395,-0.294228762,-1.25715554,0.105448656,10.0,0.014645327,1.0,0.053443458,5.0
6,35670,6.00560093,-0.166744605,-1.2554419,0.105892777,10.0,0.013286265,1.0,0.05650203700000001,5.0
1,1,6.43589067,-0.405188382,-1.452407,0.10835208,10.0,0.018321578,1.0,0.053161793,5.0
3,3,6.76261568,-0.071033873,-1.26002932,0.10930831,10.0,0.012945827,1.0,0.059559315,5.0
