,Unnamed: 0,u,v,w,x,x bin,y,y bin,z,z bin
3,58091,10.1531792,-0.5664110179999999,0.316600114,0.105843499,10.0,0.106226966,10.0,-0.079373203,-8.0
1,1,10.1359901,-0.584729552,0.317592829,0.106879793,10.0,0.105916038,10.0,-0.077291794,-8.0
2,2,10.1291685,-0.565768361,0.31178996,0.108864196,10.0,0.107160375,10.0,-0.07884343,-8.0
0,0,10.1026201,-0.607529938,0.314622909,0.10962639699999999,10.0,0.10637696099999999,10.0,-0.074221008,-8.0
