,Unnamed: 0,u,v,w,x,x bin,y,y bin,z,z bin
0,2247,10.2510605,-0.152970925,-0.217082098,0.104613073,10.0,0.109410927,10.0,0.12898773,12.0
