,Unnamed: 0,u,v,w,x,x bin,y,y bin,z,z bin
2,2,10.2519894,-0.608633757,0.010161465,0.101034462,10.0,0.126091361,12.0,-0.022598505,-3.0
3,3,10.2325058,-0.573388815,0.026476061000000002,0.10571783,10.0,0.127058849,12.0,-0.02498401,-3.0
0,0,10.2393408,-0.535991848,0.035534218,0.105854176,10.0,0.12929289,12.0,-0.026865766,-3.0
4,22941,10.2219706,-0.590346336,0.032181919,0.106230788,10.0,0.125366166,12.0,-0.025860993,-3.0
1,1,10.2302799,-0.551850677,0.023784585,0.107768103,10.0,0.128522322,12.0,-0.024175374,-3.0
