,Unnamed: 0,u,v,w,x,x bin,y,y bin,z,z bin
3,3,9.29933643,-0.378647894,2.03136587,0.101439476,10.0,0.017316392,1.0,-0.067065001,-7.0
5,5,9.325115199999999,-0.24766475,2.03821516,0.10294470900000001,10.0,0.013616573,1.0,-0.06746129,-7.0
6,89741,9.42196465,-0.093025431,1.98055351,0.105562165,10.0,0.010324311,1.0,-0.068694353,-7.0
2,2,9.19888973,-0.431303859,1.98777127,0.106624715,10.0,0.018876556,1.0,-0.06537374900000001,-7.0
4,4,9.28894997,-0.395751894,1.91236258,0.10752444,10.0,0.019218421,1.0,-0.06703229299999999,-7.0
0,0,9.01421738,-0.478833854,2.0978272,0.107558884,10.0,0.017706469,1.0,-0.061489921,-7.0
1,1,8.9454565,-0.416782379,2.15909767,0.107871607,10.0,0.015829545,1.0,-0.060483265999999994,-7.0
