,Unnamed: 0,u,v,w,x,x bin,y,y bin,z,z bin
0,0,10.196767800000002,-0.19790241100000008,0.957342803,0.102718577,10.0,0.028921884,2.0,-0.102897346,-11.0
2,2,10.1985273,-0.101014137,1.06022692,0.102798119,10.0,0.020865658,2.0,-0.102109537,-11.0
5,5,10.1891365,-0.15216743900000002,0.936958492,0.104990155,10.0,0.026151985,2.0,-0.105252996,-11.0
6,6,10.181059800000002,-0.104513451,1.0138737,0.105433568,10.0,0.021828609,2.0,-0.103789687,-11.0
8,121107,10.1836948,-0.132426441,0.900307119,0.106744364,10.0,0.025131904,2.0,-0.107546672,-11.0
1,1,10.153219199999999,-0.135047436,0.9898880720000001,0.107583389,10.0,0.02493277,2.0,-0.102460817,-11.0
3,3,10.151104,-0.18526566,0.880703032,0.10863182699999999,10.0,0.02998407,2.0,-0.104847983,-11.0
4,4,10.1547689,-0.162642315,0.892422438,0.108674251,10.0,0.028059406,2.0,-0.105494961,-11.0
7,7,10.1646986,-0.170024142,0.816919565,0.109115615,10.0,0.029250104,2.0,-0.108788975,-11.0
