,Unnamed: 0,u,v,w,x,x bin,y,y bin,z,z bin
0,0,9.03543568,-0.710248172,2.06994653,0.10322731,10.0,0.02340501,2.0,-0.061353535,-7.0
2,85177,9.13330173,-0.7430824640000001,1.89605308,0.106652491,10.0,0.025854416,2.0,-0.063137494,-7.0
1,1,9.11679935,-0.528935313,1.9445076000000001,0.109740928,10.0,0.020421898,2.0,-0.063187957,-7.0
