,Unnamed: 0,u,v,w,x,x bin,y,y bin,z,z bin
0,62993,4.71345711,-1.32300949,2.12139177,0.109443948,10.0,0.021613687000000003,2.0,-0.027523391,-3.0
