,Unnamed: 0,u,v,w,x,x bin,y,y bin,z,z bin
2,24435,10.1492653,-0.161293074,-0.924081683,0.101180792,10.0,0.020709749,2.0,0.098348327,9.0
0,0,10.1335955,-0.253767908,-0.941702127,0.104777247,10.0,0.026120322,2.0,0.092659831,9.0
1,1,10.056057000000001,-0.20472469899999998,-0.984967887,0.108057834,10.0,0.022907395,2.0,0.090327092,9.0
