,Unnamed: 0,u,v,w,x,x bin,y,y bin,z,z bin
2,2,10.302780199999999,-0.213451773,-0.619573116,0.100796774,10.0,0.036207456,3.0,0.109805085,10.0
1,1,10.27775,-0.212760001,-0.67675662,0.101610586,10.0,0.033115935,3.0,0.105797164,10.0
0,0,10.22896,-0.21622733800000002,-0.652288973,0.10928016900000001,10.0,0.034327678,3.0,0.10509985699999999,10.0
3,19209,10.2437477,-0.175428033,-0.613237143,0.109506793,10.0,0.030058609,3.0,0.109794095,10.0
