,Unnamed: 0,u,v,w,x,x bin,y,y bin,z,z bin
1,1,7.43750954,-1.14458048,-1.56757057,0.102813289,10.0,0.037095636,3.0,0.043532300999999995,4.0
0,0,7.9222784,-1.10041249,-1.48660088,0.104353413,10.0,0.039993629,3.0,0.045762852,4.0
2,31555,6.64219475,-1.04872823,-1.56939185,0.10933134,10.0,0.030702606,3.0,0.040842928,4.0
