,Unnamed: 0,u,v,w,x,x bin,y,y bin,z,z bin
0,0,10.2480021,-0.30332949800000003,-0.835092187,0.101185605,10.0,0.038035765,3.0,0.094914921,9.0
4,19163,10.2290936,-0.242393255,-0.827676594,0.103261724,10.0,0.031446066,3.0,0.097217493,9.0
2,2,10.2258444,-0.256652743,-0.8187947870000001,0.10444577,10.0,0.032967821,3.0,0.096388467,9.0
1,1,10.2289171,-0.256958574,-0.7691417340000001,0.105857521,10.0,0.034376901,3.0,0.09789519,9.0
3,3,10.2196674,-0.23602072899999998,-0.7565978170000001,0.10660162599999999,10.0,0.032705866,3.0,0.099213749,9.0
