,Unnamed: 0,u,v,w,x,x bin,y,y bin,z,z bin
0,0,9.98773003,-0.7466826440000001,1.15712094,0.10030516199999999,10.0,0.049282912000000005,4.0,-0.081757635,-9.0
1,98732,9.95138359,-0.704158127,1.14169788,0.10315007,10.0,0.049578656,4.0,-0.08400653300000001,-9.0
