,Unnamed: 0,u,v,w,x,x bin,y,y bin,z,z bin
2,2,6.14116526,-2.10595036,0.192747578,0.101956449,10.0,0.046328768,4.0,-0.016542058000000002,-2.0
5,54170,6.19469547,-2.12588382,0.18448391600000005,0.106215671,10.0,0.04521798,4.0,-0.014768554,-2.0
4,4,6.17037916,-2.24557638,0.132586807,0.106590435,10.0,0.044838462,4.0,-0.011805167,-2.0
3,3,7.08622169,-2.30175042,0.108378723,0.106993496,10.0,0.048264418,4.0,-0.013712217,-2.0
0,0,7.37950706,-2.37173629,0.020665292,0.10802930599999999,10.0,0.049739353,4.0,-0.011157692,-2.0
1,1,7.07682419,-2.31704879,0.075258032,0.109252639,10.0,0.048159402,4.0,-0.011377478,-2.0
