,Unnamed: 0,u,v,w,x,x bin,y,y bin,z,z bin
3,3,8.21549892,-1.7547543,1.04449999,0.10050568,10.0,0.047990985,4.0,-0.037600077999999995,-4.0
2,2,7.06365347,-1.64493668,0.937177539,0.101750635,10.0,0.044969119,4.0,-0.034529425,-4.0
1,1,7.71057606,-1.74970472,0.966767013,0.10236027800000001,10.0,0.04678946,4.0,-0.03470663,-4.0
0,0,6.42041874,-1.58951831,0.957253039,0.105762176,10.0,0.042078588,4.0,-0.033232082,-4.0
6,67098,7.83555841,-1.6463511000000002,1.16693854,0.106622517,10.0,0.04397941,4.0,-0.03929707,-4.0
4,4,6.83801746,-1.57283354,1.18672562,0.107659295,10.0,0.040259861,4.0,-0.03693277,-4.0
5,5,8.40766716,-1.62875569,0.9598941209999999,0.10965414300000001,10.0,0.048804782000000005,4.0,-0.036830463,-4.0
