,Unnamed: 0,u,v,w,x,x bin,y,y bin,z,z bin
2,129639,10.2320957,-0.1946477,0.6181254389999999,0.102990858,10.0,0.043917324,4.0,-0.121899262,-13.0
0,0,10.2154112,-0.205700368,0.590940595,0.108362161,10.0,0.049445413,4.0,-0.122616775,-13.0
1,1,10.2058535,-0.211747378,0.600842416,0.10896311,10.0,0.048482593,4.0,-0.121812709,-13.0
