,Unnamed: 0,u,v,w,x,x bin,y,y bin,z,z bin
1,1,9.74385834,-1.27660155,1.26221406,0.10045651300000001,10.0,0.051339921,5.0,-0.061386239,-7.0
0,0,9.91507244,-1.16957998,1.14110827,0.101963863,10.0,0.055749595,5.0,-0.063894779,-7.0
6,82823,9.81703949,-1.02344966,1.21235979,0.106590413,10.0,0.051094923,5.0,-0.06851092,-7.0
4,4,9.84555244,-1.04246664,1.14084339,0.106964186,10.0,0.054428861,5.0,-0.068325274,-7.0
3,3,9.86499786,-1.01215887,1.06492352,0.109012723,10.0,0.05691547,5.0,-0.068722963,-7.0
2,2,9.77947903,-1.10435832,1.1773323999999998,0.109938033,10.0,0.052263189,5.0,-0.064035766,-7.0
5,5,9.78219604,-1.05178821,1.19260442,0.10995318,10.0,0.0510033,5.0,-0.06698352099999999,-7.0
