,Unnamed: 0,u,v,w,x,x bin,y,y bin,z,z bin
4,4,10.214270599999999,-0.259339273,0.6174679989999999,0.104542226,10.0,0.05540143,5.0,-0.118874803,-12.0
3,3,10.214097,-0.253661275,0.6069909929999999,0.105801836,10.0,0.056081999,5.0,-0.119585983,-12.0
5,120975,10.2079716,-0.25050947100000004,0.617520988,0.105915695,10.0,0.053354494,5.0,-0.119241729,-12.0
1,1,10.2088118,-0.256907165,0.602163076,0.107212,10.0,0.05731013,5.0,-0.119573466,-12.0
0,0,10.134235400000001,-0.342846483,0.695330918,0.109327525,10.0,0.0547028,5.0,-0.110739455,-12.0
2,2,10.142475099999999,-0.309259683,0.692092121,0.109592497,10.0,0.050256178,5.0,-0.11195013699999999,-12.0
