,Unnamed: 0,u,v,w,x,x bin,y,y bin,z,z bin
0,41586,4.40340757,-0.429064721,-0.4380016920000001,0.108813554,10.0,0.058551658,5.0,0.012915514,1.0
