,Unnamed: 0,u,v,w,x,x bin,y,y bin,z,z bin
0,0,10.134721800000001,-0.449173182,-0.651774645,0.10627225,10.0,0.058896712999999996,5.0,0.0903337,9.0
1,11706,10.162199,-0.3676974770000001,-0.617592335,0.108625129,10.0,0.05663657900000001,5.0,0.099528745,9.0
