,Unnamed: 0,u,v,w,x,x bin,y,y bin,z,z bin
0,15154,9.95451927,-0.731324732,-0.936604917,0.103716098,10.0,0.05019654,5.0,0.070028193,7.0
