,Unnamed: 0,u,v,w,x,x bin,y,y bin,z,z bin
1,1,9.82236385,-1.04248238,-0.783514142,0.100764416,10.0,0.057023775,5.0,0.05571571,5.0
0,0,9.83428574,-1.02389944,-0.654472053,0.105314665,10.0,0.059428666,5.0,0.054284848,5.0
2,24753,9.13849735,-0.952294946,-0.696052253,0.105863169,10.0,0.056403991,5.0,0.05140242,5.0
