,Unnamed: 0,u,v,w,x,x bin,y,y bin,z,z bin
2,2,10.131897,-0.5410482879999999,-0.763342917,0.10090046400000001,10.0,0.055681534000000005,5.0,0.084425531,8.0
3,3,10.134119,-0.540006101,-0.7836775779999999,0.101058587,10.0,0.054182224,5.0,0.085306875,8.0
4,4,10.1443186,-0.518569112,-0.775035083,0.101399146,10.0,0.053911373,5.0,0.08771436699999999,8.0
5,5,10.1456804,-0.493296504,-0.750668645,0.102818802,10.0,0.054077353,5.0,0.08974094699999999,8.0
6,6,10.132234599999999,-0.512619853,-0.7871453759999999,0.103409603,10.0,0.05190051,5.0,0.08815134300000001,8.0
0,0,10.1180954,-0.520503461,-0.681038678,0.103413701,10.0,0.059689436,5.0,0.083386056,8.0
7,11735,10.083473199999998,-0.556223452,-0.815675557,0.105921008,10.0,0.05035222,5.0,0.083145663,8.0
1,1,10.0842695,-0.509243906,-0.6934230920000001,0.109542727,10.0,0.057508520999999986,5.0,0.083035015,8.0
