,Unnamed: 0,u,v,w,x,x bin,y,y bin,z,z bin
2,2,10.048139599999999,-1.04387856,0.8501282929999999,0.104217499,10.0,0.065773316,6.0,-0.065796301,-7.0
1,1,10.048620199999998,-1.09647369,0.814415097,0.104930148,10.0,0.06699550900000001,6.0,-0.061659217,-7.0
3,76611,10.0094814,-0.983226538,0.8698896770000001,0.106179297,10.0,0.06526847200000001,6.0,-0.068753421,-7.0
0,0,10.042922,-1.07127321,0.754345417,0.107372135,10.0,0.069306068,6.0,-0.061101876,-7.0
