,Unnamed: 0,u,v,w,x,x bin,y,y bin,z,z bin
0,8030,10.17101,-0.345716625,-0.512558937,0.109831937,10.0,0.06937673700000001,6.0,0.095109798,9.0
