,Unnamed: 0,u,v,w,x,x bin,y,y bin,z,z bin
1,1,10.2655735,-0.198982418,0.494404346,0.104306132,10.0,0.061931998,6.0,-0.130484253,-14.0
3,119297,10.2684069,-0.18641907,0.487495393,0.104335427,10.0,0.060087256,6.0,-0.13205643,-14.0
0,0,10.2540035,-0.191057384,0.475411445,0.10750939,10.0,0.061852247,6.0,-0.132157445,-14.0
2,2,10.257448199999999,-0.180659562,0.46055260299999995,0.10755878699999999,10.0,0.061429162,6.0,-0.134140775,-14.0
