,Unnamed: 0,u,v,w,x,x bin,y,y bin,z,z bin
2,2,6.28443813,-0.55685848,-0.470645964,0.104796521,10.0,0.06538894,6.0,0.017766068,1.0
1,1,7.09415436,-0.880515158,-0.652747273,0.105983719,10.0,0.066176757,6.0,0.011265305,1.0
0,0,8.0721283,-0.978098273,-0.70569247,0.106466383,10.0,0.069349043,6.0,0.011336831,1.0
3,3,6.53455591,-0.7974113820000001,-0.607891262,0.106601395,10.0,0.064494848,6.0,0.011483133999999999,1.0
4,41565,4.97569561,-0.372987866,-0.392429769,0.106943995,10.0,0.061326195,6.0,0.017165039,1.0
