,Unnamed: 0,u,v,w,x,x bin,y,y bin,z,z bin
2,2,10.0782623,-0.746497273,0.906540573,0.102057055,10.0,0.060744677,6.0,-0.084407099,-9.0
0,0,10.0738792,-0.788529515,0.8401095270000001,0.103729375,10.0,0.067071095,6.0,-0.081328385,-9.0
3,3,10.040548300000001,-0.715547204,0.857646465,0.10836985699999999,10.0,0.061526954,6.0,-0.08513277,-9.0
4,96301,10.0432987,-0.678213775,0.829626858,0.109378934,10.0,0.061962094,6.0,-0.087053895,-9.0
1,1,10.0305395,-0.7246575359999999,0.8317450279999999,0.10991687300000001,10.0,0.064240962,6.0,-0.083485395,-9.0
