,Unnamed: 0,u,v,w,x,x bin,y,y bin,z,z bin
1,1,10.108381300000001,-0.605186224,-0.6716874840000001,0.10212452699999999,10.0,0.06092146,6.0,0.077357411,7.0
0,0,10.139137300000002,-0.512647808,-0.567745328,0.103810027,10.0,0.06955885099999999,6.0,0.079902656,7.0
3,3,10.0929995,-0.638224065,-0.653675318,0.10408793400000001,10.0,0.061683055,6.0,0.073644511,7.0
4,14179,10.0947733,-0.649783969,-0.609701157,0.104637504,10.0,0.064864792,6.0,0.07095238599999999,7.0
2,2,10.0854597,-0.5808185339999999,-0.589318216,0.109314404,10.0,0.064515159,6.0,0.073737808,7.0
