,Unnamed: 0,u,v,w,x,x bin,y,y bin,z,z bin
2,10322,10.2284079,-0.256685555,-0.474943906,0.10577894,10.0,0.066677213,6.0,0.113945924,11.0
0,0,10.2111511,-0.240397781,-0.463984787,0.109021954,10.0,0.065430321,6.0,0.1176375,11.0
1,1,10.2088146,-0.235288307,-0.460793167,0.109629959,10.0,0.06462007,6.0,0.118804231,11.0
