,Unnamed: 0,u,v,w,x,x bin,y,y bin,z,z bin
0,0,8.90830612,-2.09959173,-0.15301398900000002,0.101237506,10.0,0.063375488,6.0,-0.010641762,-2.0
2,2,9.01779556,-2.08103037,-0.07209897,0.101674199,10.0,0.06335461099999999,6.0,-0.012477797,-2.0
3,3,9.21600342,-1.97431517,-0.022170942000000003,0.10479854,10.0,0.063850433,6.0,-0.013519833,-2.0
6,59497,9.4316988,-1.92032838,0.08048140299999999,0.10521175,10.0,0.064712055,6.0,-0.016079526,-2.0
5,5,9.08072472,-2.02483749,0.05253163,0.10610639999999999,10.0,0.061497949,6.0,-0.015147395,-2.0
4,4,9.39977932,-1.83476996,-0.0005807680000000001,0.108718403,10.0,0.064762026,6.0,-0.014422113,-2.0
1,1,9.46351624,-1.74509752,-0.15040049,0.109658465,10.0,0.067250669,6.0,-0.011398034,-2.0
