,Unnamed: 0,u,v,w,x,x bin,y,y bin,z,z bin
2,2,10.1343412,-0.584776282,0.610829055,0.100746796,10.0,0.07933966099999999,7.0,-0.088980056,-9.0
6,87038,10.1077023,-0.6947668790000001,0.725407839,0.101664051,10.0,0.073614292,7.0,-0.084823325,-9.0
3,3,10.0978012,-0.693831146,0.697762668,0.102717653,10.0,0.075074196,7.0,-0.083833039,-9.0
1,1,10.088200599999999,-0.6970403190000001,0.6676616670000001,0.10394465900000001,10.0,0.076438993,7.0,-0.08247317400000001,-9.0
5,5,10.104229,-0.5914580229999999,0.644891679,0.104074821,10.0,0.076840781,7.0,-0.089078955,-9.0
4,4,10.072725300000002,-0.647336781,0.647049546,0.107987948,10.0,0.075343072,7.0,-0.084758468,-9.0
0,0,10.058794,-0.684813142,0.594994068,0.109491996,10.0,0.078011073,7.0,-0.080317468,-9.0
