,Unnamed: 0,u,v,w,x,x bin,y,y bin,z,z bin
5,8111,10.2551575,-0.218158588,-0.412835538,0.101272792,10.0,0.07139258799999999,7.0,0.120807789,12.0
4,4,10.2560425,-0.22015854699999998,-0.407722145,0.10168194800000001,10.0,0.072569244,7.0,0.12036106,12.0
3,3,10.2554226,-0.217944264,-0.397054166,0.102364033,10.0,0.07413625,7.0,0.120746948,12.0
2,2,10.246205300000002,-0.173872754,-0.356791377,0.103380486,10.0,0.073813655,7.0,0.129669711,12.0
1,1,10.2468176,-0.177559838,-0.351670504,0.103383064,10.0,0.076207303,7.0,0.128708825,12.0
0,0,10.2504978,-0.17662349300000002,-0.33912190799999997,0.103393175,10.0,0.078368753,7.0,0.128724217,12.0
