,Unnamed: 0,u,v,w,x,x bin,y,y bin,z,z bin
0,0,10.249872199999999,-0.328087568,0.503883779,0.10344708,10.0,0.078590408,7.0,-0.11560068300000001,-12.0
1,98979,10.2463522,-0.31636768600000004,0.481994033,0.104805931,10.0,0.07904256900000001,7.0,-0.118089475,-12.0
