,Unnamed: 0,u,v,w,x,x bin,y,y bin,z,z bin
5,59966,10.1201954,-1.24351585,0.6889584059999999,0.102628708,10.0,0.07196112,7.0,-0.049146701,-5.0
1,1,10.1524029,-1.21879303,0.5869338510000001,0.102752268,10.0,0.07665412099999999,7.0,-0.047272943,-5.0
3,3,10.176574699999998,-1.293782,0.6084948179999999,0.102943584,10.0,0.074222438,7.0,-0.044311967,-5.0
2,2,10.1024599,-1.18004692,0.59577781,0.10593451599999999,10.0,0.07542346400000001,7.0,-0.048686285,-5.0
4,4,10.1202431,-1.31742024,0.531365573,0.10795810800000001,10.0,0.074011087,7.0,-0.040817086,-5.0
0,0,10.097057300000001,-1.15898979,0.520818651,0.10950942300000001,10.0,0.077163026,7.0,-0.046800043,-5.0
