,Unnamed: 0,u,v,w,x,x bin,y,y bin,z,z bin
3,3,9.90740871,-0.8748290540000001,-0.383716434,0.102710903,10.0,0.072898977,7.0,0.048098393,4.0
4,4,9.792580599999999,-0.7599821090000001,-0.39521661399999997,0.103143126,10.0,0.079841614,7.0,0.041898496,4.0
0,0,9.87168312,-0.7795694470000001,-0.379226416,0.10600508,10.0,0.07832151700000001,7.0,0.044057407,4.0
2,2,9.83745766,-0.80674392,-0.368366122,0.107054375,10.0,0.075451613,7.0,0.044953533,4.0
5,22372,9.73631096,-0.778238654,-0.370882839,0.10777159,10.0,0.075491108,7.0,0.041133624,4.0
1,1,9.93344402,-0.823832929,-0.360458553,0.108597301,10.0,0.074790932,7.0,0.048614159,4.0
