,Unnamed: 0,u,v,w,x,x bin,y,y bin,z,z bin
6,6,10.0863657,-0.8779800529999999,0.517388701,0.102975987,10.0,0.08464749199999999,8.0,-0.06487456,-7.0
5,5,10.0815134,-0.9331722259999999,0.560734689,0.104162671,10.0,0.081429988,8.0,-0.062737763,-7.0
8,68632,10.0861654,-0.914959311,0.588051975,0.104266584,10.0,0.080120042,8.0,-0.065669984,-7.0
1,1,10.071330999999999,-0.8809103970000001,0.47220075100000003,0.104463018,10.0,0.087164611,8.0,-0.061713292999999995,-7.0
0,0,10.0741138,-0.854703665,0.4577772020000001,0.104554683,10.0,0.088830404,8.0,-0.062957242,-7.0
7,7,10.0609846,-0.875180066,0.53354913,0.10643245300000001,10.0,0.08251038200000001,8.0,-0.06500639799999999,-7.0
4,4,10.0533857,-0.874028921,0.506097794,0.107322872,10.0,0.08426266199999999,8.0,-0.06333468099999999,-7.0
2,2,10.051013,-0.8896685240000001,0.482325196,0.107988238,10.0,0.08628000300000001,8.0,-0.060677413,-7.0
3,3,10.0493603,-0.891707063,0.501139879,0.108011693,10.0,0.08458826,8.0,-0.061534211,-7.0
