,Unnamed: 0,u,v,w,x,x bin,y,y bin,z,z bin
1,1,10.1373205,-0.804503083,-0.424175501,0.101333961,10.0,0.081787318,8.0,0.036347363,3.0
2,24100,9.94949055,-0.7447085379999999,-0.4158822,0.106185675,10.0,0.08428729300000001,8.0,0.031174162,3.0
0,0,9.9776268,-0.7361608740000001,-0.394815803,0.109887391,10.0,0.082750388,8.0,0.033380222,3.0
