,Unnamed: 0,u,v,w,x,x bin,y,y bin,z,z bin
4,4,10.1414528,-0.605721831,0.517852008,0.10033246900000001,10.0,0.08667352099999999,8.0,-0.08448438400000001,-9.0
6,6,10.1469002,-0.564168155,0.518569529,0.10115476,10.0,0.08674723699999999,8.0,-0.087231331,-9.0
7,78464,10.134407,-0.5729196670000001,0.517247856,0.102461807,10.0,0.086381346,8.0,-0.086824283,-9.0
2,2,10.114873900000001,-0.642030537,0.48976570399999997,0.102500558,10.0,0.088004805,8.0,-0.08115955400000001,-9.0
5,5,10.125185,-0.586089492,0.48643297,0.104491614,10.0,0.088257611,8.0,-0.08609781400000001,-9.0
3,3,10.1289825,-0.580216825,0.471405506,0.104969054,10.0,0.08944612,8.0,-0.086547725,-9.0
1,1,10.0938778,-0.633988261,0.462085575,0.107307106,10.0,0.089257784,8.0,-0.081676453,-9.0
0,0,10.0818949,-0.644923806,0.458274901,0.108516172,10.0,0.08930958800000001,8.0,-0.080140717,-9.0
