,Unnamed: 0,u,v,w,x,x bin,y,y bin,z,z bin
1,29050,10.0643454,-0.864055276,-0.441393554,0.105333231,10.0,0.090295605,9.0,0.01759696,1.0
0,0,10.1201591,-0.7780188920000001,-0.299246222,0.109629385,10.0,0.098522469,9.0,0.012954076,1.0
