,Unnamed: 0,u,v,w,x,x bin,y,y bin,z,z bin
1,1,10.310795800000001,-0.287375957,-0.324404866,0.101713456,10.0,0.09709958699999999,9.0,0.09927234800000001,9.0
2,2,10.2850723,-0.298917413,-0.333521158,0.104067415,10.0,0.096799709,9.0,0.096289836,9.0
3,3,10.284400900000001,-0.293605238,-0.334592581,0.105062701,10.0,0.095529355,9.0,0.098192461,9.0
4,4125,10.2783794,-0.291267335,-0.33929494,0.106386013,10.0,0.093900099,9.0,0.099511422,9.0
0,0,10.2829304,-0.283672243,-0.312222689,0.107841305,10.0,0.098850682,9.0,0.098545775,9.0
