,Unnamed: 0,u,v,w,x,x bin,y,y bin,z,z bin
0,6185,10.1716099,-0.390967906,-0.418822855,0.107878417,10.0,0.090439938,9.0,0.07888083900000001,7.0
