,Unnamed: 0,u,v,w,x,x bin,y,y bin,z,z bin
0,16616,10.198842,-0.683599532,-0.3611002270000001,0.104794055,10.0,0.097327352,9.0,0.039497983,3.0
