,Unnamed: 0,u,v,w,x,x bin,y,y bin,z,z bin
3,3,10.0915728,-1.09590936,0.194696411,0.100727797,10.0,0.09228079,9.0,-0.032448728,-4.0
1,1,10.0521975,-0.896660984,0.206048429,0.101184748,10.0,0.098985747,9.0,-0.037230123,-4.0
2,2,10.102780300000001,-1.03702354,0.14605619,0.102003485,10.0,0.09583367400000001,9.0,-0.030590236,-4.0
7,45013,10.0822897,-1.12627959,0.184169903,0.102716655,10.0,0.090734586,9.0,-0.031834774,-4.0
4,4,10.091356300000001,-1.09482336,0.151774973,0.10363548199999999,10.0,0.09275397699999999,9.0,-0.030142602,-4.0
0,0,10.017710699999999,-0.856900454,0.16001451,0.108414508,10.0,0.09985783699999999,9.0,-0.035212271,-4.0
5,5,10.000433,-0.977544904,0.240522698,0.109263957,10.0,0.090940386,9.0,-0.037958235,-4.0
6,6,10.011993400000001,-1.01058125,0.206557915,0.109816335,10.0,0.09009739800000001,9.0,-0.035432521,-4.0
