,Unnamed: 0,u,v,w,x,x bin,y,y bin,z,z bin
6,4078,10.244854,-0.146980017,-0.247816578,0.10359624,10.0,0.094413571,9.0,0.137699261,13.0
4,4,10.2302189,-0.153470308,-0.250026613,0.108287968,10.0,0.097241893,9.0,0.134140536,13.0
0,0,10.231802,-0.155465215,-0.247032046,0.108297803,10.0,0.099336304,9.0,0.132271051,13.0
5,5,10.2302341,-0.149308115,-0.24531778699999998,0.108301654,10.0,0.097131446,9.0,0.136336192,13.0
3,3,10.231645599999998,-0.150714666,-0.242246985,0.10830946300000001,10.0,0.098981015,9.0,0.134868711,13.0
2,2,10.2313356,-0.144864663,-0.236816674,0.108311407,10.0,0.098363213,9.0,0.138139114,13.0
1,1,10.232082400000001,-0.147392079,-0.23715192100000002,0.108314492,10.0,0.099411704,9.0,0.136413217,13.0
