,Unnamed: 0,u,v,w,x,x bin,y,y bin,z,z bin
4,4,10.1952724,-0.682365835,-0.371892869,0.106359445,10.0,0.095189013,9.0,0.0424775,4.0
1,1,10.218032800000001,-0.675496578,-0.3747245970000001,0.106722265,10.0,0.09380359199999999,9.0,0.04856389,4.0
0,0,10.211792,-0.654330254,-0.372572601,0.107596442,10.0,0.094578192,9.0,0.049979575,4.0
6,16625,10.1911116,-0.693690598,-0.385706663,0.107843414,10.0,0.091220498,9.0,0.045234155,4.0
5,5,10.1859465,-0.6843582990000001,-0.3800264,0.10795401,10.0,0.092933066,9.0,0.043901507,4.0
3,3,10.200778999999999,-0.676766098,-0.37611463700000003,0.108007774,10.0,0.092885099,9.0,0.046996944000000006,4.0
2,2,10.1892834,-0.662645698,-0.368727475,0.109134302,10.0,0.094153449,9.0,0.045904253,4.0
