,Unnamed: 0,u,v,w,x,x bin,y,y bin,z,z bin
0,0,10.1635437,-1.11475074,0.039052885,0.101301491,10.0,0.094911538,9.0,-0.021138027,-3.0
4,44595,10.0916529,-1.11864078,0.15253067,0.103878163,10.0,0.091720089,9.0,-0.029810904,-3.0
2,2,10.1128502,-1.0506295,0.094032981,0.104959138,10.0,0.09601254,9.0,-0.026652327000000003,-3.0
1,1,10.1115685,-1.10589838,0.031768981,0.107731223,10.0,0.093095921,9.0,-0.021159932000000003,-3.0
3,3,10.063282000000001,-1.03655744,0.107214183,0.10984809,10.0,0.09372568099999999,9.0,-0.028049797,-3.0
