,Unnamed: 0,u,v,w,x,x bin,y,y bin,z,z bin
0,4952,10.226395599999998,-0.355082214,-0.387725711,0.103810236,10.0,0.093216181,9.0,0.08516758699999999,8.0
