,Unnamed: 0,u,v,w,x,x bin,y,y bin,z,z bin
1,1,10.199493400000001,-0.530554712,-0.423094213,0.100335985,10.0,0.09212269599999999,9.0,0.065790266,6.0
2,10791,10.2160711,-0.590955317,-0.413069695,0.101687968,10.0,0.092225567,9.0,0.060728736,6.0
0,0,10.1948967,-0.506000459,-0.385028213,0.105381221,10.0,0.099080451,9.0,0.062797226,6.0
