,u,v,w,x,x bin,y,y bin,z,z bin
0,10.160327,0.068214782,-0.93517971,0.100375548,10.0,-0.001250165,-1.0,0.100679375,10.0
1,10.106259300000001,0.049680084000000006,-0.8228167890000001,0.108967207,10.0,-0.000669781,-1.0,0.103527769,10.0
2,10.1122179,0.06757693,-0.821339548,0.108377747,10.0,-0.002950559,-1.0,0.104021147,10.0
44327,10.0906811,0.083989911,-0.8295611740000001,0.10999714599999999,10.0,-0.004644909,-1.0,0.102816194,10.0
