,u,v,w,x,x bin,y,y bin,z,z bin
0,10.2604141,0.22508987800000002,0.212519273,0.107974082,10.0,-0.08013092,-9.0,-0.145514682,-15.0
1,10.2569752,0.229592279,0.209613472,0.107941076,10.0,-0.082219355,-9.0,-0.144540235,-15.0
2,10.2836647,0.219092906,0.18616496,0.100167677,10.0,-0.087365925,-9.0,-0.144507617,-15.0
3,10.2835531,0.213221595,0.178400442,0.100177661,10.0,-0.088912487,-9.0,-0.144891351,-15.0
4,10.2841034,0.201259792,0.178861856,0.100166194,10.0,-0.085921466,-9.0,-0.148941472,-15.0
5,10.285017,0.201649129,0.175270349,0.100178376,10.0,-0.087420657,-9.0,-0.147666052,-15.0
151961,10.2839451,0.198269635,0.168978646,0.100174539,10.0,-0.088951975,-9.0,-0.1478865,-15.0
