,u,v,w,x,x bin,y,y bin,z,z bin
0,10.251106300000002,0.45797160299999995,0.080249943,0.10241694,10.0,-0.105751038,-11.0,-0.066614009,-7.0
1,10.2385635,0.4883375170000001,0.10530483,0.103782699,10.0,-0.101570226,-11.0,-0.069522008,-7.0
2,10.246279699999999,0.44468554899999996,0.07759772200000001,0.10296822300000001,10.0,-0.107231483,-11.0,-0.067016684,-7.0
3,10.2445374,0.437398285,0.08374944299999999,0.102311812,10.0,-0.107315227,-11.0,-0.069976538,-7.0
137762,10.2309542,0.42913144799999997,0.079982169,0.10492745,10.0,-0.108847149,-11.0,-0.06826172,-7.0
