,u,v,w,x,x bin,y,y bin,z,z bin
0,5.85217047,1.50708568,-2.7688179,0.102628104,10.0,-0.023359479,-3.0,0.029966874,2.0
63145,5.61631775,1.8734317999999999,-2.50168085,0.10367955300000001,10.0,-0.029093621,-3.0,0.026094301,2.0
