,u,v,w,x,x bin,y,y bin,z,z bin
0,10.177265199999999,0.57150358,-0.026107714,0.105914526,10.0,-0.108230449,-11.0,0.040535811,4.0
1,10.1720467,0.553688705,-0.05931868,0.108238734,10.0,-0.109135985,-11.0,0.047258444,4.0
105397,10.1961832,0.565672457,-0.079408579,0.104284406,10.0,-0.108914405,-11.0,0.048836465999999995,4.0
