,u,v,w,x,x bin,y,y bin,z,z bin
148658,10.2182522,0.36067926899999997,0.214546591,0.10824879300000001,10.0,-0.093786299,-10.0,-0.110759847,-12.0
