,u,v,w,x,x bin,y,y bin,z,z bin
46970,10.255892800000002,0.07259386,-0.444106936,0.10264977800000001,10.0,-0.014057701,-2.0,0.140753895,14.0
