,u,v,w,x,x bin,y,y bin,z,z bin
0,10.1918793,0.747128844,0.353486776,0.10834365300000001,10.0,-0.07241368299999999,-8.0,-0.07567185900000001,-8.0
1,10.2072039,0.81052047,0.323689252,0.108714469,10.0,-0.072069913,-8.0,-0.07149570400000001,-8.0
2,10.2634735,0.843057871,0.33950656700000004,0.101222202,10.0,-0.071916334,-8.0,-0.07026384,-8.0
3,10.2485151,0.7563598159999999,0.365289301,0.100615703,10.0,-0.075947322,-8.0,-0.07613188,-8.0
4,10.174468,0.6680437920000001,0.330009311,0.109530285,10.0,-0.076000273,-8.0,-0.078694269,-8.0
5,10.1851244,0.670449257,0.315288484,0.10872937,10.0,-0.077707909,-8.0,-0.077593833,-8.0
139963,10.2248325,0.721385002,0.282888055,0.10572165300000001,10.0,-0.079876483,-8.0,-0.073346302,-8.0
