,u,v,w,x,x bin,y,y bin,z,z bin
0,10.248496099999999,0.322733045,0.042424083,0.100301772,10.0,-0.132147521,-14.0,0.007932028,0.0
1,10.240405099999998,0.315929919,0.043089818,0.101869285,10.0,-0.13312490300000002,-14.0,0.006153549,0.0
2,10.2253942,0.316188514,0.038539618,0.104701683,10.0,-0.13500674099999999,-14.0,0.007423394,0.0
3,10.2486954,0.305985093,0.045278236,0.100430466,10.0,-0.134160355,-14.0,0.004323937,0.0
4,10.2149162,0.30936348399999997,0.038933583,0.10671407,10.0,-0.136092499,-14.0,0.005613981999999999,0.0
5,10.212814300000002,0.299784869,0.042068761,0.107685417,10.0,-0.136476085,-14.0,0.003281535,0.0
132314,10.218726199999999,0.289568365,0.044221729,0.10662955800000001,10.0,-0.137571514,-14.0,0.001197985,0.0
