,u,v,w,x,x bin,y,y bin,z,z bin
0,10.1974773,0.377882957,-0.38552326,0.104243346,10.0,-0.08188082299999999,-9.0,0.099974006,9.0
110463,10.1705933,0.347026467,-0.361888528,0.10981544900000001,10.0,-0.08309108,-9.0,0.09943778800000001,9.0
