,u,v,w,x,x bin,y,y bin,z,z bin
0,10.1683578,0.387542903,0.609744847,0.105754957,10.0,-0.040271983,-5.0,-0.114773899,-12.0
145554,10.219111400000001,0.36681968,0.5247069000000001,0.10210649699999999,10.0,-0.048868362,-5.0,-0.119320698,-12.0
