,u,v,w,x,x bin,y,y bin,z,z bin
0,10.1734133,0.096950211,-0.569505692,0.108440429,10.0,-0.012462107,-2.0,0.12359086400000001,12.0
1,10.1638603,0.106302537,-0.569912612,0.109437779,10.0,-0.01431199,-2.0,0.122944936,12.0
49583,10.1846561,0.103656955,-0.559026599,0.10693337,10.0,-0.014191808,-2.0,0.12449525300000001,12.0
