,u,v,w,x,x bin,y,y bin,z,z bin
0,9.68001175,0.474153221,-0.099952303,0.105784565,10.0,-0.090236493,-10.0,-0.03397648,-4.0
1,10.0505543,0.51407063,-0.072081745,0.104730561,10.0,-0.091913529,-10.0,-0.03728845,-4.0
120209,10.1021986,0.485608518,-0.059297681,0.103591055,10.0,-0.09502548,-10.0,-0.035879947,-4.0
