,u,v,w,x,x bin,y,y bin,z,z bin
0,10.2639084,0.233981326,0.149135679,0.101733699,10.0,-0.10659945,-11.0,-0.131609261,-14.0
1,10.269650500000001,0.235835388,0.155838281,0.101722181,10.0,-0.102101289,-11.0,-0.132288828,-14.0
2,10.2671995,0.233895764,0.152915046,0.101731598,10.0,-0.103912346,-11.0,-0.13238318300000002,-14.0
3,10.265323599999999,0.232332528,0.150666028,0.10173776699999999,10.0,-0.10529577,-11.0,-0.132480025,-14.0
4,10.2636175,0.226088732,0.148341835,0.101758137,10.0,-0.106107123,-11.0,-0.13417828099999998,-14.0
5,10.251127199999999,0.219964519,0.149313912,0.10536999300000001,10.0,-0.10590881099999999,-11.0,-0.137216747,-14.0
6,10.2560291,0.220030785,0.1550356,0.10538511,10.0,-0.101873763,-11.0,-0.138324663,-14.0
151179,10.254461300000001,0.214707956,0.15284241699999998,0.105384067,10.0,-0.10270866,-11.0,-0.139726922,-14.0
