,u,v,w,x,x bin,y,y bin,z,z bin
119571,10.039957000000001,0.532956481,1.22497845,0.103327721,10.0,-0.016485805,-2.0,-0.094269194,-10.0
