,u,v,w,x,x bin,y,y bin,z,z bin
0,10.2241182,0.3983753920000001,0.018955004,0.109525084,10.0,-0.110018522,-12.0,-0.052325599,-6.0
1,10.2334871,0.394465506,0.024581123,0.10745848699999999,10.0,-0.111362554,-12.0,-0.05253407,-6.0
2,10.2198467,0.391748041,0.021089206,0.109924421,10.0,-0.111615933,-12.0,-0.055899505,-6.0
136449,10.220833800000001,0.382912934,0.022817709,0.109373413,10.0,-0.11220265900000001,-12.0,-0.052201573,-6.0
