,u,v,w,x,x bin,y,y bin,z,z bin
0,10.226628300000002,0.279244155,0.058673076,0.104495898,10.0,-0.13235601800000002,-14.0,-0.011048863,-2.0
1,10.2398214,0.280273229,0.05576345,0.101880617,10.0,-0.132194906,-14.0,-0.014818881,-2.0
2,10.211437199999999,0.26866096300000003,0.055444811,0.108887002,10.0,-0.133423746,-14.0,-0.011088457,-2.0
3,10.2279081,0.278301507,0.056655843,0.104278937,10.0,-0.13263130199999998,-14.0,-0.013088043,-2.0
4,10.220948199999999,0.275002688,0.046944852999999995,0.105926856,10.0,-0.132379591,-14.0,-0.01818735,-2.0
5,10.218071,0.26911661,0.053404022,0.106913581,10.0,-0.134253085,-14.0,-0.012383753,-2.0
6,10.213706,0.263427824,0.054901574,0.108809642,10.0,-0.135441303,-14.0,-0.01107562,-2.0
7,10.2356205,0.274215102,0.05391705,0.102978803,10.0,-0.13388665,-14.0,-0.014742511000000003,-2.0
139072,10.2224588,0.271202683,0.045683827,0.105795555,10.0,-0.133684307,-14.0,-0.018788215,-2.0
