,u,v,w,x,x bin,y,y bin,z,z bin
138154,10.252686500000001,0.248045757,-0.119853087,0.10582447800000001,10.0,-0.137744427,-14.0,0.089567229,8.0
