,u,v,w,x,x bin,y,y bin,z,z bin
0,10.2092972,0.46630370600000004,0.27823653800000003,0.103878573,10.0,-0.08643872300000001,-9.0,-0.10088829699999999,-11.0
1,10.210928,0.45940575,0.260810137,0.103932403,10.0,-0.089454591,-9.0,-0.100214809,-11.0
2,10.2145462,0.44703874,0.26835522100000003,0.103955984,10.0,-0.08710102,-9.0,-0.10245695,-11.0
3,10.2159004,0.441269279,0.251991212,0.103999533,10.0,-0.08998221199999999,-9.0,-0.101734057,-11.0
4,10.217887900000001,0.43585610399999997,0.276921511,0.103965208,10.0,-0.08462552699999999,-9.0,-0.104638502,-11.0
5,10.2202492,0.426261604,0.259993434,0.104034811,10.0,-0.08735615,-9.0,-0.104352817,-11.0
6,10.2243061,0.41120106,0.249528915,0.104100071,10.0,-0.088422135,-9.0,-0.105335422,-11.0
7,10.2293768,0.405015945,0.259143829,0.103406698,10.0,-0.086206362,-9.0,-0.106949367,-11.0
147800,10.2220459,0.379334897,0.23705901199999999,0.10653571,10.0,-0.088867404,-9.0,-0.10888711400000001,-11.0
