,u,v,w,x,x bin,y,y bin,z,z bin
0,5.59948683,0.124169841,-1.12592018,0.10584802900000001,10.0,-0.016558962,-2.0,0.057057791,5.0
1,5.27552891,0.099570885,-1.02567255,0.106784657,10.0,-0.015319997,-2.0,0.056657583,5.0
2,4.51666832,0.12077943199999999,-0.871986747,0.10593867300000001,10.0,-0.012975956,-2.0,0.055163428,5.0
3,4.87603664,0.072649144,-0.868586183,0.10684742,10.0,-0.011308621,-2.0,0.05700727200000001,5.0
4,5.73378515,0.35232687,-1.35671997,0.105714701,10.0,-0.018880539,-2.0,0.053451095,5.0
5,5.28965616,0.289457709,-1.22472668,0.104683883,10.0,-0.01754796,-2.0,0.053730413,5.0
45914,4.50061035,0.145155132,-0.968800485,0.10282084300000001,10.0,-0.014647933,-2.0,0.05443358400000001,5.0
