,u,v,w,x,x bin,y,y bin,z,z bin
0,10.228717800000002,0.35025420799999996,-0.056339785999999996,0.10513302699999999,10.0,-0.137237936,-14.0,0.049936865,4.0
1,10.237230300000002,0.350371242,-0.047834151,0.103203379,10.0,-0.13776379800000002,-14.0,0.046953827,4.0
135398,10.2144194,0.33984553799999995,-0.048419092000000004,0.107520498,10.0,-0.138488188,-14.0,0.047883626,4.0
