,u,v,w,x,x bin,y,y bin,z,z bin
0,5.12793446,0.535061717,-0.421352535,0.10754413199999999,10.0,-0.06881709400000001,-7.0,-0.03072357,-4.0
1,6.00105715,1.19862986,-0.315157205,0.10415034,10.0,-0.06160773,-7.0,-0.03706342,-4.0
2,6.40834379,1.29544485,-0.291958809,0.108997114,10.0,-0.06149087900000001,-7.0,-0.038510159,-4.0
3,7.00395584,1.10930169,-0.284674168,0.101483643,10.0,-0.066520751,-7.0,-0.037981443,-4.0
107050,6.87762165,0.93119514,-0.307016551,0.10220518699999999,10.0,-0.068555757,-7.0,-0.036945306000000004,-4.0
