,u,v,w,x,x bin,y,y bin,z,z bin
128372,10.159301800000001,0.740554571,0.7439623479999999,0.10310404,10.0,-0.041085947000000005,-5.0,-0.092135251,-10.0
