,u,v,w,x,x bin,y,y bin,z,z bin
133770,10.215464599999999,0.31730327,0.032970779,0.105281554,10.0,-0.118976548,-12.0,-0.030219762,-4.0
