,u,v,w,x,x bin,y,y bin,z,z bin
0,10.1998253,0.323857844,0.058870558,0.10654036,10.0,-0.120756187,-13.0,-0.011367475,-2.0
1,10.2334776,0.309201628,0.05980414200000001,0.102135256,10.0,-0.12518733699999998,-13.0,-0.012243011000000002,-2.0
2,10.2371483,0.305230349,0.054001212,0.101548269,10.0,-0.12600967300000002,-13.0,-0.018058123,-2.0
3,10.242726300000001,0.312291384,0.05376948,0.10019986300000001,10.0,-0.124532081,-13.0,-0.019510625,-2.0
4,10.2390985,0.291434646,0.058139406,0.101636186,10.0,-0.129459873,-13.0,-0.013191426,-2.0
135237,10.2390995,0.28981033,0.059001925999999996,0.10169410000000001,10.0,-0.12983740900000001,-13.0,-0.012153823999999999,-2.0
