,u,v,w,x,x bin,y,y bin,z,z bin
0,9.51685715,0.106165245,-1.20076978,0.103343077,10.0,-0.010528818,-2.0,0.078705885,7.0
1,8.66324329,0.078267783,-1.30105042,0.100522161,10.0,-0.018113142,-2.0,0.072210841,7.0
2,9.52497673,0.148953736,-1.13644433,0.109512635,10.0,-0.015733353999999998,-2.0,0.077855282,7.0
3,9.19313526,0.125048384,-1.21892023,0.103019811,10.0,-0.017314108,-2.0,0.07732369,7.0
4,9.65569115,0.142496437,-1.12279892,0.108345591,10.0,-0.014368725,-2.0,0.079535708,7.0
41987,9.46680546,0.166401625,-1.17426801,0.106669754,10.0,-0.017330633999999998,-2.0,0.07814368599999999,7.0
