,u,v,w,x,x bin,y,y bin,z,z bin
79170,6.45881939,-0.46209576700000005,2.68181515,0.10945554099999999,10.0,0.007904785,0.0,-0.042243752999999995,-5.0
