,u,v,w,x,x bin,y,y bin,z,z bin
2275,10.245156300000001,-0.131905481,-0.189043298,0.106669098,10.0,0.110794596,11.0,0.139761075,13.0
