,u,v,w,x,x bin,y,y bin,z,z bin
0,9.8480854,0.02100754,1.54204369,0.109798595,10.0,0.010962013,1.0,-0.08125207599999999,-9.0
1,9.89312553,-0.19576394600000002,1.42498732,0.10660660300000001,10.0,0.019849986,1.0,-0.08465879400000001,-9.0
2,9.94860268,0.016500599999999997,1.46762061,0.106441624,10.0,0.012037773,1.0,-0.08577247,-9.0
3,9.980144500000002,-0.025199258999999998,1.48002505,0.10343522599999999,10.0,0.014053198000000001,1.0,-0.08667230599999999,-9.0
4,10.008894,-0.080834135,1.3224014,0.108790845,10.0,0.01747671,1.0,-0.08880665900000001,-9.0
108784,10.0537338,-0.006820794,1.45111096,0.101199135,10.0,0.013711269,1.0,-0.089086048,-9.0
