,u,v,w,x,x bin,y,y bin,z,z bin
0,10.2151155,-0.452269465,0.218283251,0.10809131699999999,10.0,0.124884821,12.0,-0.08108402,-9.0
1,10.199379,-0.463482976,0.231295004,0.107901186,10.0,0.123210624,12.0,-0.081993923,-9.0
2,10.1923656,-0.47262182799999997,0.236963585,0.10783224599999999,10.0,0.12224327,12.0,-0.081673205,-9.0
3,10.186720800000002,-0.474050701,0.245568648,0.107815154,10.0,0.120888852,12.0,-0.08271022900000001,-9.0
4,10.2337418,-0.4146991370000001,0.20021873699999998,0.10928936300000001,10.0,0.128248587,12.0,-0.083498225,-9.0
5,10.2134457,-0.445008457,0.219870389,0.108057171,10.0,0.125160098,12.0,-0.082649179,-9.0
6,10.201530499999999,-0.448078036,0.236277491,0.10800859300000001,10.0,0.122694716,12.0,-0.084704831,-9.0
7,10.1964092,-0.455326378,0.242146879,0.107936762,10.0,0.121585742,12.0,-0.08451084800000001,-9.0
55967,10.1967821,-0.45083794,0.250531435,0.107635379,10.0,0.120139025,12.0,-0.086003445,-9.0
