,u,v,w,x,x bin,y,y bin,z,z bin
0,10.220742199999998,-0.519361496,-0.22214064,0.1042201,10.0,0.120314404,12.0,0.029095259,2.0
1,10.2103157,-0.534042358,-0.213602379,0.105726749,10.0,0.120140463,12.0,0.025523068,2.0
12814,10.187751800000001,-0.526694179,-0.19999992800000002,0.109574586,10.0,0.12139233199999999,12.0,0.023300225,2.0
