,u,v,w,x,x bin,y,y bin,z,z bin
0,7.08958197,-1.27908027,2.75431061,0.104106374,10.0,0.018237632,1.0,-0.041531641,-5.0
1,7.407717699999999,-0.9858231540000001,2.64457917,0.104788564,10.0,0.017579315,1.0,-0.044991933,-5.0
2,7.01628542,-0.643306732,2.77099967,0.101463728,10.0,0.012301583,1.0,-0.046027131,-5.0
79145,7.35382748,-0.442504734,2.6873014,0.103124127,10.0,0.010254439,1.0,-0.048971854,-5.0
