,u,v,w,x,x bin,y,y bin,z,z bin
0,9.591790199999998,-0.223308936,1.79201782,0.10439118,10.0,0.016481027,1.0,-0.072875738,-8.0
1,9.61016273,-0.197846651,1.73312044,0.10702291900000001,10.0,0.016463481000000002,1.0,-0.073547922,-8.0
2,9.58938789,-0.106860273,1.93854356,0.100177959,10.0,0.011904079,1.0,-0.072806843,-8.0
3,9.63080788,-0.147249505,1.8658483000000001,0.100747235,10.0,0.013659093999999998,1.0,-0.074063875,-8.0
4,9.67211246,-0.14102052199999998,1.76218212,0.103782132,10.0,0.014332716,1.0,-0.075281851,-8.0
94312,9.67983246,-0.139599815,1.66463995,0.108470321,10.0,0.015455567,1.0,-0.075754881,-8.0
