,u,v,w,x,x bin,y,y bin,z,z bin
21574,10.257926,-0.529599786,0.056531135,0.10057474699999999,10.0,0.129309013,12.0,-0.03193409,-4.0
