,u,v,w,x,x bin,y,y bin,z,z bin
0,10.259976400000001,-0.296212941,-0.265838683,0.10950148900000001,10.0,0.116033018,11.0,0.08530168199999999,8.0
1,10.274562800000002,-0.299468935,-0.273617387,0.106813997,10.0,0.11340151,11.0,0.08632005,8.0
2,10.2715702,-0.310152531,-0.28267020000000004,0.10565440400000001,10.0,0.11238651,11.0,0.084234506,8.0
3,10.2552061,-0.30690848800000003,-0.285623908,0.109149955,10.0,0.11069005,11.0,0.08557017900000001,8.0
4,10.256851199999998,-0.301373422,-0.282432437,0.10980697699999999,10.0,0.11060491900000001,11.0,0.086991593,8.0
5,10.2373953,-0.321344703,-0.291001916,0.109541938,10.0,0.112355277,11.0,0.08074294,8.0
3327,10.2461948,-0.321315765,-0.293307453,0.108196057,10.0,0.11125110099999999,11.0,0.081570245,8.0
