,u,v,w,x,x bin,y,y bin,z,z bin
0,10.1128025,-0.836706638,-0.029001523,0.108148821,10.0,0.105243489,10.0,-0.021193612,-3.0
1,10.1204815,-0.7860773209999999,0.034308024,0.10690540800000001,10.0,0.108485982,10.0,-0.027161978,-3.0
2,10.1039543,-0.802755475,0.068060257,0.106133297,10.0,0.106776081,10.0,-0.02930093,-3.0
3,10.169317199999998,-0.9102352859999999,0.016286362,0.10101821300000001,10.0,0.10471090699999999,10.0,-0.022919857999999998,-3.0
4,10.0769796,-0.835256755,0.066724874,0.107929416,10.0,0.103993654,10.0,-0.028447552,-3.0
38599,10.1445742,-0.9885571,0.06056983,0.103105053,10.0,0.100364476,10.0,-0.025080742000000003,-3.0
