,u,v,w,x,x bin,y,y bin,z,z bin
0,10.216015800000001,-0.548395813,-0.217074975,0.10443991400000001,10.0,0.11942307699999999,11.0,0.024631146,2.0
1,10.2130919,-0.564217627,-0.207260758,0.104816176,10.0,0.119623475,11.0,0.021120837000000003,2.0
2,10.2163086,-0.588624656,-0.242309988,0.10297597900000001,10.0,0.115501113,11.0,0.024924377,2.0
3,10.1925354,-0.59227711,-0.247544259,0.106530309,10.0,0.114116609,11.0,0.025128648,2.0
4,10.225683199999999,-0.622846007,-0.268544883,0.10019296400000001,10.0,0.112022631,11.0,0.026269071,2.0
5,10.2089252,-0.6137187479999999,-0.274731547,0.102903292,10.0,0.111295342,11.0,0.028270096,2.0
16512,10.176855999999999,-0.589884341,-0.22300514600000002,0.109570399,10.0,0.11594512300000001,11.0,0.020300668,2.0
