,u,v,w,x,x bin,y,y bin,z,z bin
0,10.2559834,-0.00905,0.644888759,0.102328725,10.0,0.013255892,1.0,-0.13166725599999998,-14.0
1,10.231822,-0.032781739,0.6270207760000001,0.106723689,10.0,0.018219234,1.0,-0.130344033,-14.0
2,10.2217073,-0.02452234,0.601696074,0.108185843,10.0,0.016866477,1.0,-0.132917359,-14.0
3,10.2130241,-0.026072558,0.575825214,0.109823547,10.0,0.01765533,1.0,-0.135033369,-14.0
140546,10.214699699999999,-0.019928113,0.5728122,0.109422721,10.0,0.016458824,1.0,-0.135880724,-14.0
