,u,v,w,x,x bin,y,y bin,z,z bin
14551,10.253458,-0.57456845,-0.11314135800000001,0.103014342,10.0,0.12861415699999998,12.0,-9.2e-05,-1.0
