,u,v,w,x,x bin,y,y bin,z,z bin
0,10.2711191,-0.31552738,-0.234410122,0.109435126,10.0,0.123984896,12.0,0.07389576,7.0
1,10.2655392,-0.31466066800000003,-0.247191876,0.109177254,10.0,0.122322813,12.0,0.07649876900000001,7.0
2,10.2889872,-0.316224515,-0.217394993,0.107355826,10.0,0.126650453,12.0,0.070803747,7.0
3,10.304866800000001,-0.32487213600000003,-0.22557544699999998,0.10369127199999999,10.0,0.125590384,12.0,0.070316911,7.0
4,10.2940979,-0.32723993100000004,-0.232336849,0.105746746,10.0,0.124122426,12.0,0.07076183,7.0
5,10.3150358,-0.322762609,-0.253068119,0.10084686400000001,10.0,0.120138116,12.0,0.077080123,7.0
6,10.2753048,-0.32850945,-0.242306322,0.107680745,10.0,0.122533388,12.0,0.071362078,7.0
3605,10.3085442,-0.340853155,-0.249105915,0.101622596,10.0,0.121678643,12.0,0.070378624,7.0
