,u,v,w,x,x bin,y,y bin,z,z bin
2247,10.2510605,-0.152970925,-0.217082098,0.104613073,10.0,0.10941092699999999,10.0,0.12898773,12.0
