,u,v,w,x,x bin,y,y bin,z,z bin
2971,10.274299599999999,-0.31403473,-0.20555248899999998,0.109685011,10.0,0.128352061,12.0,0.067920782,6.0
