,u,v,w,x,x bin,y,y bin,z,z bin
31049,10.16189,-0.662068248,0.156917825,0.104561418,10.0,0.114939794,11.0,-0.042659237999999995,-5.0
