,u,v,w,x,x bin,y,y bin,z,z bin
0,8.72568512,-0.690191865,2.25328398,0.104157805,10.0,0.019864697,1.0,-0.057631649000000014,-6.0
1,8.21527863,-0.513986051,2.38845634,0.109945998,10.0,0.014193816,1.0,-0.051963568,-6.0
81159,8.42635918,-0.42794597100000004,2.38939214,0.105399385,10.0,0.013586226000000002,1.0,-0.055851787,-6.0
