,u,v,w,x,x bin,y,y bin,z,z bin
0,10.1335955,-0.253767908,-0.941702127,0.10477724699999999,10.0,0.026120322,2.0,0.092659831,9.0
1,10.056057,-0.204724699,-0.984967887,0.108057834,10.0,0.022907395,2.0,0.090327092,9.0
24435,10.1492653,-0.161293074,-0.9240816829999999,0.10118079199999999,10.0,0.020709749,2.0,0.098348327,9.0
