,u,v,w,x,x bin,y,y bin,z,z bin
0,9.2095232,-1.09590411,1.81876171,0.101113528,10.0,0.034639217,3.0,-0.060736932,-7.0
1,9.40284348,-1.05515647,1.58921623,0.10644976800000001,10.0,0.038861379,3.0,-0.062199112,-7.0
2,9.16428947,-0.923905015,1.86277473,0.103891432,10.0,0.030323267,3.0,-0.062270682,-7.0
3,9.4064064,-0.9534354209999999,1.71176398,0.101984039,10.0,0.035081085,3.0,-0.06575121,-7.0
4,9.44984627,-0.915643573,1.67645264,0.102495134,10.0,0.035245191,3.0,-0.06697958700000001,-7.0
86865,9.46187019,-0.860809863,1.56851971,0.108597666,10.0,0.0352742,3.0,-0.066931672,-7.0
