,u,v,w,x,x bin,y,y bin,z,z bin
0,9.83005524,-0.717370689,-1.0668211,0.10948433,10.0,0.043587460999999994,4.0,0.06926389,6.0
1,9.82581997,-0.789238632,-0.980772257,0.109820008,10.0,0.048339754000000006,4.0,0.065337107,6.0
18253,9.7707386,-0.836625576,-1.15514147,0.105167754,10.0,0.044808655999999995,4.0,0.063572541,6.0
