,u,v,w,x,x bin,y,y bin,z,z bin
0,10.0191479,-0.622909784,0.910616994,0.10814061,10.0,0.056397222,5.0,-0.090169057,-10.0
1,10.0817871,-0.637346208,0.949959397,0.10188599699999999,10.0,0.054137655,5.0,-0.09019649800000001,-10.0
2,10.009198199999998,-0.606877923,0.944266021,0.107403293,10.0,0.054588225,5.0,-0.090967283,-10.0
3,10.089016,-0.606983125,0.95204556,0.101764873,10.0,0.052682899000000005,5.0,-0.09193073199999999,-10.0
4,10.1204557,-0.584783435,0.8644833559999999,0.101464905,10.0,0.056399446,5.0,-0.093975991,-10.0
106010,10.0209694,-0.542025447,0.916267395,0.107835338,10.0,0.053662613,5.0,-0.095065735,-10.0
