,u,v,w,x,x bin,y,y bin,z,z bin
0,10.12078,-0.445663691,0.846045554,0.104722038,10.0,0.050257068,5.0,-0.101166226,-11.0
115052,10.1671448,-0.375645876,0.769127846,0.100639731,10.0,0.051245607,5.0,-0.104949623,-11.0
