,u,v,w,x,x bin,y,y bin,z,z bin
0,10.2575541,-0.174584821,0.474734277,0.107531138,10.0,0.058894854,5.0,-0.133609444,-14.0
1,10.2681656,-0.18279062199999999,0.495744497,0.10433060699999999,10.0,0.058447324,5.0,-0.131748781,-14.0
2,10.2561398,-0.165789142,0.457715005,0.108571172,10.0,0.058781895999999986,5.0,-0.135526612,-14.0
3,10.253086999999999,-0.16588062,0.486317605,0.10850294699999999,10.0,0.055962842,5.0,-0.133185059,-14.0
4,10.260644,-0.137215599,0.4460226,0.108664468,10.0,0.053531408,5.0,-0.138695031,-14.0
5,10.257061,-0.14111465199999998,0.467585653,0.108611435,10.0,0.05244001400000002,5.0,-0.136465326,-14.0
6,10.259267800000002,-0.132873669,0.455758512,0.1086464,10.0,0.051732022,5.0,-0.138058245,-14.0
124806,10.2570047,-0.13442713,0.470095307,0.108593576,10.0,0.050781887000000005,5.0,-0.13664107,-14.0
