,u,v,w,x,x bin,y,y bin,z,z bin
0,10.1237574,-0.5596463079999999,-0.442207485,0.109551042,10.0,0.08219485,8.0,0.067046128,6.0
1,10.1653996,-0.588397861,-0.41687429,0.108623192,10.0,0.087843843,8.0,0.062039964,6.0
2,10.152664199999998,-0.588095665,-0.443785489,0.105869308,10.0,0.082930997,8.0,0.064964309,6.0
11965,10.1803255,-0.599471211,-0.43433520200000003,0.10370940699999999,10.0,0.085955434,8.0,0.06287393,6.0
