,u,v,w,x,x bin,y,y bin,z,z bin
0,10.094368,-0.7233374709999999,0.4622827470000001,0.102051131,10.0,0.089831509,8.0,-0.073657982,-8.0
1,10.0833483,-0.710345268,0.4656900470000001,0.104396313,10.0,0.089514032,8.0,-0.074678965,-8.0
2,10.0579195,-0.747782886,0.508752525,0.108124726,10.0,0.085041381,8.0,-0.073276833,-8.0
3,10.1014547,-0.678529382,0.45923277700000004,0.10364025800000001,10.0,0.089975789,8.0,-0.078140743,-8.0
4,10.0709896,-0.718357325,0.495721579,0.106430605,10.0,0.08629321300000001,8.0,-0.07527497400000001,-8.0
5,10.0735054,-0.724628508,0.51342696,0.105595544,10.0,0.08497861,8.0,-0.07543159299999999,-8.0
6,10.0679741,-0.7814159390000001,0.593991637,0.105289474,10.0,0.080580063,8.0,-0.074069582,-8.0
76520,10.097764999999999,-0.8133824470000001,0.623097777,0.10164555900000001,10.0,0.080163829,8.0,-0.07393530000000001,-8.0
