,u,v,w,x,x bin,y,y bin,z,z bin
0,10.2581625,-0.19175604,-0.267754972,0.10515829900000001,10.0,0.09739866900000001,9.0,0.12123327699999999,12.0
1,10.2556353,-0.187828362,-0.269974172,0.105153397,10.0,0.096263938,9.0,0.122593917,12.0
4030,10.253140400000001,-0.183948621,-0.272210956,0.10514526800000001,10.0,0.09512749300000001,9.0,0.123942018,12.0
