,u,v,w,x,x bin,y,y bin,z,z bin
0,10.1659298,-0.520655632,0.4394949970000001,0.104459181,10.0,0.092888176,9.0,-0.09071652599999999,-10.0
1,10.1754494,-0.473040938,0.472981572,0.104376465,10.0,0.090272687,9.0,-0.095132291,-10.0
76742,10.165922199999999,-0.44359427700000004,0.449359953,0.108721606,10.0,0.091148831,9.0,-0.098691225,-10.0
