,u,v,w,x,x bin,y,y bin,z,z bin
0,10.1782608,-0.992630422,-0.194617227,0.101248622,10.0,0.098717138,9.0,-0.004093996,-1.0
1,10.107509599999998,-0.9811138509999999,-0.167922691,0.10880781,10.0,0.095667213,9.0,-0.008418947,-1.0
2,10.0802422,-0.959926486,-0.23022961600000005,0.109999992,10.0,0.093746342,9.0,-0.00464659,-1.0
3,10.1445255,-1.17039609,-0.23308745,0.100592062,10.0,0.092441812,9.0,-0.005857345999999999,-1.0
4,10.119875,-1.16597486,-0.300724328,0.100092128,10.0,0.091884509,9.0,-0.001216894,-1.0
38578,10.1274776,-1.21051145,-0.25620383,0.100598991,10.0,0.090863019,9.0,-0.005401161,-1.0
