,u,v,w,x,x bin,y,y bin,z,z bin
0,10.0215378,-0.8295055029999999,0.267996609,0.105339766,10.0,0.099181369,9.0,-0.047973227,-5.0
1,10.0045815,-0.8435884709999999,0.255068809,0.106638052,10.0,0.098621853,9.0,-0.044998609,-5.0
2,9.97996902,-0.889577866,0.25742459300000003,0.106160641,10.0,0.095827065,9.0,-0.042490497,-5.0
3,10.0031261,-0.93416059,0.271829516,0.10412173,10.0,0.094422601,9.0,-0.04105835,-5.0
4,9.97421837,-0.898077428,0.295701355,0.109270275,10.0,0.09269093,9.0,-0.044605985,-5.0
5,9.96848011,-0.898706973,0.278750747,0.109526262,10.0,0.093217008,9.0,-0.043131966,-5.0
49069,10.047998399999999,-0.996340036,0.354043245,0.102990463,10.0,0.09058343599999999,9.0,-0.043674722,-5.0
