,u,v,w,x,x bin,y,y bin,z,z bin
0,10.2674046,-0.210046679,-0.268953323,0.105196439,10.0,0.098836638,9.0,0.115914382,11.0
1,10.2646503,-0.204924285,-0.269454718,0.105182357,10.0,0.098153904,9.0,0.117477976,11.0
2,10.2607365,-0.195614249,-0.265023261,0.10517062199999999,10.0,0.098698951,9.0,0.11984772199999999,11.0
3,10.2529535,-0.207240164,-0.276557505,0.108244613,10.0,0.096604765,9.0,0.117305927,11.0
3504,10.2611017,-0.19920602399999998,-0.27223154899999996,0.105166316,10.0,0.096651696,9.0,0.119419165,11.0
