,Unnamed: 0,Unnamed: 0.1,u,v,w,x,x bin,y,y bin,z,z bin
21,8,60796,5.54347181,1.01992941,-0.43611472799999995,-0.093947895,-10.0,0.011082363999999999,1.0,-0.007914336999999999,-1.0
18,5,5,5.81958199,1.05095947,-0.325575471,-0.09664689,-10.0,0.012517931,1.0,-0.007582286999999998,-1.0
15,2,2,5.68014431,1.53068197,-0.427697957,-0.092392124,-10.0,0.018658057,1.0,-0.006374070999999999,-1.0
