,Unnamed: 0,Unnamed: 0.1,u,v,w,x,x bin,y,y bin,z,z bin
20,8,65253,5.36453867,0.20689749699999999,-0.5942081810000001,-0.095312312,-10.0,0.000583444,0.0,-0.008573353,-1.0
16,4,4,5.06839895,0.686496019,-0.6340793370000001,-0.09034434,-10.0,0.006606526999999999,0.0,-0.008526836,-1.0
18,6,6,5.54018021,0.39263773,-0.398650825,-0.096935459,-10.0,0.0027023990000000003,0.0,-0.00587778,-1.0
19,7,7,5.68783617,0.146551937,-0.33160457,-0.098928876,-10.0,0.000438992,0.0,-0.005000886,-1.0
