,Unnamed: 0,u,v,w,x,x bin,y,y bin,z,z bin
5,5,9.33230019,-1.65349901,0.048061807000000005,-0.091033638,-10.0,-0.085667655,-9.0,0.00182467,0.0
6,6,9.32780075,-1.5426693,0.047769575999999994,-0.094616152,-10.0,-0.08612567900000001,-9.0,0.002658928,0.0
7,100318,9.28983879,-1.4136492,0.061589241,-0.099969,-10.0,-0.08542610699999999,-9.0,0.004280740999999999,0.0
2,2,9.22200394,-1.51934671,0.091641612,-0.099080771,-10.0,-0.082545199,-9.0,0.005147718,0.0
1,1,9.18366718,-1.69016552,0.096926913,-0.094805762,-10.0,-0.081242874,-9.0,0.005245906999999999,0.0
3,3,9.2955389,-1.54584789,0.115308128,-0.096048474,-10.0,-0.08520785,-9.0,0.006288028,0.0
4,4,9.41540718,-1.58622503,0.135471791,-0.090492025,-10.0,-0.08962559,-9.0,0.008130719,0.0
0,0,9.24752235,-1.7030859,0.175572932,-0.09317901,-10.0,-0.082722597,-9.0,0.008227726,0.0
