,Unnamed: 0,Unnamed: 0.1,u,v,w,x,x bin,y,y bin,z,z bin
23,10,10,7.54552221,-2.24710441,-0.399615407,-0.092029959,-10.0,-0.049266059,-5.0,-0.009603864,-1.0
24,11,95015,7.86753321,-1.76649475,-0.3900585170000001,-0.098096386,-10.0,-0.048473805,-5.0,-0.009453414,-1.0
21,8,8,7.72251368,-1.87189817,-0.297056079,-0.097153209,-10.0,-0.047652245,-5.0,-0.0065339,-1.0
20,7,7,7.49391747,-1.84661794,-0.281432509,-0.098295972,-10.0,-0.044392999,-5.0,-0.005949099,-1.0
22,9,9,7.88587952,-1.71579075,-0.23590675,-0.09997860300000001,-10.0,-0.048549786,-5.0,-0.005389159,-1.0
