,Unnamed: 0,u,v,w,x,x bin,y,y bin,z,z bin
0,18668,9.81441975,1.08972144,0.095052488,-0.094421558,-10.0,0.113356516,11.0,0.009090695,0.0
