,Unnamed: 0,Unnamed: 0.1,u,v,w,x,x bin,y,y bin,z,z bin
3,3,125712,9.84392262,-0.9752635959999999,-0.10655254900000001,-0.09766738900000001,-10.0,-0.115561485,-12.0,-0.009919312,-1.0
0,0,0,9.79598045,-1.07111776,-0.109142929,-0.096994408,-10.0,-0.11139001,-12.0,-0.008490228,-1.0
