,Unnamed: 0,u,v,w,x,x bin,y,y bin,z,z bin
1,25345,9.63123703,1.08747828,0.032998703,-0.105306268,-11.0,0.103878789,10.0,0.000345934,0.0
0,0,9.62150097,1.0852164,0.096064791,-0.108080864,-11.0,0.10379269699999999,10.0,0.007466795999999999,0.0
