,Unnamed: 0,Unnamed: 0.1,u,v,w,x,x bin,y,y bin,z,z bin
9,3,107521,9.21749783,-1.26912308,-0.11538699300000001,-0.105575949,-11.0,-0.081084192,-9.0,-0.006033449000000001,-1.0
