,Unnamed: 0,Unnamed: 0.1,u,v,w,x,x bin,y,y bin,z,z bin
3,2,2,10.014019,0.631118476,-0.05349312,-0.105176061,-11.0,0.138163373,13.0,-0.008085636,-1.0
2,1,1,10.015049000000001,0.633490205,-0.041956514,-0.105174616,-11.0,0.137891129,13.0,-0.0058731109999999994,-1.0
10,9,14834,9.99024868,0.732820988,-0.048530921,-0.10029575199999999,-11.0,0.130931556,13.0,-0.005557788,-1.0
6,5,5,10.0048819,0.708967566,-0.044929385,-0.100102723,-11.0,0.133722246,13.0,-0.005014780999999999,-1.0
