,Unnamed: 0,u,v,w,x,x bin,y,y bin,z,z bin
7,7,6.56384277,-1.07044113,0.204740912,-0.10154111699999999,-11.0,-0.023353892999999997,-3.0,0.0022728229999999998,0.0
4,4,6.7111311,-0.978655756,0.323118359,-0.103468552,-11.0,-0.022563355,-3.0,0.003843959,0.0
8,79360,6.97639799,-1.02646995,0.279702485,-0.104989283,-11.0,-0.025937151,-3.0,0.003989572,0.0
1,1,6.78678513,-0.8665428159999999,0.348422855,-0.10518500199999999,-11.0,-0.020523349,-3.0,0.004318096,0.0
6,6,6.83835077,-1.04582119,0.338912636,-0.103516974,-11.0,-0.025204377000000004,-3.0,0.005043265,0.0
2,2,6.54773092,-0.99657619,0.411296189,-0.101764724,-11.0,-0.0216066,-3.0,0.005243482,0.0
3,3,6.66858339,-1.18324566,0.441446245,-0.100222819,-11.0,-0.026954314,-3.0,0.007726035999999999,0.0
5,5,7.60003853,-0.9838863609999999,0.277588606,-0.109532915,-11.0,-0.029902296000000002,-3.0,0.007895441,0.0
0,0,7.10758686,-0.931718171,0.394800842,-0.106237136,-11.0,-0.024556657000000003,-3.0,0.008180499,0.0
