,Unnamed: 0,Unnamed: 0.1,u,v,w,x,x bin,y,y bin,z,z bin
7,3,11616,10.0274868,0.614891648,-0.042353459,-0.105056792,-11.0,0.140136436,14.0,-0.00607748,-1.0
