,Unnamed: 0,Unnamed: 0.1,u,v,w,x,x bin,y,y bin,z,z bin
25,5,52056,6.66122627,1.39478707,-0.355784506,-0.101642333,-11.0,0.023095978,2.0,-0.00587924,-1.0
