,Unnamed: 0,Unnamed: 0.1,u,v,w,x,x bin,y,y bin,z,z bin
19,13,56102,7.73823595,1.09269536,-0.317715079,-0.11226917800000001,-12.0,0.034383614,3.0,-0.009736174,-1.0
16,10,10,7.8254137,1.20714462,-0.283647299,-0.111017451,-12.0,0.039257523,3.0,-0.008849962,-1.0
17,11,11,7.82160616,1.09369504,-0.27983933699999997,-0.11347825800000001,-12.0,0.036369227000000004,3.0,-0.007451612,-1.0
18,12,12,7.65965176,1.13814843,-0.17960853899999998,-0.110807091,-12.0,0.034835026,3.0,-0.006023945,-1.0
15,9,9,7.94561386,1.06883585,-0.239465058,-0.11575380699999999,-12.0,0.038082267999999996,3.0,-0.005347767,-1.0
12,6,6,7.96595907,1.12574291,-0.215965435,-0.114861898,-12.0,0.039943535,3.0,-0.005247836,-1.0
