,Unnamed: 0,Unnamed: 0.1,u,v,w,x,x bin,y,y bin,z,z bin
39,8,8,8.93682671,1.29581535,-0.20535318600000002,-0.11497698699999999,-12.0,0.069118083,6.0,-0.008953765,-1.0
33,2,2,8.94108295,1.31344092,-0.19669677300000002,-0.114418954,-12.0,0.069892429,6.0,-0.007930266,-1.0
43,12,12,8.85081196,1.25541425,-0.10133685199999999,-0.116619788,-12.0,0.065663055,6.0,-0.006393828000000001,-1.0
41,10,10,8.83659935,1.40154409,-0.148096919,-0.11189822099999999,-12.0,0.06817187400000001,6.0,-0.006376427,-1.0
40,9,9,8.93124771,1.1808268999999998,-0.113778591,-0.118818156,-12.0,0.067165382,6.0,-0.006274944,-1.0
34,3,3,8.92604637,1.24181533,-0.113685653,-0.116878696,-12.0,0.068523504,6.0,-0.005096471,-1.0
45,14,57561,8.73458481,1.44355702,-0.087633245,-0.11086606199999999,-12.0,0.065528274,6.0,-0.005059163,-1.0
44,13,13,8.82820511,1.22312987,-0.053675085,-0.117778242,-12.0,0.064477973,6.0,-0.005004075,-1.0
