,Unnamed: 0,Unnamed: 0.1,u,v,w,x,x bin,y,y bin,z,z bin
19,7,17552,9.90243244,0.690214455,-0.060661234,-0.113404974,-12.0,0.12371030400000001,12.0,-0.008987613,-1.0
17,5,5,9.90584564,0.658025026,-0.046376821,-0.116405025,-12.0,0.12485702300000001,12.0,-0.00707385,-1.0
18,6,6,9.89280987,0.667397499,-0.047351185,-0.116507038,-12.0,0.123478182,12.0,-0.006688089,-1.0
