,Unnamed: 0,u,v,w,x,x bin,y,y bin,z,z bin
2,2,9.84205246,0.676133037,-0.014279092,-0.119602531,-12.0,0.11874716,11.0,0.0017344,0.0
3,3,9.82920074,0.68492496,-0.015552845,-0.11975142400000001,-12.0,0.11740185300000001,11.0,0.002033827,0.0
4,17511,9.80983734,0.7052445409999999,-0.008572314000000001,-0.119912803,-12.0,0.115977466,11.0,0.002688136,0.0
1,1,9.84574795,0.6722412109999999,0.004553203,-0.119603068,-12.0,0.11909834300000001,11.0,0.005519464,0.0
0,0,9.8408041,0.6780852079999999,0.023523442,-0.119662583,-12.0,0.118854389,11.0,0.008878875999999999,0.0
