,Unnamed: 0,u,v,w,x,x bin,y,y bin,z,z bin
5,44643,9.08437061,1.09981298,0.023139622,-0.121320486,-13.0,0.07389372599999999,7.0,0.0046924770000000005,0.0
4,4,9.10801697,1.07924962,0.038132325,-0.121956751,-13.0,0.074614167,7.0,0.005824543000000001,0.0
3,3,9.07124233,1.08487463,0.08855667699999999,-0.121937096,-13.0,0.073816061,7.0,0.007765066,0.0
1,1,9.15345764,1.07285035,0.096440397,-0.120822079,-13.0,0.076569036,7.0,0.008381126,0.0
0,0,9.13665485,0.9933221940000001,0.109001189,-0.12465597699999999,-13.0,0.07438942,7.0,0.009472403,0.0
2,2,9.07303143,1.06442797,0.123889811,-0.12237087599999999,-13.0,0.073416598,7.0,0.009563086,0.0
