,Unnamed: 0,Unnamed: 0.1,u,v,w,x,x bin,y,y bin,z,z bin
9,3,30523,9.52899456,0.782536149,-0.124143556,-0.126022235,-13.0,0.093150169,9.0,-0.008005356,-1.0
7,1,1,9.53663063,0.821607292,-0.117058568,-0.122971885,-13.0,0.09465914199999999,9.0,-0.0061669559999999995,-1.0
