,Unnamed: 0,Unnamed: 0.1,u,v,w,x,x bin,y,y bin,z,z bin
9,3,3,9.7057476,0.706184149,-0.121057987,-0.125884965,-13.0,0.109072454,10.0,-0.009878808,-1.0
14,8,8,9.68404484,0.7136728170000001,-0.12446861699999999,-0.126046777,-13.0,0.10676027099999999,10.0,-0.009183194,-1.0
20,14,25352,9.64590645,0.725702465,-0.131378591,-0.126405329,-13.0,0.102694631,10.0,-0.008191192,-1.0
8,2,2,9.71276569,0.7049659490000001,-0.108816676,-0.125834614,-13.0,0.10973844699999999,10.0,-0.007947872,-1.0
18,12,12,9.66909409,0.7191692590000001,-0.12118461,-0.126178801,-13.0,0.105123706,10.0,-0.0076275369999999985,-1.0
13,7,7,9.6927309,0.712103605,-0.109889902,-0.125984341,-13.0,0.107588761,10.0,-0.006904033,-1.0
19,13,13,9.65507507,0.7238671179999999,-0.115081765,-0.126359522,-13.0,0.103560142,10.0,-0.00562392,-1.0
10,4,4,9.70691872,0.7084963320000001,-0.095755972,-0.125880569,-13.0,0.109012842,10.0,-0.005054484000000001,-1.0
15,9,9,9.67511368,0.71825546,-0.105697826,-0.126165897,-13.0,0.105654761,10.0,-0.005027025,-1.0
