,Unnamed: 0,Unnamed: 0.1,u,v,w,x,x bin,y,y bin,z,z bin
13,7,100109,8.90871239,-0.8599631190000001,-0.157120705,-0.129506007,-13.0,-0.059085999000000014,-6.0,-0.009747793000000001,-1.0
12,6,6,8.83385468,-0.879941523,-0.15291734,-0.126031965,-13.0,-0.056138728,-6.0,-0.009567237,-1.0
11,5,5,8.74649239,-0.8325644729999999,-0.13982023300000002,-0.126287013,-13.0,-0.051435534000000005,-6.0,-0.008840335999999999,-1.0
9,3,3,8.84914398,-0.862394929,-0.104482293,-0.127280414,-13.0,-0.057073999,-6.0,-0.006160935,-1.0
