,Unnamed: 0,u,v,w,x,x bin,y,y bin,z,z bin
3,63287,8.24471664,-0.007639335,-0.058378525,-0.136332244,-14.0,-0.0008449999999999999,-1.0,0.000160973,0.0
2,2,8.29657745,0.000304307,-0.027527898999999998,-0.137778059,-14.0,-0.000390993,-1.0,0.002271968,0.0
0,0,8.28979015,0.005828541,0.016461343,-0.13751699,-14.0,-4.2499999999999996e-05,-1.0,0.004384418,0.0
1,1,8.26484776,-0.032003935,0.043201223,-0.137694404,-14.0,-0.001532441,-1.0,0.005818836,0.0
