,Unnamed: 0,Unnamed: 0.1,u,v,w,x,x bin,y,y bin,z,z bin
15,4,4,8.51868629,-0.525645554,-0.131741554,-0.133000523,-14.0,-0.030609086,-4.0,-0.009410062,-1.0
16,5,5,8.50718784,-0.565196931,-0.112482637,-0.131863967,-14.0,-0.032451667000000003,-4.0,-0.008497685999999999,-1.0
18,7,92635,8.76614094,-0.536593318,-0.046245873,-0.13767132199999998,-14.0,-0.039210248999999996,-4.0,-0.005346084,-1.0
