,Unnamed: 0,Unnamed: 0.1,u,v,w,x,x bin,y,y bin,z,z bin
19,9,9,9.27965927,0.7113415,-0.10366980699999999,-0.13730472300000002,-14.0,0.072398484,7.0,-0.009012889,-1.0
21,11,46652,9.28077888,0.6838605999999999,-0.101263762,-0.139591888,-14.0,0.071210839,7.0,-0.008586085,-1.0
13,3,3,9.37879181,0.681725383,-0.08325436,-0.138569459,-14.0,0.077887543,7.0,-0.008385399,-1.0
16,6,6,9.28799438,0.803749382,-0.100759096,-0.13001917300000002,-14.0,0.076035827,7.0,-0.008318542,-1.0
17,7,7,9.30748463,0.703473032,-0.084475569,-0.137910694,-14.0,0.073774353,7.0,-0.007368041,-1.0
20,10,10,9.29238224,0.7015441659999999,-0.082936809,-0.13834551,-14.0,0.072584868,7.0,-0.0069123000000000006,-1.0
14,4,4,9.30762386,0.748473644,-0.067177437,-0.134586975,-14.0,0.075568862,7.0,-0.005781326999999999,-1.0
18,8,8,9.32538414,0.6838687659999999,-0.063464835,-0.13967818,-14.0,0.073887043,7.0,-0.005265506,-1.0
