,Unnamed: 0,u,v,w,x,x bin,y,y bin,z,z bin
0,0,9.587222099999998,-0.621876895,0.040814944,-0.136751741,-14.0,-0.100942411,-11.0,0.008438217,0.0
1,114426,9.67725945,-0.622452497,0.034787782,-0.13143532,-14.0,-0.106360972,-11.0,0.009257555,0.0
