,Unnamed: 0,Unnamed: 0.1,u,v,w,x,x bin,y,y bin,z,z bin
9,2,2,9.61408424,0.59091723,-0.10960937300000001,-0.138431519,-14.0,0.09794955,9.0,-0.009152506,-1.0
11,4,4,9.57861042,0.59660089,-0.107377261,-0.139937371,-14.0,0.094766647,9.0,-0.008436239,-1.0
10,3,3,9.59774303,0.605645001,-0.095058322,-0.13785441199999998,-14.0,0.096564136,9.0,-0.006360053,-1.0
