,Unnamed: 0,u,v,w,x,x bin,y,y bin,z,z bin
5,5,9.54812813,0.648949862,-0.014288108999999997,-0.138936564,-14.0,0.094971359,9.0,0.002219121,0.0
1,1,9.55873203,0.698979795,-0.004535038,-0.131869853,-14.0,0.096145891,9.0,0.004465923,0.0
6,27127,9.49007034,0.70149076,0.021836029,-0.136849791,-14.0,0.091411941,9.0,0.005595918,0.0
3,3,9.51610565,0.706560612,0.017717466,-0.13402871800000002,-14.0,0.09327443699999999,9.0,0.005914665,0.0
0,0,9.53466606,0.7273582820000001,0.018298049,-0.130686015,-14.0,0.094953857,9.0,0.006888268,0.0
2,2,9.48706818,0.720270932,0.039293516,-0.13509690800000002,-14.0,0.091632374,9.0,0.00780875,0.0
4,4,9.45953369,0.7298473120000001,0.06275934,-0.136793017,-14.0,0.090172194,9.0,0.00989566,0.0
