,Unnamed: 0,Unnamed: 0.1,u,v,w,x,x bin,y,y bin,z,z bin
29,16,100108,9.00134087,-0.7383247609999999,-0.127493694,-0.137012988,-14.0,-0.05841605,-6.0,-0.009628633000000001,-1.0
26,13,13,8.95715046,-0.6559683079999999,-0.086097471,-0.137700438,-14.0,-0.05226085,-6.0,-0.009458978,-1.0
27,14,14,8.92956066,-0.7560850379999999,-0.11847719599999999,-0.133535624,-14.0,-0.055447500000000004,-6.0,-0.00945254,-1.0
28,15,15,8.9776125,-0.7894096970000001,-0.123407714,-0.134655163,-14.0,-0.059980795,-6.0,-0.008015317,-1.0
23,10,10,8.90983963,-0.7381863590000001,-0.07107599099999999,-0.13358624300000002,-14.0,-0.054451462,-6.0,-0.006291117,-1.0
22,9,9,8.94509315,-0.64796865,-0.043179013,-0.137758732,-14.0,-0.052208751,-6.0,-0.006212581,-1.0
24,11,11,8.94148445,-0.742296576,-0.076234341,-0.134787291,-14.0,-0.056396768,-6.0,-0.006084474,-1.0
21,8,8,8.91839218,-0.629583001,-0.039650545,-0.137829825,-14.0,-0.050211404,-6.0,-0.005838166,-1.0
