,Unnamed: 0,Unnamed: 0.1,u,v,w,x,x bin,y,y bin,z,z bin
8,4,4,8.35066605,-0.034221381,-0.177382216,-0.138617098,-14.0,-0.00354922,-1.0,-0.009305798,-1.0
10,6,75226,8.13119125,-0.19555434600000002,-0.16921244600000002,-0.13066794,-14.0,-0.009840518000000001,-1.0,-0.008913649000000001,-1.0
9,5,5,8.35879135,-0.045507312,-0.159124404,-0.138722539,-14.0,-0.0042446440000000005,-1.0,-0.007981814,-1.0
7,3,3,8.33997726,-0.010247004,-0.148656249,-0.138660863,-14.0,-0.001692804,-1.0,-0.005967867,-1.0
