,Unnamed: 0,Unnamed: 0.1,u,v,w,x,x bin,y,y bin,z,z bin
6,4,4,9.65620422,-0.57710588,-0.063774809,-0.136827886,-14.0,-0.11312548800000001,-12.0,-0.008090754,-1.0
7,5,5,9.67430687,-0.593952179,-0.054682367,-0.134310052,-14.0,-0.113373868,-12.0,-0.006198896999999999,-1.0
