,Unnamed: 0,Unnamed: 0.1,u,v,w,x,x bin,y,y bin,z,z bin
36,12,92749,8.83470821,-0.451515645,-0.069453389,-0.14256660599999998,-15.0,-0.037787996000000004,-4.0,-0.009187808,-1.0
