,Unnamed: 0,Unnamed: 0.1,u,v,w,x,x bin,y,y bin,z,z bin
13,10,57646,9.1047554,0.47682398600000003,-0.130727142,-0.15176779,-16.0,0.050941292,5.0,-0.009084578000000001,-1.0
10,7,7,9.10065651,0.448809564,-0.11254321,-0.153203934,-16.0,0.050311927,5.0,-0.006835081999999999,-1.0
11,8,8,9.10522366,0.48672437700000004,-0.10877159199999999,-0.151578352,-16.0,0.052544508,5.0,-0.006391489,-1.0
12,9,9,9.20642281,0.5431161520000001,-0.094062641,-0.152106106,-16.0,0.05982259700000001,5.0,-0.005981221,-1.0
8,5,5,9.10097122,0.495686144,-0.090894327,-0.151329979,-16.0,0.052834768,5.0,-0.005253499,-1.0
