,Unnamed: 0,u,v,w,x,x bin,y,y bin,z,z bin
3,100204,9.34617615,-0.498019248,0.018819541,-0.156199798,-16.0,-0.069956102,-7.0,0.001647257,0.0
1,1,9.36694717,-0.469294995,0.012090119,-0.159559533,-16.0,-0.06767472599999999,-7.0,0.001882112,0.0
2,2,9.25225258,-0.539343655,0.041090369,-0.15062131,-16.0,-0.06815917,-7.0,0.001907719,0.0
0,0,9.23017693,-0.49114397200000004,0.083396062,-0.15383191400000001,-16.0,-0.060922027000000004,-7.0,0.009431423000000001,0.0
