,Unnamed: 0,Unnamed: 0.1,u,v,w,x,x bin,y,y bin,z,z bin
3,0,114338,9.60978699,-0.48299050299999996,-0.049717977999999996,-0.156403065,-16.0,-0.09801254400000001,-10.0,-0.006825094,-1.0
