,Unnamed: 0,Unnamed: 0.1,u,v,w,x,x bin,y,y bin,z,z bin
18,9,9,9.42481995,0.515109599,-0.09945333,-0.151989996,-16.0,0.076035664,7.0,-0.009069191,-1.0
19,10,42455,9.40846252,0.523688912,-0.090594575,-0.151491866,-16.0,0.07450749,7.0,-0.00809773,-1.0
15,6,6,9.4445591,0.44324582799999995,-0.078622073,-0.158990979,-16.0,0.075517245,7.0,-0.006694355999999999,-1.0
16,7,7,9.42313576,0.463470489,-0.074244238,-0.1571327,-16.0,0.074106082,7.0,-0.005609801,-1.0
