,Unnamed: 0,u,v,w,x,x bin,y,y bin,z,z bin
2,48952,9.10391617,0.478155553,-0.014895022,-0.153508723,-16.0,0.052961282,5.0,0.000284831,0.0
1,1,9.101408000000001,0.436795235,-0.01717481,-0.155176044,-16.0,0.050585277000000005,5.0,0.000637994,0.0
0,0,9.09422398,0.452943444,-0.002085797,-0.154570326,-16.0,0.051465474,5.0,0.00149436,0.0
