,Unnamed: 0,Unnamed: 0.1,u,v,w,x,x bin,y,y bin,z,z bin
0,0,125711,9.6814785,-0.49616903100000004,-0.064920783,-0.15094602099999999,-16.0,-0.111470826,-12.0,-0.009443517,-1.0
