,Unnamed: 0,Unnamed: 0.1,u,v,w,x,x bin,y,y bin,z,z bin
27,3,79634,9.03585529,-0.12306875699999999,-0.058906837999999996,-0.160427615,-17.0,-0.016688226,-2.0,-0.005783619,-1.0
26,2,2,9.04239845,-0.139794558,-0.054057017,-0.160619944,-17.0,-0.018808024,-2.0,-0.005240032,-1.0
