,Unnamed: 0,u,v,w,x,x bin,y,y bin,z,z bin
0,86110,9.41227531,-0.351934642,0.036098633,-0.168219715,-17.0,-0.060270283,-7.0,0.009338782,0.0
