,Unnamed: 0,u,v,w,x,x bin,y,y bin,z,z bin
0,27025,9.55020332,0.450810045,-0.002673988,-0.161215737,-17.0,0.090596505,9.0,0.003399357,0.0
