,Unnamed: 0,u,v,w,x,x bin,y,y bin,z,z bin
2,48951,9.35258293,0.31533134,-0.022780331,-0.172210112,-18.0,0.052154768,5.0,0.000322718,0.0
1,1,9.41418457,0.301213682,-0.014803766000000001,-0.179485053,-18.0,0.05451436,5.0,0.000726415,0.0
0,0,9.35603809,0.303082079,-0.014007795,-0.173287809,-18.0,0.050696019,5.0,0.001510467,0.0
