,Unnamed: 0,Unnamed: 0.1,u,v,w,x,x bin,y,y bin,z,z bin
0,0,0,9.34235191,-0.184018061,-0.032415349,-0.176817864,-18.0,-0.034919549,-4.0,-0.006960999,-1.0
1,1,92656,9.36473465,-0.20914396600000001,-0.025662601,-0.177334711,-18.0,-0.038991712000000005,-4.0,-0.006072515,-1.0
