,Unnamed: 0,Unnamed: 0.1,u,v,w,x,x bin,y,y bin,z,z bin
7,6,85895,9.29875469,-0.08585293599999999,-0.069363415,-0.177007169,-18.0,-0.020856116,-3.0,-0.009470894,-1.0
4,3,3,9.25792122,-0.103483394,-0.065192744,-0.17301519199999998,-18.0,-0.021773815,-3.0,-0.007922343,-1.0
5,4,4,9.28431892,-0.107769012,-0.058619252999999996,-0.175073758,-18.0,-0.023169942000000002,-3.0,-0.00773743,-1.0
6,5,5,9.27314186,-0.117160976,-0.053648651,-0.173852056,-18.0,-0.023990827000000003,-3.0,-0.006775956999999999,-1.0
3,2,2,9.2732811,-0.104547001,-0.05039344,-0.174500987,-18.0,-0.022305152999999998,-3.0,-0.005911629,-1.0
