,Unnamed: 0,u,v,w,x,x bin,y,y bin,z,z bin
0,79366,9.31638622,-0.112621717,0.013049674,-0.17888554899999998,-18.0,-0.024282562,-3.0,0.0033326040000000003,0.0
