,Unnamed: 0,u,v,w,x,x bin,y,y bin,z,z bin
6,6,9.35444832,0.296491534,-0.019004529,-0.173855588,-18.0,0.049840655,4.0,0.000674255,0.0
7,7,9.33157349,0.259571642,-0.019280272,-0.174332842,-18.0,0.043283477,4.0,0.000687911,0.0
8,48600,9.33772182,0.271138638,-0.01407106,-0.174039423,-18.0,0.045339506,4.0,0.0013743339999999998,0.0
5,5,9.35269451,0.280996263,-0.010242214,-0.174573153,-18.0,0.047502801,4.0,0.001959136,0.0
4,4,9.32427311,0.280240268,-0.008547608,-0.171606168,-18.0,0.04536679,4.0,0.002552989,0.0
3,3,9.35594749,0.285615325,-0.004495631,-0.17417766199999998,-18.0,0.048054747,4.0,0.0029861270000000003,0.0
2,2,9.32543182,0.294663846,-0.000410953,-0.17002901399999998,-18.0,0.046907272,4.0,0.004132878,0.0
1,1,9.36874676,0.256125987,0.011344574,-0.177028149,-18.0,0.044500608,4.0,0.0053001490000000005,0.0
0,0,9.34914589,0.236969948,0.013178301000000002,-0.17650719,-18.0,0.040640723,4.0,0.005616581,0.0
