,Unnamed: 0,Unnamed: 0.1,u,v,w,x,x bin,y,y bin,z,z bin
20,17,59787,9.42164993,0.296930075,-0.07330772299999999,-0.17911005,-18.0,0.054826371,5.0,-0.00889729,-1.0
18,15,15,9.34413052,0.31192395100000003,-0.092680819,-0.172081187,-18.0,0.050070994,5.0,-0.008837977,-1.0
19,16,16,9.41250038,0.330034316,-0.06130491900000001,-0.17403875300000002,-18.0,0.059317611,5.0,-0.007969611,-1.0
17,14,14,9.34222126,0.325970709,-0.081955008,-0.170703396,-18.0,0.05195716400000002,5.0,-0.007302207,-1.0
16,13,13,9.37029839,0.34296786799999995,-0.068331532,-0.17059370899999998,-18.0,0.057099957,5.0,-0.006896319000000001,-1.0
14,11,11,9.34892082,0.319033265,-0.072575077,-0.171887562,-18.0,0.051654793,5.0,-0.006192952,-1.0
13,10,10,9.42061234,0.305568159,-0.054486536,-0.17879197,-18.0,0.055932649,5.0,-0.005917991,-1.0
15,12,12,9.42119789,0.321896374,-0.048367944,-0.176399633,-18.0,0.058690123,5.0,-0.00579785,-1.0
9,6,6,9.34824085,0.32059121100000004,-0.064331763,-0.17163513600000002,-18.0,0.051933449000000007,5.0,-0.005083534000000001,-1.0
