,Unnamed: 0,Unnamed: 0.1,u,v,w,x,x bin,y,y bin,z,z bin
2,2,2,9.390546800000001,-0.138917491,-0.036225349,-0.182645157,-19.0,-0.030655116,-4.0,-0.008030859,-1.0
4,4,90343,9.37404728,-0.159496099,-0.032794572,-0.180457979,-19.0,-0.032784965,-4.0,-0.007443865,-1.0
3,3,3,9.44419098,-0.128665671,-0.031194985,-0.189340428,-19.0,-0.032648951,-4.0,-0.007413627,-1.0
0,0,0,9.38877678,-0.150668621,-0.019959778,-0.18263807899999998,-19.0,-0.032300811,-4.0,-0.005281831999999999,-1.0
