,Unnamed: 0,Unnamed: 0.1,u,v,w,x,x bin,y,y bin,z,z bin
6,2,109867,9.59149647,-0.32680121100000004,-0.052905202,-0.182254985,-19.0,-0.077136837,-8.0,-0.009586222,-1.0
