,Unnamed: 0,Unnamed: 0.1,u,v,w,x,x bin,y,y bin,z,z bin
26,15,59483,9.42387867,0.256604373,-0.090297431,-0.184817985,-19.0,0.048495385999999994,4.0,-0.009908936,-1.0
25,14,14,9.41253662,0.27141723,-0.083304726,-0.182410643,-19.0,0.049749728,4.0,-0.008741061,-1.0
24,13,13,9.41658497,0.255711079,-0.074107245,-0.184002697,-19.0,0.048088491,4.0,-0.007679676,-1.0
23,12,12,9.4196949,0.261254638,-0.065550558,-0.183836162,-19.0,0.049174205,4.0,-0.006551139,-1.0
22,11,11,9.42078209,0.247889489,-0.056131188,-0.184930712,-19.0,0.047614212999999996,4.0,-0.0054070540000000005,-1.0
