,Unnamed: 0,Unnamed: 0.1,u,v,w,x,x bin,y,y bin,z,z bin
12,0,0,11.7061424,-0.8218066690000001,-0.039623424,-0.008398768000000001,-1.0,-0.100289598,-11.0,-0.00516359,-1.0
