,Unnamed: 0,u,v,w,x,x bin,y,y bin,z,z bin
4,27020,11.4838648,0.315456361,-0.08039102,-0.000506017,-1.0,0.111124806,11.0,0.000543969,0.0
3,3,11.4681759,0.41772064600000003,-0.06189692400000001,-0.0030942929999999997,-1.0,0.11075813300000001,11.0,0.002546285,0.0
0,0,11.2378883,0.311695129,-0.040215306,-0.002270415,-1.0,0.118588202,11.0,0.002597677,0.0
1,1,11.3128433,0.525826573,-0.019972652,-0.006617527,-1.0,0.11446665199999999,11.0,0.00519164,0.0
2,2,11.4463158,0.5334300989999999,-0.022500768,-0.005871713000000001,-1.0,0.110240698,11.0,0.007947093,0.0
