,Unnamed: 0,Unnamed: 0.1,u,v,w,x,x bin,y,y bin,z,z bin
3,1,21087,11.1639023,0.450159639,-0.091961592,-0.008290931999999999,-1.0,0.122066535,12.0,-0.005126725,-1.0
