,Unnamed: 0,Unnamed: 0.1,u,v,w,x,x bin,y,y bin,z,z bin
7,6,6,9.5977993,0.218863547,-0.038865645,-0.198827386,-20.0,0.063374087,6.0,-0.008094421999999999,-1.0
4,3,3,9.59370422,0.223262087,-0.035724122000000004,-0.19830600899999998,-20.0,0.06406160400000001,6.0,-0.007120837,-1.0
10,9,57541,9.55372143,0.23648934100000002,-0.033279926,-0.195000216,-20.0,0.06031882,6.0,-0.005962178,-1.0
8,7,7,9.5296526,0.261253208,-0.035248231,-0.190250292,-20.0,0.062187661,6.0,-0.00581065,-1.0
