,Unnamed: 0,u,v,w,x,x bin,y,y bin,z,z bin
0,105219,9.717556,-0.221334636,0.028038153,-0.199521318,-20.0,-0.08872044800000001,-9.0,0.00882882,0.0
