,Unnamed: 0,Unnamed: 0.1,u,v,w,x,x bin,y,y bin,z,z bin
28,14,14,9.4308815,0.136932656,-0.050575614000000005,-0.190355569,-20.0,0.027151961,2.0,-0.008641073,-1.0
29,15,54249,9.44548035,0.10484758,-0.036131988999999996,-0.191483259,-20.0,0.020141989,2.0,-0.008040263,-1.0
25,11,11,9.44401932,0.11615862,-0.038743541,-0.19198001899999997,-20.0,0.023617172999999998,2.0,-0.007959888,-1.0
24,10,10,9.44834423,0.122626975,-0.03666433,-0.192684829,-20.0,0.025944896,2.0,-0.007313399,-1.0
27,13,13,9.43486977,0.13850970599999998,-0.03946355,-0.191094398,-20.0,0.028602193999999997,2.0,-0.00683499,-1.0
26,12,12,9.46020317,0.105842702,-0.028626019,-0.19290334,-20.0,0.021560563,2.0,-0.006748543,-1.0
23,9,9,9.44694042,0.129678145,-0.027640911,-0.192239016,-20.0,0.027503206000000002,2.0,-0.005405342,-1.0
