,Unnamed: 0,u,v,w,x,x bin,y,y bin,z,z bin
6,49801,9.44714165,0.145651251,0.003576041,-0.19095602600000006,-20.0,0.030814741,3.0,0.000780184,0.0
4,4,9.44292259,0.155467153,0.014661651,-0.190144643,-20.0,0.032829739,3.0,0.003188876,0.0
5,5,9.45048714,0.148684129,0.016685646000000002,-0.190663487,-20.0,0.03140533,3.0,0.0031920029999999997,0.0
3,3,9.463521,0.142005116,0.029591981,-0.19117134800000002,-20.0,0.030002327999999998,3.0,0.005072806,0.0
1,1,9.44919586,0.158626735,0.031113822000000006,-0.190011188,-20.0,0.033583842,3.0,0.00617655,0.0
2,2,9.45966911,0.149723545,0.035606578,-0.190641671,-20.0,0.031673733,3.0,0.006498253000000001,0.0
0,0,9.47148228,0.146395266,0.05055688,-0.191013485,-20.0,0.031072045,3.0,0.008897147,0.0
