,Unnamed: 0,Unnamed: 0.1,u,v,w,x,x bin,y,y bin,z,z bin
11,5,109927,11.3319416,-1.0227288,-0.09961793599999999,-0.019227523,-2.0,-0.10828717800000001,-11.0,-0.008406907,-1.0
7,1,1,11.6019945,-0.9387108679999999,-0.069398165,-0.01311655,-2.0,-0.102124967,-11.0,-0.007342626999999998,-1.0
9,3,3,11.5036087,-0.838531673,-0.0662698,-0.011989286000000002,-2.0,-0.10520645199999999,-11.0,-0.006882268,-1.0
6,0,0,11.6246223,-0.988268733,-0.061988205,-0.013521865,-2.0,-0.101108685,-11.0,-0.006843224,-1.0
10,4,4,11.4539652,-0.7379508020000001,-0.058707240999999986,-0.010014838,-2.0,-0.107029684,-11.0,-0.006514249000000001,-1.0
