,Unnamed: 0,u,v,w,x,x bin,y,y bin,z,z bin
1,1,11.082753199999999,0.664767325,-0.05439437900000002,-0.018306449,-2.0,0.12164390800000001,12.0,0.0008150589999999999,0.0
2,21108,11.1744232,0.543453336,-0.053201228,-0.011221948999999998,-2.0,0.120248623,12.0,0.001785739,0.0
0,0,11.0840149,0.531264901,-0.056141358,-0.013273515,-2.0,0.123873591,12.0,0.002715833,0.0
