,Unnamed: 0,Unnamed: 0.1,u,v,w,x,x bin,y,y bin,z,z bin
30,10,10,12.1457129,1.26576233,-0.12670663,-0.010676028,-2.0,0.088353291,8.0,-0.009022296,-1.0
29,9,9,12.216816900000001,1.67491758,-0.113149464,-0.015807731000000002,-2.0,0.088555858,8.0,-0.00710699,-1.0
28,8,8,11.8526249,1.58421421,-0.201608717,-0.013425348,-2.0,0.082022518,8.0,-0.007077388,-1.0
31,11,57566,12.013102499999999,1.82516909,-0.15332853800000001,-0.018814126,-2.0,0.089642346,8.0,-0.006708924000000001,-1.0
26,6,6,11.961880699999998,1.95432949,-0.177857175,-0.019007718,-2.0,0.08453483099999999,8.0,-0.0054433,-1.0
