,Unnamed: 0,u,v,w,x,x bin,y,y bin,z,z bin
0,135285,10.670886,-0.588730037,0.009692478,-0.023510695,-3.0,-0.142144024,-15.0,1.59e-05,0.0
