,Unnamed: 0,Unnamed: 0.1,u,v,w,x,x bin,y,y bin,z,z bin
1,0,0,10.838425599999999,0.693279445,-0.075054877,-0.027096747999999997,-3.0,0.129706725,12.0,-0.009537831,-1.0
3,2,21122,10.955884,0.858988285,-0.081038885,-0.028758436000000002,-3.0,0.120448351,12.0,-0.0070848169999999985,-1.0
