,Unnamed: 0,Unnamed: 0.1,u,v,w,x,x bin,y,y bin,z,z bin
5,1,1,10.970537199999999,-1.80758464,-0.141000435,-0.033235787999999995,-4.0,-0.104397476,-11.0,-0.006303551,-1.0
