,Unnamed: 0,u,v,w,x,x bin,y,y bin,z,z bin
4,4,10.5100069,-3.00273633,0.18573842899999998,-0.038581729,-4.0,-0.08656840800000001,-9.0,0.0045720529999999995,0.0
1,1,10.390294099999998,-3.16987848,0.248898149,-0.039219677,-4.0,-0.083827257,-9.0,0.005174261,0.0
3,3,10.7160225,-2.9292686000000003,0.235582754,-0.034305371,-4.0,-0.08594218599999999,-9.0,0.005372507,0.0
5,92959,10.7133465,-2.8311553,0.21141973100000006,-0.036144547,-4.0,-0.088396795,-9.0,0.005566211999999999,0.0
0,0,10.358853300000002,-3.27505946,0.371269345,-0.038857844,-4.0,-0.081547752,-9.0,0.0071359909999999995,0.0
2,2,10.9385023,-2.7320087,0.347367913,-0.032554746,-4.0,-0.087456718,-9.0,0.009025118,0.0
