,Unnamed: 0,Unnamed: 0.1,u,v,w,x,x bin,y,y bin,z,z bin
25,12,12,10.513539300000001,-3.32716036,-0.259869456,-0.035174929,-4.0,-0.07711069999999999,-8.0,-0.009593731,-1.0
26,13,13,10.7012615,-3.16208935,-0.266021043,-0.033108227000000004,-4.0,-0.078908607,-8.0,-0.009360852,-1.0
15,2,2,10.4137115,-3.31688857,-0.239666685,-0.030306707999999998,-4.0,-0.07172612099999999,-8.0,-0.009284892,-1.0
27,14,95195,10.3638382,-3.34599686,-0.232234642,-0.038294837000000005,-4.0,-0.07868702,-8.0,-0.008136787,-1.0
23,10,10,10.477644900000001,-3.35996819,-0.088595867,-0.034902751,-4.0,-0.077141181,-8.0,-0.005334591,-1.0
17,4,4,10.4333954,-3.49923849,-0.03793633,-0.033815067000000004,-4.0,-0.074205384,-8.0,-0.005089454,-1.0
