,Unnamed: 0,Unnamed: 0.1,u,v,w,x,x bin,y,y bin,z,z bin
9,3,3,10.9120903,1.2038337,-0.127160102,-0.034846216,-4.0,0.113964342,11.0,-0.009288545,-1.0
6,0,0,10.9018145,0.985900164,-0.107792914,-0.032460161,-4.0,0.119130477,11.0,-0.008766290999999999,-1.0
7,1,1,10.9312515,1.16594255,-0.086881913,-0.033592943,-4.0,0.11440213,11.0,-0.00629967,-1.0
