,Unnamed: 0,u,v,w,x,x bin,y,y bin,z,z bin
4,4,9.34315777,-4.17994928,0.23769848,-0.047105257000000005,-5.0,-0.070208311,-8.0,0.001778186,0.0
8,90575,9.94407082,-3.55097795,0.179038912,-0.044393916,-5.0,-0.079709418,-8.0,0.002674641,0.0
5,5,10.00982,-3.68492889,0.276127636,-0.04047098,-5.0,-0.07560043,-8.0,0.0035326959999999997,0.0
6,6,9.55381584,-3.96925974,0.297539562,-0.048392072,-5.0,-0.073928706,-8.0,0.003685613,0.0
7,7,9.86890507,-3.63750648,0.246230125,-0.045326835999999995,-5.0,-0.078426987,-8.0,0.0037655809999999996,0.0
1,1,9.42678833,-4.04050064,0.464554429,-0.049134314000000005,-5.0,-0.07265795,-8.0,0.007243345,0.0
2,2,10.0106392,-3.64815521,0.462189287,-0.042334557,-5.0,-0.076400377,-8.0,0.007725581,0.0
3,3,9.94332314,-3.6194252999999996,0.45416578700000004,-0.044812068,-5.0,-0.07789678900000001,-8.0,0.00801224,0.0
0,0,9.73788834,-3.88351464,0.5941815970000001,-0.045671269,-5.0,-0.07342905599999999,-8.0,0.00989312,0.0
