,Unnamed: 0,Unnamed: 0.1,u,v,w,x,x bin,y,y bin,z,z bin
9,2,2,10.8055897,1.57060528,-0.176705241,-0.04285207,-5.0,0.105449609,10.0,-0.009457203,-1.0
12,5,34292,10.7792892,1.85931337,-0.20806089,-0.041500732,-5.0,0.10028185699999999,10.0,-0.008722483,-1.0
10,3,3,10.8091755,1.66733897,-0.16773212,-0.041583911,-5.0,0.103435926,10.0,-0.008060806,-1.0
11,4,4,10.7712231,1.69265723,-0.116994247,-0.041963428,-5.0,0.103764623,10.0,-0.005917621999999999,-1.0
