,Unnamed: 0,u,v,w,x,x bin,y,y bin,z,z bin
4,17512,10.5978346,1.04520631,0.003247522,-0.048540957,-5.0,0.122268349,12.0,0.002667663,0.0
3,3,10.7534666,1.03692102,0.048065774000000006,-0.040497631,-5.0,0.121826001,12.0,0.006455555,0.0
0,0,10.6560469,0.891524732,0.042842403,-0.043514796,-5.0,0.129280344,12.0,0.009020546,0.0
1,1,10.6154604,1.03087246,0.058542073,-0.048328175999999994,-5.0,0.124981955,12.0,0.009161721999999999,0.0
2,2,10.743293800000002,1.028687,0.072581731,-0.041244552,-5.0,0.123348467,12.0,0.009643426,0.0
