,Unnamed: 0,Unnamed: 0.1,u,v,w,x,x bin,y,y bin,z,z bin
32,16,57617,10.2272701,3.27151132,-0.388164878,-0.047540106,-5.0,0.079328358,7.0,-0.009676856,-1.0
31,15,15,10.2921877,3.37599015,-0.387100816,-0.045272749,-5.0,0.077953696,7.0,-0.009221683,-1.0
27,11,11,9.92323685,3.82277822,-0.401667207,-0.046391878,-5.0,0.072240658,7.0,-0.007654846,-1.0
30,14,14,10.437195800000001,3.46547413,-0.322687775,-0.042285215,-5.0,0.07721477,7.0,-0.006982635,-1.0
29,13,13,9.89069366,3.65834689,-0.33417806,-0.049048767,-5.0,0.074845143,7.0,-0.006764186,-1.0
26,10,10,9.90909958,3.79429984,-0.332220048,-0.047197085,-5.0,0.07308729,7.0,-0.006178955999999999,-1.0
28,12,12,9.78576565,3.76036882,-0.286270142,-0.049945570999999994,-5.0,0.073920853,7.0,-0.005038119000000001,-1.0
