,Unnamed: 0,Unnamed: 0.1,u,v,w,x,x bin,y,y bin,z,z bin
11,2,2,10.320573800000002,-1.67004967,-0.119186208,-0.052944463,-6.0,-0.106806651,-11.0,-0.005314799,-1.0
13,4,112184,10.2265301,-1.63713038,-0.11762958,-0.057966843,-6.0,-0.10862177599999999,-11.0,-0.00519322,-1.0
