,Unnamed: 0,Unnamed: 0.1,u,v,w,x,x bin,y,y bin,z,z bin
22,8,8,9.98993301,-3.01534224,-0.37476933,-0.050615318,-6.0,-0.084633105,-9.0,-0.009876592,-1.0
26,12,12,9.95393753,-2.92120433,-0.362696081,-0.052431837,-6.0,-0.085316129,-9.0,-0.009725943,-1.0
27,13,13,9.99089336,-2.87815332,-0.332267076,-0.05193467400000002,-6.0,-0.086413659,-9.0,-0.008426928,-1.0
17,3,3,9.62782288,-3.39990759,-0.250556916,-0.053650875,-6.0,-0.08107952,-9.0,-0.00752437,-1.0
29,15,15,9.96671295,-2.59444332,-0.295882285,-0.055524115,-6.0,-0.08906839800000001,-9.0,-0.007437028,-1.0
30,16,107510,9.95159721,-2.47423816,-0.290748954,-0.057208937,-6.0,-0.08999056400000001,-9.0,-0.007416228,-1.0
18,4,4,9.67531204,-3.27391338,-0.250728756,-0.054030322,-6.0,-0.082403258,-9.0,-0.0072984630000000016,-1.0
21,7,7,9.95397568,-3.06625605,-0.271553755,-0.05034956,-6.0,-0.08542248599999999,-9.0,-0.006599658,-1.0
23,9,9,9.4972887,-3.08510494,-0.162389442,-0.05972928900000001,-6.0,-0.083951451,-9.0,-0.005364941999999999,-1.0
