,Unnamed: 0,Unnamed: 0.1,u,v,w,x,x bin,y,y bin,z,z bin
16,6,6,7.03197098,-4.71555138,-0.491405308,-0.05472089,-6.0,-0.054142781,-6.0,-0.009920293,-1.0
21,11,11,7.58106661,-4.55386543,-0.36061886,-0.056299157,-6.0,-0.059847875999999994,-6.0,-0.00821411,-1.0
17,7,7,6.73683023,-4.71185493,-0.350791395,-0.059797019000000014,-6.0,-0.052644547,-6.0,-0.008107396,-1.0
23,13,90396,7.57329464,-4.45708513,-0.29205149399999997,-0.05996085,-6.0,-0.05997749400000001,-6.0,-0.007201599,-1.0
19,9,9,7.21065807,-4.72509098,-0.237007558,-0.05708048900000001,-6.0,-0.057432745,-6.0,-0.006432662,-1.0
18,8,8,7.07024431,-4.64113426,-0.249045119,-0.059958208,-6.0,-0.055545408,-6.0,-0.006334649,-1.0
12,2,2,6.59065723,-4.82013512,-0.221570134,-0.059533544,-6.0,-0.051434528,-6.0,-0.005791801,-1.0
