,Unnamed: 0,u,v,w,x,x bin,y,y bin,z,z bin
5,139148,10.3359509,-0.664811015,-0.005178332,-0.050581351,-6.0,-0.149552286,-15.0,0.0057867230000000006,0.0
3,3,10.3455944,-0.682016611,-0.000892755,-0.05057814,-6.0,-0.148253515,-15.0,0.006160293000000001,0.0
1,1,10.3569431,-0.700815082,0.006289843000000001,-0.050576061,-6.0,-0.146987274,-15.0,0.007143271999999998,0.0
0,0,10.370985000000001,-0.726453543,0.012123235,-0.050585054000000004,-6.0,-0.145023704,-15.0,0.007580219,0.0
4,4,10.343577400000001,-0.669501305,0.013797363,-0.050557405,-6.0,-0.14984493,-15.0,0.009547455,0.0
2,2,10.3571281,-0.6953620309999999,0.021604611,-0.050568550999999996,-6.0,-0.14752063199999998,-15.0,0.009980603000000001,0.0
