,Unnamed: 0,Unnamed: 0.1,u,v,w,x,x bin,y,y bin,z,z bin
1,1,19893,10.5249348,1.0412780000000001,-0.073179714,-0.051366612,-6.0,0.12045907199999999,12.0,-0.005600834,-1.0
