,Unnamed: 0,Unnamed: 0.1,u,v,w,x,x bin,y,y bin,z,z bin
35,16,16,8.99087906,3.72915602,-0.623155653,-0.057614919,-6.0,0.071937949,7.0,-0.009698471,-1.0
39,20,57616,9.37264919,3.46066356,-0.47763174799999997,-0.058981135999999997,-6.0,0.075398751,7.0,-0.009170623000000001,-1.0
38,19,19,9.60038948,3.39436841,-0.413842857,-0.057033662,-6.0,0.07796940200000001,7.0,-0.009049905,-1.0
34,15,15,9.85833549,3.35493684,-0.33390679999999995,-0.053049326,-6.0,0.07881492400000001,7.0,-0.007916361,-1.0
36,17,17,9.87232685,3.43787026,-0.342934996,-0.051843397,-6.0,0.077653721,7.0,-0.007834209,-1.0
32,13,13,9.69598484,3.82608843,-0.390520096,-0.050381023,-6.0,0.072410509,7.0,-0.007087904,-1.0
33,14,14,9.4339695,3.41801596,-0.276496947,-0.05938357900000001,-6.0,0.077543788,7.0,-0.006082499,-1.0
26,7,7,9.03417587,3.94738865,-0.399347037,-0.053902306,-6.0,0.07034611,7.0,-0.005919753000000001,-1.0
37,18,18,9.51711845,3.31221795,-0.257843375,-0.05990703400000001,-6.0,0.07917271599999999,7.0,-0.005855076,-1.0
