,Unnamed: 0,Unnamed: 0.1,u,v,w,x,x bin,y,y bin,z,z bin
43,14,14,9.74352837,3.16980815,-0.347329229,-0.056648571,-6.0,0.081336036,8.0,-0.009759655,-1.0
39,10,10,9.82243443,2.99034977,-0.319698334,-0.055577599000000005,-6.0,0.08404471,8.0,-0.00945775,-1.0
44,15,59743,9.86074734,3.16064358,-0.32765895100000003,-0.054149345,-6.0,0.08155050900000001,8.0,-0.008717072,-1.0
35,6,6,9.85222244,2.92904377,-0.292450607,-0.055256136,-6.0,0.08525028800000001,8.0,-0.008579944,-1.0
42,13,13,9.98122215,3.18906331,-0.310638636,-0.051814787,-6.0,0.081201717,8.0,-0.007726674,-1.0
40,11,11,9.76326942,3.07970262,-0.246455774,-0.055299018,-6.0,0.08358241599999999,8.0,-0.006187151,-1.0
