,Unnamed: 0,Unnamed: 0.1,u,v,w,x,x bin,y,y bin,z,z bin
11,2,2,10.0778761,-1.57834089,-0.211498275,-0.066801518,-7.0,-0.103045747,-11.0,-0.009280138,-1.0
16,7,114332,10.083536099999998,-1.49490345,-0.19156839,-0.06793663700000001,-7.0,-0.105580054,-11.0,-0.008773768000000001,-1.0
12,3,3,10.0856705,-1.58717561,-0.167835593,-0.066620141,-7.0,-0.10373604300000001,-11.0,-0.0068788619999999995,-1.0
13,4,4,10.1457329,-1.59662938,-0.143033594,-0.063036703,-7.0,-0.106334761,-11.0,-0.006049789,-1.0
