,Unnamed: 0,Unnamed: 0.1,u,v,w,x,x bin,y,y bin,z,z bin
22,3,3,9.64086246,2.41179347,-0.274388164,-0.06924279,-7.0,0.088958241,8.0,-0.009750921999999999,-1.0
25,6,6,9.64772511,2.58060694,-0.285171568,-0.06673580400000001,-7.0,0.08741051,8.0,-0.009569777,-1.0
32,13,13,9.61758423,3.02758574,-0.31761729699999997,-0.061379626,-7.0,0.08224798700000001,8.0,-0.009267421999999999,-1.0
26,7,7,9.51117039,2.62377405,-0.248404205,-0.06967256200000001,-7.0,0.084473334,8.0,-0.008013318,-1.0
33,14,14,9.56937408,3.16772366,-0.28496176,-0.060594200999999986,-7.0,0.081192255,8.0,-0.007439149,-1.0
23,4,4,9.58071327,2.51511931,-0.205187082,-0.069302805,-7.0,0.086780779,8.0,-0.006681244,-1.0
30,11,11,9.51463318,2.93612814,-0.243189365,-0.065218501,-7.0,0.081920244,8.0,-0.006668029000000001,-1.0
34,15,55311,9.528965,3.19171071,-0.229110122,-0.061240815,-7.0,0.080018565,8.0,-0.005201878,-1.0
