,Unnamed: 0,Unnamed: 0.1,u,v,w,x,x bin,y,y bin,z,z bin
4,1,69499,3.64339805,-0.7734859590000001,-0.6946005820000001,-0.076539412,-8.0,-0.009673932,-1.0,-0.006587558,-1.0
