,Unnamed: 0,Unnamed: 0.1,u,v,w,x,x bin,y,y bin,z,z bin
13,7,116456,9.95541763,-1.27884507,-0.17166431199999999,-0.077363342,-8.0,-0.10950332900000001,-11.0,-0.009291174000000001,-1.0
12,6,6,10.0359669,-1.43214273,-0.175678998,-0.07112489599999999,-8.0,-0.106753126,-11.0,-0.007825999,-1.0
8,2,2,9.89263916,-1.64969063,-0.221030831,-0.07273584599999999,-8.0,-0.10047695,-11.0,-0.007508618000000002,-1.0
9,3,3,9.93547344,-1.53191721,-0.154947013,-0.074123114,-8.0,-0.10345120699999999,-11.0,-0.00502632,-1.0
