,Unnamed: 0,Unnamed: 0.1,u,v,w,x,x bin,y,y bin,z,z bin
42,19,56130,7.62833548,3.34820914,-0.5910094379999999,-0.07791104900000001,-8.0,0.057045631,5.0,-0.009603532,-1.0
41,18,18,7.76626158,3.69355464,-0.730640948,-0.07003884,-8.0,0.058273807,5.0,-0.009573575,-1.0
40,17,17,7.48688173,3.4712851000000002,-0.614637136,-0.076813504,-8.0,0.055090256,5.0,-0.008977226999999999,-1.0
35,12,12,7.27624846,3.81110287,-0.63653934,-0.072128743,-8.0,0.053990282,5.0,-0.007367773,-1.0
38,15,15,7.51648951,3.5667758000000003,-0.548941612,-0.074735597,-8.0,0.05598262,5.0,-0.007366638000000002,-1.0
39,16,16,7.57154655,3.35002518,-0.379953653,-0.07869280099999999,-8.0,0.057041083,5.0,-0.006833395,-1.0
34,11,11,7.09599876,3.25352788,-0.508134425,-0.079739623,-8.0,0.050246589,5.0,-0.006763415,-1.0
33,10,10,7.32615709,3.60394573,-0.5195751789999999,-0.07510433400000001,-8.0,0.05404387,5.0,-0.006603039000000001,-1.0
37,14,14,7.69987297,3.38711691,-0.388122857,-0.075964481,-8.0,0.05968008900000001,5.0,-0.006146595,-1.0
