,Unnamed: 0,u,v,w,x,x bin,y,y bin,z,z bin
2,2,4.82857943,-0.12781775,0.050885648,-0.089822531,-9.0,-0.0023101379999999998,-1.0,0.0013229910000000001,0.0
0,0,4.587798599999998,-0.14455336300000002,0.442032576,-0.086555176,-9.0,-0.001610057,-1.0,0.007448056,0.0
1,1,4.95990086,-0.270641953,0.657489479,-0.08933161199999999,-9.0,-0.002558818,-1.0,0.009805873,0.0
3,65511,4.11159182,-0.989799321,0.943165779,-0.08026253400000001,-9.0,-0.009979339,-1.0,0.009847288,0.0
