,Unnamed: 0,u,v,w,x,x bin,y,y bin,z,z bin
2,61087,4.31392956,0.088756204,0.251119763,-0.084731758,-9.0,0.000623046,0.0,0.0055677980000000005,0.0
0,0,4.73736715,0.242069975,0.409077793,-0.088405088,-9.0,0.002742192,0.0,0.007663631,0.0
1,1,4.86297655,0.02471751,0.558246613,-0.08897470699999999,-9.0,0.00059536,0.0,0.009178022,0.0
