,Unnamed: 0,u,v,w,x,x bin,y,y bin,z,z bin
3,3,9.79535198,1.22009444,0.052384108,-0.08990433099999999,-9.0,0.10771710400000001,10.0,0.001506499,0.0
4,25389,9.83628845,1.4610343,0.111334763,-0.080968931,-9.0,0.1019997,10.0,0.004718876,0.0
0,0,9.89213657,1.22255218,0.061827142,-0.085133515,-9.0,0.109947324,10.0,0.005177243,0.0
1,1,9.83543396,1.21842027,0.090397835,-0.08765189400000001,-9.0,0.10896320599999999,10.0,0.00739906,0.0
2,2,9.90939331,1.3091476,0.098901928,-0.080023229,-9.0,0.107238285,10.0,0.007748982,0.0
