,Unnamed: 0,Unnamed: 0.1,u,v,w,x,x bin,y,y bin,z,z bin
5,0,0,9.87725353,1.21367919,-0.02225453,-0.086532414,-9.0,0.109635882,10.0,-0.0053009780000000005,-1.0
