,Unnamed: 0,Unnamed: 0.1,u,v,w,x,x bin,y,y bin,z,z bin
16,7,7,9.60765553,1.74494731,-0.202970982,-0.081048667,-9.0,0.09541902,9.0,-0.009606247,-1.0
18,9,9,9.56770039,1.82279873,-0.189659312,-0.080269508,-9.0,0.092805795,9.0,-0.007938674,-1.0
19,10,34303,9.52205086,1.84560776,-0.152846739,-0.081767231,-9.0,0.09114664800000001,9.0,-0.006054864,-1.0
14,5,5,9.59308338,1.63695347,-0.11041829,-0.08491717300000001,-9.0,0.096210405,9.0,-0.005412812,-1.0
