,Unnamed: 0,Unnamed: 0.1,u,v,w,x,x bin,y,y bin,z,z bin
15,5,5,11.6575966,-0.27214095,0.088191696,0.004609428,0.0,-0.09567517,-10.0,-0.009423426,-1.0
13,3,3,11.5787859,-0.047788214,0.15410268300000002,0.008075017,0.0,-0.091997489,-10.0,-0.008354541,-1.0
19,9,107525,11.541742300000001,-0.19712851899999997,0.088271141,0.004682453,0.0,-0.09986752300000001,-10.0,-0.007714019,-1.0
14,4,4,11.6398077,-0.164122984,0.136658669,0.006188814,0.0,-0.094500758,-10.0,-0.007186488,-1.0
11,1,1,11.431526199999999,-0.127803773,0.155111536,0.006910898,0.0,-0.09052445699999999,-10.0,-0.007010655,-1.0
