,Unnamed: 0,u,v,w,x,x bin,y,y bin,z,z bin
0,0,11.0585022,-0.137816951,0.007042689,0.008383539,0.0,-0.12124863300000001,-13.0,0.000183432,0.0
1,116517,11.0555258,-0.149305269,0.006288751,0.007821586,0.0,-0.121724255,-13.0,0.002163919,0.0
