,Unnamed: 0,u,v,w,x,x bin,y,y bin,z,z bin
0,0,9.35283756,0.5925051570000001,0.41100648,0.10338704300000001,10.0,-0.085508838,-9.0,0.004339663,0.0
1,1,9.067379,0.627688229,0.4753780070000001,0.101455159,10.0,-0.081967615,-9.0,0.00461877,0.0
2,2,9.64482975,0.62005347,0.405258656,0.105995111,10.0,-0.087443851,-9.0,0.00545072,0.0
3,95348,10.0482016,0.752819419,0.409233779,0.102059454,10.0,-0.088181749,-9.0,0.009927845,0.0
