,Unnamed: 0,Unnamed: 0.1,u,v,w,x,x bin,y,y bin,z,z bin
6,3,3,10.2233295,0.254012883,0.049997754000000005,0.107350841,10.0,-0.141116366,-15.0,-0.008960566,-1.0
11,8,8,10.2253771,0.24711661,0.046796877,0.107425749,10.0,-0.14362844800000002,-15.0,-0.008923512,-1.0
17,14,140228,10.2284184,0.242650807,0.045160569000000005,0.107039809,10.0,-0.145385385,-15.0,-0.008136828,-1.0
13,10,10,10.2270508,0.246161357,0.04630154400000002,0.10745304800000001,10.0,-0.14443266400000002,-15.0,-0.006546734,-1.0
12,9,9,10.226037,0.250695407,0.048143067000000005,0.107407749,10.0,-0.14285408,-15.0,-0.006199886,-1.0
14,11,11,10.2302208,0.241222307,0.044227153,0.107070878,10.0,-0.146325722,-15.0,-0.005953119000000001,-1.0
7,4,4,10.225509599999999,0.254030436,0.049421605,0.10737422099999999,10.0,-0.141750872,-15.0,-0.005645516999999999,-1.0
15,12,12,10.2319174,0.237231672,0.042305946,0.10712133300000001,10.0,-0.147940859,-15.0,-0.0050940709999999995,-1.0
5,2,2,10.224986099999999,0.257355094,0.050695069,0.107340768,10.0,-0.140651941,-15.0,-0.005088507,-1.0
