,Unnamed: 0,Unnamed: 0.1,u,v,w,x,x bin,y,y bin,z,z bin
1,1,1,10.107509599999998,-0.9811138509999999,-0.167922691,0.10880781,10.0,0.095667213,9.0,-0.008418947,-1.0
3,3,3,10.1445255,-1.17039609,-0.23308745,0.100592062,10.0,0.092441812,9.0,-0.005857345999999999,-1.0
5,5,38578,10.1274776,-1.21051145,-0.25620383,0.100598991,10.0,0.090863019,9.0,-0.005401161,-1.0
