,Unnamed: 0,Unnamed: 0.1,u,v,w,x,x bin,y,y bin,z,z bin
2,1,1,9.55150032,0.424217999,0.225009277,0.112492122,11.0,-0.091641597,-10.0,-0.005987155,-1.0
1,0,0,9.40737724,0.37911731,0.24435389,0.117049515,11.0,-0.09013897900000001,-10.0,-0.005882096,-1.0
5,4,107460,9.75704479,0.43552294399999997,0.242821604,0.112721309,11.0,-0.093190551,-10.0,-0.005363949,-1.0
