,Unnamed: 0,u,v,w,x,x bin,y,y bin,z,z bin
0,19916,10.1536074,-0.6717896459999999,-0.175344497,0.111960754,11.0,0.114294454,11.0,0.005339305,0.0
