,Unnamed: 0,u,v,w,x,x bin,y,y bin,z,z bin
0,45677,4.94336939,-1.24648166,-0.200470507,0.115281284,11.0,0.049850470999999986,4.0,0.002741209,0.0
