,Unnamed: 0,Unnamed: 0.1,u,v,w,x,x bin,y,y bin,z,z bin
12,10,51876,8.37671661,-2.08498025,-0.12457896800000001,0.11643908900000001,11.0,0.05580714,5.0,-0.009968666999999999,-1.0
11,9,9,8.64377117,-1.96518981,-0.189295441,0.119997427,11.0,0.058120217,5.0,-0.00925276,-1.0
10,8,8,7.83824253,-2.19446254,-0.12785615,0.11178257300000001,11.0,0.053779692000000004,5.0,-0.008974455,-1.0
6,4,4,7.26125765,-2.15592527,-0.099392422,0.11240007,11.0,0.051507004,5.0,-0.007467745,-1.0
7,5,5,7.932958599999999,-2.07033587,-0.199608684,0.114593938,11.0,0.055382907,5.0,-0.0073066480000000015,-1.0
8,6,6,8.12928963,-2.04726219,-0.255490094,0.113182716,11.0,0.057006363,5.0,-0.00707364,-1.0
9,7,7,8.40271282,-1.99182665,-0.268454254,0.11373198,11.0,0.058852393,5.0,-0.007016592,-1.0
5,3,3,7.26297188,-2.021703,-0.133825257,0.117125891,11.0,0.051998228,5.0,-0.005969189000000001,-1.0
4,2,2,7.75769711,-1.94920337,-0.309750915,0.112023361,11.0,0.056869168,5.0,-0.005113375,-1.0
