,Unnamed: 0,u,v,w,x,x bin,y,y bin,z,z bin
1,1,9.99293709,0.386668265,0.163733572,0.122208327,12.0,-0.103609324,-11.0,0.001579836,0.0
0,0,9.97756672,0.431969285,0.192386582,0.12193643300000001,12.0,-0.101602569,-11.0,0.0054243,0.0
3,107663,10.0388765,0.368767858,0.102471143,0.12771207099999998,12.0,-0.109052241,-11.0,0.0055942430000000005,0.0
2,2,10.0057554,0.370952755,0.12356317800000001,0.128982946,12.0,-0.106563561,-11.0,0.00649693,0.0
