,Unnamed: 0,u,v,w,x,x bin,y,y bin,z,z bin
1,1,10.103276300000001,0.319687873,0.059208896,0.12662372,12.0,-0.118221276,-12.0,0.000621916,0.0
2,2,10.1071854,0.325111747,0.056784682,0.125876904,12.0,-0.118704908,-12.0,0.002584748,0.0
3,3,10.123104099999999,0.369967669,0.057833415,0.12067008,12.0,-0.117613152,-12.0,0.007332915,0.0
4,116540,10.121542,0.368957818,0.056796975,0.121758953,12.0,-0.118309997,-12.0,0.008517063,0.0
0,0,10.0827255,0.399713993,0.07420299999999999,0.12724521800000002,12.0,-0.111498259,-12.0,0.009709576,0.0
