,Unnamed: 0,u,v,w,x,x bin,y,y bin,z,z bin
1,1,10.1024837,-0.55814141,-0.140520632,0.12975710599999998,12.0,0.118925437,11.0,0.004937126,0.0
0,0,10.1136551,-0.548194885,-0.156644061,0.12639451,12.0,0.119138837,11.0,0.009196702,0.0
2,17538,10.1016016,-0.551951587,-0.164210469,0.127817333,12.0,0.117057554,11.0,0.00967801,0.0
