,Unnamed: 0,Unnamed: 0.1,u,v,w,x,x bin,y,y bin,z,z bin
4,4,51961,5.34155273,-1.79459286,0.516957283,0.121852264,12.0,0.038560905,3.0,-0.007214142,-1.0
3,3,3,5.36859274,-1.62842178,0.566674471,0.129810184,12.0,0.037778426,3.0,-0.006540708,-1.0
2,2,2,4.64079142,-1.55184519,0.75252676,0.12393710000000001,12.0,0.034667097,3.0,-0.006261935,-1.0
