,Unnamed: 0,u,v,w,x,x bin,y,y bin,z,z bin
4,42725,8.73125172,-1.27732134,-0.500276744,0.125732452,12.0,0.06787684599999999,6.0,0.000706405,0.0
3,3,7.92566061,-1.19859624,-0.537152171,0.12450171300000001,12.0,0.06476675700000001,6.0,0.0036424929999999997,0.0
2,2,8.33179951,-1.00933099,-0.558689833,0.129418969,12.0,0.06796474,6.0,0.00524137,0.0
0,0,8.03122902,-0.839535713,-0.617708385,0.121338472,12.0,0.06879228400000001,6.0,0.009592669,0.0
1,1,7.15440321,-0.7635568979999999,-0.580948055,0.12407402699999999,12.0,0.06512536099999999,6.0,0.009778130999999999,0.0
