,Unnamed: 0,Unnamed: 0.1,u,v,w,x,x bin,y,y bin,z,z bin
8,4,53304,9.82535076,-1.25166225,-0.300966591,0.12437623699999999,12.0,0.07621323299999999,7.0,-0.007278035,-1.0
7,3,3,9.59340096,-1.32674456,-0.353836834,0.128067076,12.0,0.071258463,7.0,-0.005863508000000001,-1.0
