,Unnamed: 0,u,v,w,x,x bin,y,y bin,z,z bin
2,2,10.0194759,-0.743801475,-0.227966279,0.128690273,12.0,0.09773685,9.0,0.000444394,0.0
6,30721,10.030905699999998,-0.79574126,-0.239124462,0.125540942,12.0,0.0948167,9.0,0.001171164,0.0
3,3,10.0135775,-0.727090716,-0.246203497,0.128834099,12.0,0.097521022,9.0,0.002170642,0.0
0,0,10.0395145,-0.7190381290000001,-0.251238525,0.124839187,12.0,0.098853312,9.0,0.004958848,0.0
4,4,10.008791,-0.710596621,-0.290881068,0.12736389,12.0,0.096056484,9.0,0.006601802,0.0
1,1,10.017123199999999,-0.6885269279999999,-0.275440127,0.12791681300000002,12.0,0.097850047,9.0,0.007829191,0.0
5,5,9.99123001,-0.706955433,-0.328846842,0.128135324,12.0,0.093470894,9.0,0.009490216,0.0
