,Unnamed: 0,u,v,w,x,x bin,y,y bin,z,z bin
0,132364,10.1336479,0.237888739,0.040875446,0.13929081,13.0,-0.141320914,-15.0,0.009826317,0.0
