,Unnamed: 0,u,v,w,x,x bin,y,y bin,z,z bin
2,2,10.0827465,-0.545883656,-0.12413241,0.136038989,13.0,0.118127555,11.0,0.000879345,0.0
0,0,10.1002903,-0.565060198,-0.124152072,0.131223351,13.0,0.119362049,11.0,0.001192743,0.0
4,21140,10.0609131,-0.592072785,-0.157837957,0.134245962,13.0,0.111450955,11.0,0.003254102,0.0
3,3,10.0732851,-0.560751915,-0.148682296,0.13501028699999998,13.0,0.11499586699999999,11.0,0.004281167,0.0
1,1,10.0876675,-0.550023079,-0.145219445,0.13300119300000002,13.0,0.117353864,11.0,0.005447041999999999,0.0
