,Unnamed: 0,u,v,w,x,x bin,y,y bin,z,z bin
2,47715,3.88727164,-0.97607851,0.786451995,0.131503999,13.0,0.034899905,3.0,0.000371916,0.0
0,0,4.43258429,-1.09587836,0.531267285,0.134021491,13.0,0.039020203,3.0,0.000603694,0.0
1,1,4.38190413,-1.00061524,0.635774374,0.138196051,13.0,0.038025301,3.0,0.001158389,0.0
