,Unnamed: 0,u,v,w,x,x bin,y,y bin,z,z bin
3,3,7.14261103,-1.30341887,-0.41803243799999995,0.13111224800000001,13.0,0.057970271,5.0,0.001126949,0.0
1,1,6.22582054,-1.28125095,-0.31461513,0.130095914,13.0,0.05348631400000002,5.0,0.0015691020000000002,0.0
4,4,6.90048599,-1.30110431,-0.414725661,0.130664065,13.0,0.057079859,5.0,0.0016402,0.0
6,45651,5.48513031,-0.955694377,-0.283619404,0.132872894,13.0,0.051965199,5.0,0.004006851,0.0
0,0,6.69269085,-0.873965502,-0.451452434,0.138589099,13.0,0.058063939,5.0,0.004622195,0.0
5,5,4.95770264,-0.8178549409999999,-0.25162947199999997,0.131569192,13.0,0.050914697,5.0,0.00559665,0.0
2,2,6.13513041,-0.77697736,-0.437393665,0.133432627,13.0,0.05777029700000001,5.0,0.006743781999999999,0.0
