,Unnamed: 0,Unnamed: 0.1,u,v,w,x,x bin,y,y bin,z,z bin
12,0,0,9.9587574,-1.05245495,-0.195877194,0.139166415,13.0,0.079398386,7.0,-0.009635935,-1.0
15,3,55318,9.85615826,-1.14472675,-0.24386949800000002,0.137602121,13.0,0.07464125,7.0,-0.008818359,-1.0
13,1,1,9.90501022,-1.09392691,-0.23053911300000002,0.138991833,13.0,0.077097014,7.0,-0.008524857,-1.0
14,2,2,9.72191715,-1.21847832,-0.331787646,0.132142782,13.0,0.07294047599999999,7.0,-0.006349142,-1.0
