,Unnamed: 0,Unnamed: 0.1,u,v,w,x,x bin,y,y bin,z,z bin
24,2,2,10.0121031,-0.929174006,-0.189973071,0.130169421,13.0,0.08792155199999999,8.0,-0.008388538000000001,-1.0
28,6,6,9.98728657,-0.917791486,-0.220988065,0.133054376,13.0,0.08720573,8.0,-0.00687323,-1.0
30,8,8,9.91167068,-0.989271581,-0.24974130100000005,0.136090189,13.0,0.082167238,8.0,-0.006775876,-1.0
