,Unnamed: 0,Unnamed: 0.1,u,v,w,x,x bin,y,y bin,z,z bin
7,3,107541,9.32161713,0.15944460000000002,0.16041211800000002,0.143376276,14.0,-0.09537445,-10.0,-0.00681261,-1.0
4,0,0,8.92282867,0.12656837699999998,0.230986282,0.143817693,14.0,-0.090735078,-10.0,-0.005200446,-1.0
