,Unnamed: 0,u,v,w,x,x bin,y,y bin,z,z bin
3,3,4.87828064,-0.8393732309999999,-2.20829821,0.14646244,14.0,-0.024335956000000002,-3.0,0.004503222,0.0
1,1,5.17582893,-0.379283637,-2.47478724,0.142563358,14.0,-0.022143209,-3.0,0.007273924,0.0
2,2,5.00085735,-0.362339765,-2.49956203,0.140443206,14.0,-0.023591574,-3.0,0.007363744,0.0
0,0,5.15410089,-0.376926839,-2.33401513,0.143293828,14.0,-0.02041856,-3.0,0.007385405,0.0
4,65347,5.23377275,-0.239585891,-2.38326073,0.146572053,14.0,-0.026392594,-3.0,0.008359166999999999,0.0
