,Unnamed: 0,u,v,w,x,x bin,y,y bin,z,z bin
3,49823,4.21670723,-0.8546420929999999,1.00020087,0.14133133,14.0,0.033012554,3.0,0.0007151519999999999,0.0
0,0,4.60062647,-0.82117492,0.662724495,0.146677613,14.0,0.036302771,3.0,0.002403349,0.0
1,1,3.92011762,-0.671724558,0.980563164,0.14195348300000002,14.0,0.032677844,3.0,0.002783635,0.0
2,2,4.00284147,-0.556965232,1.0457077,0.148520991,14.0,0.031653002,3.0,0.004471414,0.0
