,Unnamed: 0,u,v,w,x,x bin,y,y bin,z,z bin
1,1,5.8991642,-1.12442183,-0.006161215,0.142206252,14.0,0.047261789000000005,4.0,9.549999999999999e-05,0.0
4,45680,5.04442406,-0.906931162,0.127540484,0.14162656699999998,14.0,0.043912761,4.0,0.002435418,0.0
2,2,5.69286633,-0.850268722,-0.080904678,0.149351418,14.0,0.049227681,4.0,0.002603524,0.0
3,3,5.52344751,-0.7570025920000001,-0.08903113,0.149832085,14.0,0.049293487999999996,4.0,0.0034530109999999998,0.0
0,0,5.2581625,-0.7161306140000001,-0.128699064,0.144356281,14.0,0.048977807000000005,4.0,0.005124184,0.0
