,Unnamed: 0,Unnamed: 0.1,u,v,w,x,x bin,y,y bin,z,z bin
7,4,4,6.69954205,-1.44885004,0.58976084,0.15307067300000002,15.0,0.037613742,3.0,-0.008937908,-1.0
9,6,6,6.44368887,-1.38387227,0.6738925579999999,0.152871266,15.0,0.036296636,3.0,-0.008703005,-1.0
4,1,1,6.42856455,-1.24790478,0.620356381,0.15995726,15.0,0.037693843,3.0,-0.005670127,-1.0
