,Unnamed: 0,u,v,w,x,x bin,y,y bin,z,z bin
0,0,5.46591949,-0.988403857,0.5324721929999999,0.156567544,15.0,0.038663369,3.0,0.000923038,0.0
1,1,4.4635644,-0.63225925,0.746735752,0.15326774099999999,15.0,0.035241846,3.0,0.003434777,0.0
2,49824,4.28412008,-0.589810729,1.07184267,0.154293746,15.0,0.030801959,3.0,0.003938597,0.0
