,Unnamed: 0,u,v,w,x,x bin,y,y bin,z,z bin
1,1,10.0078201,0.18487015399999998,0.08808694,0.16306643199999998,16.0,-0.115133479,-12.0,0.000378635,0.0
2,2,10.0052338,0.192303196,0.095559903,0.16452731199999998,16.0,-0.114753723,-12.0,0.002011096,0.0
0,0,9.9936161,0.193667531,0.107896216,0.167328745,16.0,-0.111661866,-12.0,0.002142546,0.0
3,3,10.008405699999999,0.20945861899999998,0.09929159300000001,0.161473602,16.0,-0.115567349,-12.0,0.004292137,0.0
6,6,10.0172081,0.192903414,0.089055754,0.167342931,16.0,-0.11889562,-12.0,0.004370776,0.0
8,120451,10.0198917,0.202769428,0.08950135099999999,0.163798973,16.0,-0.11943347,-12.0,0.005100327,0.0
4,4,10.0075779,0.214941218,0.107201464,0.16822207,16.0,-0.11623273,-12.0,0.007724463000000002,0.0
7,7,10.0226746,0.23398572199999998,0.099045664,0.160918131,16.0,-0.11933331900000001,-12.0,0.008721735999999999,0.0
5,5,10.0097466,0.21799679100000002,0.10676688699999999,0.16931997199999999,16.0,-0.11692453900000001,-12.0,0.008905129,0.0
