,Unnamed: 0,u,v,w,x,x bin,y,y bin,z,z bin
2,2,10.0591497,0.183269516,0.047890365,0.161170036,16.0,-0.130453616,-14.0,0.000375008,0.0
8,132315,10.0710621,0.183045909,0.04419243,0.163064554,16.0,-0.13625933199999998,-14.0,0.00144451,0.0
5,5,10.069028900000001,0.191714734,0.04540357,0.16125795199999998,16.0,-0.133915484,-14.0,0.002576743,0.0
7,7,10.0676479,0.18508122899999999,0.046525262000000005,0.164125025,16.0,-0.13513191,-14.0,0.0035289759999999996,0.0
4,4,10.0621614,0.183851957,0.048776768,0.164165109,16.0,-0.132631376,-14.0,0.004620408,0.0
1,1,10.0589104,0.185627982,0.051903069,0.16561873300000002,16.0,-0.131551892,-14.0,0.006453929000000001,0.0
3,3,10.0608091,0.187604472,0.05292753099999999,0.168503612,16.0,-0.13342422199999998,-14.0,0.007713096,0.0
0,0,10.0556297,0.200011373,0.061049704,0.164014786,16.0,-0.130509868,-14.0,0.008258579,0.0
6,6,10.0638905,0.184805572,0.049856212,0.16980516899999998,16.0,-0.13572490199999998,-14.0,0.008483893000000001,0.0
