,Unnamed: 0,u,v,w,x,x bin,y,y bin,z,z bin
3,102686,9.17757702,0.242542014,0.397829294,0.168037906,16.0,-0.092328012,-10.0,0.005644444,0.0
0,0,9.26791477,0.285976589,0.3876312670000001,0.161480471,16.0,-0.09248463800000001,-10.0,0.007080772,0.0
2,2,9.54123306,0.233954296,0.27964228399999996,0.167454034,16.0,-0.099256687,-10.0,0.007139497,0.0
1,1,9.36739922,0.281571269,0.356556445,0.166391671,16.0,-0.095270798,-10.0,0.008598849,0.0
