,Unnamed: 0,u,v,w,x,x bin,y,y bin,z,z bin
0,12344,10.063612,-0.345559955,-0.074133277,0.169957697,16.0,0.13102147,13.0,0.0008160460000000001,0.0
