,Unnamed: 0,Unnamed: 0.1,u,v,w,x,x bin,y,y bin,z,z bin
4,2,54173,5.93850374,-0.8509479759999999,1.07515299,0.16849578899999998,16.0,0.029885424,2.0,-0.007906655,-1.0
3,1,1,5.51901293,-0.874586284,1.17663908,0.162259385,16.0,0.029835206,2.0,-0.0052163570000000005,-1.0
