,Unnamed: 0,u,v,w,x,x bin,y,y bin,z,z bin
1,51964,4.91930628,-0.659572363,1.34036517,0.163873002,16.0,0.028663382,2.0,0.001302908,0.0
0,0,4.42155933,-0.245678514,0.954354644,0.16812719399999998,16.0,0.029475933,2.0,0.007236947,0.0
