,Unnamed: 0,Unnamed: 0.1,u,v,w,x,x bin,y,y bin,z,z bin
11,10,51878,7.78109169,-1.30840206,0.277932882,0.167591393,16.0,0.045046218,4.0,-0.009353335,-1.0
10,9,9,7.52943611,-1.40645337,0.261584461,0.160953894,16.0,0.04486322400000002,4.0,-0.008244856,-1.0
9,8,8,7.78708696,-1.27290463,0.127666607,0.168987721,16.0,0.047694772999999996,4.0,-0.007309864,-1.0
7,6,6,7.54073906,-1.38580406,0.180735946,0.161603302,16.0,0.046332054000000004,4.0,-0.007211699,-1.0
6,5,5,7.35105896,-1.34495044,0.2611081,0.163169131,16.0,0.044393655,4.0,-0.007044875,-1.0
8,7,7,7.96852779,-1.2512815000000002,0.045814134000000006,0.169084176,16.0,0.04984602,4.0,-0.006677594,-1.0
5,4,4,7.23461008,-1.24842024,0.213130385,0.166922286,16.0,0.045028251,4.0,-0.0053551580000000005,-1.0
