,Unnamed: 0,Unnamed: 0.1,u,v,w,x,x bin,y,y bin,z,z bin
8,4,52874,8.70515442,-1.28707337,-0.012244046000000001,0.165867478,16.0,0.053294543,5.0,-0.009211845,-1.0
7,3,3,8.35183144,-1.27910733,0.001110818,0.166002393,16.0,0.051993918,5.0,-0.007841581,-1.0
