,Unnamed: 0,Unnamed: 0.1,u,v,w,x,x bin,y,y bin,z,z bin
16,5,53305,9.77347851,-0.9339991809999999,-0.29548931100000003,0.160247326,16.0,0.072198764,7.0,-0.008370387,-1.0
14,3,3,9.85403061,-0.8254739640000001,-0.329613239,0.160501182,16.0,0.07816655900000001,7.0,-0.005314724,-1.0
