,Unnamed: 0,Unnamed: 0.1,u,v,w,x,x bin,y,y bin,z,z bin
8,2,2,9.95225334,-0.691419184,-0.221171677,0.161823809,16.0,0.087422401,8.0,-0.009205585,-1.0
9,3,3,9.92794228,-0.7011526229999999,-0.24000051600000002,0.164712936,16.0,0.085089728,8.0,-0.009140546,-1.0
6,0,0,9.95186615,-0.6661138529999999,-0.221029803,0.16286283699999998,16.0,0.08970824599999999,8.0,-0.008930496999999999,-1.0
10,4,4,9.88002205,-0.7506496309999999,-0.285762191,0.165476918,16.0,0.080815695,8.0,-0.007897106999999999,-1.0
7,1,1,9.94294262,-0.716391325,-0.278743207,0.16052377199999998,16.0,0.08613616199999999,8.0,-0.005353482,-1.0
