,Unnamed: 0,u,v,w,x,x bin,y,y bin,z,z bin
0,120458,10.022541,0.190000802,0.083036229,0.171192393,17.0,-0.120496064,-13.0,0.005818566,0.0
