,Unnamed: 0,u,v,w,x,x bin,y,y bin,z,z bin
3,3,5.17197943,-1.18102455,-1.15301859,0.173196271,17.0,-0.023398913,-3.0,0.000197174,0.0
1,1,5.20195103,-0.75366348,-0.983499169,0.177694619,17.0,-0.020377245,-3.0,0.001458557,0.0
6,6,5.51350212,-1.26951766,-1.56733894,0.173783645,17.0,-0.028393417999999997,-3.0,0.0019669929999999998,0.0
4,4,5.92315435,-0.615153551,-1.62387359,0.17622692899999998,17.0,-0.023438396,-3.0,0.005211873,0.0
5,5,6.06668854,-0.527793109,-1.79222167,0.17518009199999998,17.0,-0.024663627,-3.0,0.006053642,0.0
2,2,6.06484699,-0.40865624,-1.63999081,0.17686951199999998,17.0,-0.021883247,-3.0,0.006621579,0.0
7,65374,6.12222528,-0.372406781,-1.94036233,0.172241867,17.0,-0.028414678,-3.0,0.008312905,0.0
0,0,6.19559145,-0.20572686199999998,-1.70258164,0.17600445399999998,17.0,-0.02065881,-3.0,0.008370886999999999,0.0
