,Unnamed: 0,u,v,w,x,x bin,y,y bin,z,z bin
0,0,10.053445800000002,-0.342450768,-0.08403225199999999,0.17101994199999998,17.0,0.128581509,12.0,0.003234971,0.0
5,5,10.026520699999999,-0.34898877100000003,-0.101770036,0.17573241899999995,17.0,0.121467046,12.0,0.003261618,0.0
1,1,10.0502577,-0.34534245700000005,-0.08711862599999999,0.170869052,17.0,0.127357811,12.0,0.0033747140000000004,0.0
6,16428,10.025218,-0.35970872600000003,-0.108641483,0.17369684600000002,17.0,0.12035495,12.0,0.003698611,0.0
2,2,10.0252686,-0.323415905,-0.098207809,0.178938359,17.0,0.123156734,12.0,0.006282851,0.0
3,3,10.023750300000001,-0.33513847,-0.10610622199999999,0.176639348,17.0,0.121913329,12.0,0.006894956999999999,0.0
4,4,10.0202436,-0.33808940600000004,-0.110055506,0.176728904,17.0,0.120864511,12.0,0.0071338259999999985,0.0
