,Unnamed: 0,Unnamed: 0.1,u,v,w,x,x bin,y,y bin,z,z bin
16,12,12390,10.0946617,-0.297147632,-0.037528623,0.170042455,17.0,0.146439075,14.0,-0.00909425,-1.0
15,11,11,10.0857,-0.306850255,-0.038473573,0.17063719,17.0,0.143269584,14.0,-0.00898911,-1.0
14,10,10,10.090663000000001,-0.300652832,-0.040921493999999996,0.170729131,17.0,0.145151749,14.0,-0.008020177,-1.0
11,7,7,10.0841837,-0.310714722,-0.042468727000000005,0.170606166,17.0,0.142341271,14.0,-0.00779718,-1.0
13,9,9,10.09974,-0.289978087,-0.043262914000000006,0.170155495,17.0,0.148592323,14.0,-0.006368851,-1.0
12,8,8,10.0967493,-0.29632628,-0.045565873,0.170092165,17.0,0.146988437,14.0,-0.006166876999999999,-1.0
9,5,5,10.0796938,-0.297047496,-0.049655713,0.17630626300000002,17.0,0.142480254,14.0,-0.0053018990000000005,-1.0
