,Unnamed: 0,u,v,w,x,x bin,y,y bin,z,z bin
0,0,7.4776063,0.122419253,0.48301398799999995,0.186089262,18.0,-0.076050334,-8.0,0.0056251719999999995,0.0
1,92888,7.709548,0.148859844,0.485658288,0.184829682,18.0,-0.077443868,-8.0,0.006333600000000001,0.0
