,Unnamed: 0,u,v,w,x,x bin,y,y bin,z,z bin
4,4,5.59398794,-1.4485271,-1.39134169,0.180785209,18.0,-0.027762506,-3.0,9.17e-05,0.0
1,1,5.13451576,-0.679124177,-0.6289141770000001,0.188921139,18.0,-0.02034788,-3.0,0.000430806,0.0
3,3,5.96762753,-0.89017868,-1.32266855,0.18650302300000002,18.0,-0.024765031,-3.0,0.002688932,0.0
5,5,5.98677111,-0.885706544,-1.36719191,0.187404066,18.0,-0.026146027999999998,-3.0,0.002898066,0.0
7,7,5.947896,-0.968697667,-1.64496338,0.18007426,18.0,-0.027869400000000003,-3.0,0.003683912,0.0
2,2,5.94614935,-0.568257213,-1.29189765,0.18687571600000005,18.0,-0.02272114,-3.0,0.00420512,0.0
0,0,5.99245119,-0.33610063799999995,-1.30033565,0.185934409,18.0,-0.021113258,-3.0,0.005949125,0.0
8,65398,6.52671385,-0.337696284,-1.67363369,0.188145638,18.0,-0.028916013,-3.0,0.007879190999999999,0.0
6,6,6.5753994,-0.11479564,-1.84905553,0.181642771,18.0,-0.025827093,-3.0,0.009823188,0.0
