,Unnamed: 0,u,v,w,x,x bin,y,y bin,z,z bin
4,4,8.94165611,-0.619053364,-0.40451014,0.186713457,18.0,0.065613911,6.0,0.000290611,0.0
8,42340,8.27647018,-0.641610026,-0.344879955,0.185112879,18.0,0.060916454,6.0,0.000812283,0.0
5,5,8.90997505,-0.591100454,-0.411424965,0.187139243,18.0,0.065912813,6.0,0.0010228210000000001,0.0
7,7,8.71128464,-0.5656807420000001,-0.406904936,0.18713854300000002,18.0,0.065014325,6.0,0.001598539,0.0
6,6,8.26335812,-0.542478263,-0.392095864,0.185285896,18.0,0.062670536,6.0,0.002151342,0.0
3,3,8.48491478,-0.444100201,-0.41943201399999996,0.18896102899999997,18.0,0.06579612900000001,6.0,0.00419282,0.0
2,2,8.76693535,-0.413217336,-0.428186536,0.189461321,18.0,0.06837160099999999,6.0,0.005128025,0.0
0,0,8.87123489,-0.426934779,-0.411381185,0.183982834,18.0,0.06994072400000001,6.0,0.005778361,0.0
1,1,7.49636078,-0.39938452799999996,-0.37575590600000003,0.183958232,18.0,0.060370244,6.0,0.005941841999999999,0.0
