,Unnamed: 0,Unnamed: 0.1,u,v,w,x,x bin,y,y bin,z,z bin
17,8,51010,9.22637177,-0.828548133,-0.255328536,0.18485240600000002,18.0,0.063298002,6.0,-0.00668171,-1.0
