,Unnamed: 0,Unnamed: 0.1,u,v,w,x,x bin,y,y bin,z,z bin
6,0,0,9.96221161,-0.435638845,-0.185058281,0.188612908,18.0,0.099913247,9.0,-0.005434817,-1.0
7,1,32419,9.94548702,-0.513706625,-0.23718409199999999,0.18277888,18.0,0.09054886599999999,9.0,-0.005023980999999999,-1.0
