,Unnamed: 0,Unnamed: 0.1,u,v,w,x,x bin,y,y bin,z,z bin
3,0,0,8.43582344,-0.142870829,0.14139655199999998,0.195348963,19.0,-0.091074519,-10.0,-0.009678839,-1.0
4,1,107542,8.97630119,-0.043892283,0.18937559399999998,0.190882474,19.0,-0.095109731,-10.0,-0.0059018840000000005,-1.0
