,Unnamed: 0,Unnamed: 0.1,u,v,w,x,x bin,y,y bin,z,z bin
0,0,0,10.0557404,0.086719967,0.033363428,0.194625631,19.0,-0.145153999,-15.0,-0.009793927,-1.0
1,1,142209,10.059678100000001,0.08947099,0.032582343,0.194681495,19.0,-0.147416681,-15.0,-0.009348316,-1.0
