,Unnamed: 0,Unnamed: 0.1,u,v,w,x,x bin,y,y bin,z,z bin
3,0,63153,4.89857483,-2.23599219,-0.778199792,0.195201099,19.0,-0.043921247000000004,-5.0,-0.008700315,-1.0
