,Unnamed: 0,Unnamed: 0.1,u,v,w,x,x bin,y,y bin,z,z bin
2,2,22434,9.98391533,-0.357347727,-0.120398693,0.19351974100000002,19.0,0.110691771,11.0,-0.0076183419999999984,-1.0
1,1,1,10.0046949,-0.324717462,-0.100720756,0.196637034,19.0,0.117110692,11.0,-0.006559304,-1.0
