,Unnamed: 0,u,v,w,x,x bin,y,y bin,z,z bin
2,10220,10.0347528,-0.266020119,-0.081153102,0.192080259,19.0,0.132360324,13.0,0.008020828,0.0
0,0,10.043268199999998,-0.255889535,-0.073018447,0.192939043,19.0,0.136647746,13.0,0.008065183,0.0
1,1,10.039072,-0.259694904,-0.076932237,0.192852914,19.0,0.134603351,13.0,0.008095966,0.0
