,Unnamed: 0,Unnamed: 0.1,u,v,w,x,x bin,y,y bin,z,z bin
14,8,56122,7.04941797,-0.7039312120000001,0.918367863,0.198397398,19.0,0.030307252000000007,3.0,-0.009123357,-1.0
13,7,7,7.78159237,-0.944349408,0.480799705,0.199202061,19.0,0.039899562,3.0,-0.008377006,-1.0
10,4,4,7.09000921,-0.838387311,0.713866115,0.198652789,19.0,0.03615544,3.0,-0.005162555,-1.0
