,Unnamed: 0,Unnamed: 0.1,u,v,w,x,x bin,y,y bin,z,z bin
14,7,53306,9.78015423,-0.738631368,-0.268911064,0.19152513100000002,19.0,0.069515273,6.0,-0.009267461,-1.0
13,6,6,9.6537466,-0.7718870040000001,-0.259930134,0.1928294,19.0,0.06685584,6.0,-0.008275292,-1.0
12,5,5,9.4333353,-0.805050552,-0.241590798,0.19093899399999997,19.0,0.06431990900000001,6.0,-0.007846915999999999,-1.0
11,4,4,9.60545444,-0.675627112,-0.314884305,0.19746992,19.0,0.068601683,6.0,-0.006026601,-1.0
