,Unnamed: 0,u,v,w,x,x bin,y,y bin,z,z bin
0,0,10.949031800000002,0.045425534000000004,0.010926365,0.015951,1.0,-0.12383560099999999,-13.0,0.001646743,0.0
1,1,10.9470901,-0.020730943,0.008889111,0.013470866,1.0,-0.125519946,-13.0,0.002519967,0.0
3,125783,10.8552761,0.044556852,0.009726358,0.016714498,1.0,-0.129777759,-13.0,0.003816981,0.0
2,2,10.8485069,0.065858692,0.010201825,0.018409617,1.0,-0.129796982,-13.0,0.0060574240000000005,0.0
