,Unnamed: 0,u,v,w,x,x bin,y,y bin,z,z bin
1,32579,11.5308714,-0.761484802,-0.183996156,0.02463153,2.0,0.101903304,10.0,0.00257232,0.0
0,0,11.444965400000001,-0.508069992,-0.151340812,0.024415996000000002,2.0,0.10936209599999999,10.0,0.003702737,0.0
