,Unnamed: 0,u,v,w,x,x bin,y,y bin,z,z bin
1,1,10.9218254,-0.29974672199999997,-0.08037263900000001,0.028396115,2.0,0.129068092,12.0,0.0010631080000000001,0.0
3,3,10.9751015,-0.234979734,-0.069053888,0.023691773,2.0,0.128122181,12.0,0.001245056,0.0
0,0,10.9301186,-0.23058404,-0.070836872,0.024872359,2.0,0.129650325,12.0,0.004647533,0.0
4,19907,11.1558714,-0.3605528770000001,-0.12887083,0.02599141,2.0,0.121104464,12.0,0.006016139,0.0
2,2,11.0596867,-0.327166826,-0.121244073,0.026712064,2.0,0.124798231,12.0,0.009680093,0.0
