,Unnamed: 0,Unnamed: 0.1,u,v,w,x,x bin,y,y bin,z,z bin
13,5,5,10.987117800000002,-1.80401683,0.012561363,0.023882762,2.0,0.078704178,7.0,-0.007546196,-1.0
14,6,6,10.1383629,-1.84455574,0.027236028,0.023751993,2.0,0.07271134900000001,7.0,-0.007348906,-1.0
16,8,51955,10.0625935,-2.03809571,-0.002319315,0.026264116,2.0,0.073310822,7.0,-0.006719559,-1.0
15,7,7,10.6606541,-1.53666365,0.003021619,0.020533949,2.0,0.075127497,7.0,-0.006050936,-1.0
11,3,3,10.381542199999998,-1.99729359,-0.041481312,0.026253332,2.0,0.07557673,7.0,-0.005363211,-1.0
