,Unnamed: 0,Unnamed: 0.1,u,v,w,x,x bin,y,y bin,z,z bin
6,2,2,11.4499445,-1.09479558,-0.059187397,0.02840166,2.0,0.0962281,9.0,-0.009551391,-1.0
20,16,16,11.5950823,-1.07698619,-0.102456369,0.0209907,2.0,0.092194475,9.0,-0.008963017,-1.0
8,4,4,11.5049019,-1.09489489,-0.088803627,0.025658175,2.0,0.094714917,9.0,-0.008381173,-1.0
12,8,8,11.5550346,-1.08111358,-0.105106279,0.023361376,2.0,0.093627341,9.0,-0.007975386999999999,-1.0
10,6,6,11.5323725,-1.07883394,-0.107101068,0.02430575,2.0,0.094339259,9.0,-0.007327111,-1.0
16,12,12,11.4989357,-1.18956614,-0.115848765,0.025142768,2.0,0.092771135,9.0,-0.007320922,-1.0
21,17,55315,11.3142853,-1.43211675,-0.118888848,0.029060965,2.0,0.091063164,9.0,-0.00631192,-1.0
15,11,11,11.602047,-1.04337406,-0.140061051,0.02103946,2.0,0.093230464,9.0,-0.005762776999999999,-1.0
7,3,3,11.402277,-1.22223115,-0.123655468,0.029003362999999997,2.0,0.094827406,9.0,-0.005130956,-1.0
