,Unnamed: 0,Unnamed: 0.1,u,v,w,x,x bin,y,y bin,z,z bin
3,1,1,10.6486092,0.659297228,0.398727894,0.030228697,3.0,-0.096062042,-10.0,-0.008531264,-1.0
5,3,3,10.4128599,0.7348043320000001,0.43287918,0.03363806,3.0,-0.097629212,-10.0,-0.00776783,-1.0
6,4,107526,10.4889975,0.690136135,0.39261958,0.032461527999999996,3.0,-0.099235565,-10.0,-0.007118701,-1.0
