,Unnamed: 0,Unnamed: 0.1,u,v,w,x,x bin,y,y bin,z,z bin
3,0,0,10.8130341,0.430565089,0.107261837,0.031080205,3.0,-0.11188402,-12.0,-0.00567305,-1.0
