,Unnamed: 0,u,v,w,x,x bin,y,y bin,z,z bin
5,5,11.3742056,-0.865065098,-0.194471046,0.032939367000000004,3.0,0.102625139,10.0,0.00086305,0.0
1,1,11.260276800000002,-0.793859422,-0.201708272,0.036018222999999995,3.0,0.10568765599999999,10.0,0.0024974710000000002,0.0
4,4,11.4259043,-0.7944304940000001,-0.215849102,0.030489974,3.0,0.103307642,10.0,0.003465533,0.0
2,2,11.1849842,-0.8534058929999999,-0.251284093,0.038802836,3.0,0.105301708,10.0,0.004426144,0.0
0,0,11.2774572,-0.750345349,-0.245069578,0.034580179,3.0,0.106231786,10.0,0.007301671,0.0
6,34509,11.3954649,-0.90723151,-0.339442879,0.032204613,3.0,0.100278422,10.0,0.008515267,0.0
3,3,11.2546091,-0.8670320509999999,-0.300965667,0.035877358,3.0,0.10390459699999999,10.0,0.009361723,0.0
