,Unnamed: 0,u,v,w,x,x bin,y,y bin,z,z bin
0,0,10.6597061,0.349035949,0.03989194,0.043912947,4.0,-0.125989914,-13.0,0.000142808,0.0
1,1,10.6767416,0.31485194,0.038075168,0.041954383,4.0,-0.128261641,-13.0,0.0007541000000000001,0.0
2,127495,10.6682758,0.303291708,0.038292393,0.04206714,4.0,-0.12956462800000002,-13.0,0.001198023,0.0
