,Unnamed: 0,u,v,w,x,x bin,y,y bin,z,z bin
0,83685,5.055089,1.09555244,0.854514122,0.047701657,4.0,-0.069408886,-7.0,0.003796574,0.0
