,Unnamed: 0,Unnamed: 0.1,u,v,w,x,x bin,y,y bin,z,z bin
4,1,1,10.8755474,-0.836473823,-0.079966053,0.046838068,4.0,0.111188836,11.0,-0.008229453000000001,-1.0
