,Unnamed: 0,Unnamed: 0.1,u,v,w,x,x bin,y,y bin,z,z bin
14,4,4,8.08238506,-2.69489837,0.053159940999999995,0.043230698,4.0,0.07017417299999999,7.0,-0.008675897,-1.0
16,6,54000,9.49155903,-2.54998899,-0.026387948999999997,0.048183415,4.0,0.07686697,7.0,-0.008650349,-1.0
15,5,5,9.71137333,-2.48711181,-0.131846204,0.046205886,4.0,0.07871525,7.0,-0.006553791999999999,-1.0
11,1,1,8.74948502,-2.61108756,-0.148374766,0.041489951,4.0,0.073549241,7.0,-0.005216487,-1.0
