,Unnamed: 0,u,v,w,x,x bin,y,y bin,z,z bin
0,0,10.6661386,-0.7183834309999999,-0.178536892,0.057232532999999995,5.0,0.11805948599999999,11.0,0.009058591,0.0
1,21154,10.6829147,-0.741669476,-0.186126962,0.056420103,5.0,0.116142973,11.0,0.00943567,0.0
