,Unnamed: 0,Unnamed: 0.1,u,v,w,x,x bin,y,y bin,z,z bin
6,6,6,10.5940495,-0.436867535,-0.055080425,0.057291962,5.0,0.136220902,13.0,-0.006408575,-1.0
2,2,2,10.5818787,-0.406317234,-0.051182527,0.057445303,5.0,0.138795182,13.0,-0.005802339,-1.0
7,7,15495,10.598505000000001,-0.452446699,-0.059403721,0.057107470999999986,5.0,0.135013625,13.0,-0.0057601119999999995,-1.0
4,4,4,10.5884247,-0.427343458,-0.057944439,0.057375923,5.0,0.137175411,13.0,-0.005319838,-1.0
