,Unnamed: 0,Unnamed: 0.1,u,v,w,x,x bin,y,y bin,z,z bin
2,2,142207,10.4049835,0.19169676300000002,0.036072414,0.067875899,6.0,-0.14958654300000002,-15.0,-0.009777571,-1.0
1,1,1,10.4299402,0.180527359,0.038895723,0.063250482,6.0,-0.148977473,-15.0,-0.008934941,-1.0
0,0,0,10.4300661,0.180670649,0.038725033,0.063274935,6.0,-0.149258465,-15.0,-0.007214748000000002,-1.0
