,Unnamed: 0,Unnamed: 0.1,u,v,w,x,x bin,y,y bin,z,z bin
9,5,5,10.5151758,0.39033818200000003,0.050497985999999995,0.061029952,6.0,-0.122380584,-13.0,-0.009032541,-1.0
12,8,8,10.5064831,0.378889769,0.049886666,0.061455622,6.0,-0.12515236400000002,-13.0,-0.007330901,-1.0
4,0,0,10.522419,0.415489465,0.056189545,0.060404036,6.0,-0.120375477,-13.0,-0.007121651,-1.0
5,1,1,10.5029287,0.414373934,0.051038504000000005,0.06252154,6.0,-0.121081665,-13.0,-0.006217187,-1.0
8,4,4,10.4589787,0.409781903,0.048686832,0.06725192099999999,6.0,-0.121632867,-13.0,-0.005508734,-1.0
