,Unnamed: 0,Unnamed: 0.1,u,v,w,x,x bin,y,y bin,z,z bin
15,4,4,6.61335754,0.289865285,0.237181112,0.060906675,6.0,-0.07773208599999999,-8.0,-0.00807691,-1.0
18,7,95164,7.43962908,0.350474656,0.298370183,0.064197965,6.0,-0.079978965,-8.0,-0.007545858000000002,-1.0
16,5,5,6.67045879,0.298276037,0.285319716,0.062465292,6.0,-0.077725194,-8.0,-0.007078555,-1.0
13,2,2,5.24058485,0.098085806,0.295535743,0.06542743,6.0,-0.073711008,-8.0,-0.005971476,-1.0
11,0,0,4.15197229,-0.037435837,0.28760525600000003,0.066108421,6.0,-0.070716143,-8.0,-0.0054370040000000005,-1.0
