,Unnamed: 0,Unnamed: 0.1,u,v,w,x,x bin,y,y bin,z,z bin
0,0,49842,5.91435242,-2.61669922,-0.154913992,0.068679877,6.0,0.057465222,5.0,-0.0077148059999999985,-1.0
