,Unnamed: 0,Unnamed: 0.1,u,v,w,x,x bin,y,y bin,z,z bin
19,8,54001,9.02633667,-2.31142783,-0.238224983,0.076864056,7.0,0.069316812,6.0,-0.009084368,-1.0
17,6,6,8.50309944,-2.37271738,-0.284893006,0.076932862,7.0,0.065637283,6.0,-0.007563490999999999,-1.0
16,5,5,7.54807186,-2.45724463,-0.337947458,0.073684916,7.0,0.062350508,6.0,-0.006599961,-1.0
18,7,7,8.9817915,-2.21491885,-0.44811517,0.079092115,7.0,0.069860905,6.0,-0.005636839,-1.0
