,Unnamed: 0,Unnamed: 0.1,u,v,w,x,x bin,y,y bin,z,z bin
15,0,0,10.4305077,-1.48540366,-0.287613004,0.072022252,7.0,0.089544214,8.0,-0.00592159,-1.0
18,3,3,10.3784666,-1.54638994,-0.319965065,0.076542497,7.0,0.087537177,8.0,-0.005027576,-1.0
