,Unnamed: 0,Unnamed: 0.1,u,v,w,x,x bin,y,y bin,z,z bin
9,4,4,10.464985800000001,-1.35455167,-0.183319688,0.071709946,7.0,0.093272954,9.0,-0.008669993,-1.0
7,2,2,10.445837,-1.21426761,-0.155033484,0.075750552,7.0,0.09776738300000001,9.0,-0.007345051,-1.0
5,0,0,10.406329199999998,-1.20384765,-0.17974042899999998,0.079357788,7.0,0.098573126,9.0,-0.005889147,-1.0
11,6,42643,10.3989296,-1.43385708,-0.258874357,0.077167846,7.0,0.09035903199999999,9.0,-0.005711326,-1.0
6,1,1,10.4488659,-1.20790148,-0.18484734,0.075493991,7.0,0.097446822,9.0,-0.005507196,-1.0
