,Unnamed: 0,u,v,w,x,x bin,y,y bin,z,z bin
0,130715,10.3086748,0.292659402,0.051330138,0.08901526800000001,8.0,-0.134837404,-14.0,0.000909242,0.0
