,Unnamed: 0,Unnamed: 0.1,u,v,w,x,x bin,y,y bin,z,z bin
4,0,0,10.1970158,0.488072991,0.164815903,0.088781655,8.0,-0.102527604,-11.0,-0.005311558,-1.0
