,Unnamed: 0,Unnamed: 0.1,u,v,w,x,x bin,y,y bin,z,z bin
4,1,1,9.45216179,0.467708051,0.320791572,0.08083269,8.0,-0.090866454,-10.0,-0.008389853000000001,-1.0
8,5,5,9.98221779,0.537704825,0.28939247100000004,0.089456044,8.0,-0.095166877,-10.0,-0.006140454,-1.0
9,6,107527,10.090464599999999,0.576473594,0.286007464,0.084444016,8.0,-0.096036866,-10.0,-0.0053970630000000006,-1.0
