,Unnamed: 0,Unnamed: 0.1,u,v,w,x,x bin,y,y bin,z,z bin
27,12,133830,10.2595396,0.300205082,0.058359191,0.09723529199999999,9.0,-0.129859224,-13.0,-0.009967057,-1.0
20,5,5,10.2712803,0.339710236,0.054266587000000005,0.093400084,9.0,-0.124805458,-13.0,-0.009331148,-1.0
19,4,4,10.265481900000001,0.34505748700000005,0.053868125999999995,0.094341114,9.0,-0.12379108400000001,-13.0,-0.00925455,-1.0
16,1,1,10.279929199999998,0.363055229,0.0517947,0.090794981,9.0,-0.121916674,-13.0,-0.008931207,-1.0
24,9,9,10.2661543,0.33438763,0.054303310999999986,0.094586775,9.0,-0.126045525,-13.0,-0.00867912,-1.0
26,11,11,10.267889,0.321802855,0.055299334000000006,0.094716631,9.0,-0.128134608,-13.0,-0.008632222,-1.0
25,10,10,10.2738209,0.335617393,0.053344450999999994,0.09298974300000001,9.0,-0.12703999900000001,-13.0,-0.007796173000000002,-1.0
21,6,6,10.265381800000002,0.360511541,0.050603643,0.093676925,9.0,-0.12375038099999999,-13.0,-0.006792089,-1.0
15,0,0,10.2379093,0.369524419,0.050163411,0.09826824099999999,9.0,-0.12223208,-13.0,-0.0050608020000000005,-1.0
