,Unnamed: 0,u,v,w,x,x bin,y,y bin,z,z bin
5,5,10.2477837,0.310031652,0.050254500999999986,0.099966146,9.0,-0.131932795,-14.0,7.85e-05,0.0
6,6,10.2855787,0.308907837,0.049570523,0.092691571,9.0,-0.133264482,-14.0,0.001435395,0.0
2,2,10.289775800000001,0.338491559,0.046497762000000005,0.090455547,9.0,-0.13053704800000002,-14.0,0.001785127,0.0
3,3,10.293207199999998,0.32746595100000003,0.047269862,0.090366393,9.0,-0.131781116,-14.0,0.002186986,0.0
7,130695,10.2649183,0.29333844800000003,0.048269294,0.097549319,9.0,-0.135426834,-14.0,0.002281868,0.0
4,4,10.286898599999999,0.315296352,0.046933725999999995,0.09248846,9.0,-0.133074194,-14.0,0.004033315,0.0
1,1,10.2715454,0.33741253600000004,0.0439885,0.094565451,9.0,-0.130768821,-14.0,0.005049448,0.0
0,0,10.251308400000001,0.33483994,0.042855042999999995,0.098960146,9.0,-0.130655825,-14.0,0.006575936,0.0
