,Unnamed: 0,u,v,w,x,x bin,y,y bin,z,z bin
1,87945,6.16425323,0.716109753,0.684288383,0.098031789,9.0,-0.067996919,-7.0,0.00665619,0.0
0,0,6.33911991,0.968231857,0.731049895,0.090226054,9.0,-0.066972241,-7.0,0.008948013000000001,0.0
