,Unnamed: 0,u,v,w,x,x bin,y,y bin,z,z bin
4,22462,10.2431164,-0.77188158,-0.191376925,0.098060802,9.0,0.114168346,11.0,0.001448837,0.0
2,2,10.2513008,-0.74882406,-0.192967236,0.097632274,9.0,0.115845867,11.0,0.003307237,0.0
3,3,10.258918800000002,-0.76857692,-0.213010103,0.095452189,9.0,0.113694355,11.0,0.006315958000000001,0.0
1,1,10.2952194,-0.725556016,-0.20647773100000005,0.09181764699999999,9.0,0.11692651400000001,11.0,0.007912825,0.0
0,0,10.2423019,-0.6869505640000001,-0.193387449,0.099797212,9.0,0.117849007,11.0,0.008385562,0.0
