,Unnamed: 0,Unnamed: 0.1,u,v,w,x,x bin,y,y bin,z,z bin
28,9,9,10.284277900000001,-1.3176166999999999,-0.18609176600000002,0.090196975,9.0,0.09237439199999999,9.0,-0.0076433740000000005,-1.0
19,0,0,10.2540016,-1.09283769,-0.17062395800000002,0.093340181,9.0,0.09938366,9.0,-0.006621937,-1.0
21,2,2,10.2464609,-1.11311293,-0.185911,0.094267808,9.0,0.097916924,9.0,-0.005332568,-1.0
