,Unnamed: 0,u,v,w,x,x bin,y,y bin,z,z bin
1,85310,8.16915703,0.200671598,-1.30541122,-0.109735072,-11.0,0.006231741999999999,0.0,-0.051039215,-6.0
0,0,8.00202465,0.328788638,-1.76412165,-0.100633949,-11.0,0.00963419,0.0,-0.052546602000000005,-6.0
