,Unnamed: 0,u,v,w,x,x bin,y,y bin,z,z bin
3,69261,6.36683607,0.263996571,-0.900554359,-0.101787582,-11.0,0.004014194,0.0,-0.01982129,-2.0
2,2,6.5460043,0.253563672,-0.6074359420000001,-0.10592359300000001,-11.0,0.004206828,0.0,-0.015188439,-2.0
1,1,6.29637098,0.489648342,-0.752671003,-0.101230159,-11.0,0.00711733,0.0,-0.017478101,-2.0
0,0,6.60821438,0.428285211,-0.517787695,-0.10542692199999999,-11.0,0.008055063000000001,0.0,-0.013084918999999999,-2.0
