,Unnamed: 0,u,v,w,x,x bin,y,y bin,z,z bin
1,132923,9.87132549,0.093994975,-0.805933714,-0.107926629,-11.0,0.006300223000000001,0.0,-0.119234294,-12.0
0,0,9.87704659,0.10347635300000001,-0.787795305,-0.10787600300000001,-11.0,0.008319485,0.0,-0.11957453900000001,-12.0
