,Unnamed: 0,u,v,w,x,x bin,y,y bin,z,z bin
0,35085,9.66012764,0.011296317,0.949431777,-0.109864056,-11.0,0.002109574,0.0,0.108570546,10.0
