,Unnamed: 0,u,v,w,x,x bin,y,y bin,z,z bin
3,36176,9.47232819,0.029130014,1.1985209,-0.102609001,-11.0,0.00138886,0.0,0.09536738,9.0
2,2,9.45564365,0.041750025,1.17699838,-0.104385354,-11.0,0.002779638,0.0,0.09470232599999999,9.0
1,1,9.45441914,0.05853170200000001,1.15794456,-0.105331771,-11.0,0.004375277,0.0,0.094261169,9.0
0,0,9.52197456,0.097023383,1.18205142,-0.100755759,-11.0,0.0073225719999999985,0.0,0.095469087,9.0
