,Unnamed: 0,u,v,w,x,x bin,y,y bin,z,z bin
1,104055,9.14893055,0.063164078,-1.1037066,-0.11402975,-12.0,0.003994077,0.0,-0.07838532299999999,-8.0
0,0,8.99403667,0.18417474600000008,-1.3389523,-0.11024274699999999,-12.0,0.009769112,0.0,-0.072797097,-8.0
