,Unnamed: 0,u,v,w,x,x bin,y,y bin,z,z bin
0,0,9.30311394,0.00137965,-0.9677818420000001,-0.11999777,-12.0,0.000280677,0.0,-0.083424166,-9.0
2,2,9.34519386,-3.18e-05,-0.980177581,-0.118059129,-12.0,0.000958838,0.0,-0.085461564,-9.0
3,113260,9.34961414,0.076672226,-0.985982239,-0.117970817,-12.0,0.008093985,0.0,-0.08618544800000001,-9.0
1,1,9.28053856,0.109281629,-1.09623647,-0.114294156,-12.0,0.009369411,0.0,-0.08395063900000001,-9.0
