,Unnamed: 0,u,v,w,x,x bin,y,y bin,z,z bin
4,4,9.77875328,0.011335772,0.7357921,-0.118671715,-12.0,0.0030586009999999998,0.0,0.121483997,12.0
1,1,9.77361679,0.015495366000000003,0.740629077,-0.118711412,-12.0,0.00406942,0.0,0.120467171,12.0
5,43243,9.79254723,0.021382522,0.719907105,-0.118572056,-12.0,0.005138766,0.0,0.12303941,12.0
2,2,9.78736496,0.03019141,0.722818553,-0.118615463,-12.0,0.006847539000000001,0.0,0.12131591900000001,12.0
3,3,9.80172634,0.035060812000000004,0.7069579359999999,-0.118505105,-12.0,0.007716231,0.0,0.123200037,12.0
0,0,9.78401661,0.034739908,0.7247459890000001,-0.118672103,-12.0,0.007728997,0.0,0.120326124,12.0
