,Unnamed: 0,u,v,w,x,x bin,y,y bin,z,z bin
3,87569,8.23587036,0.120241329,-1.12065184,-0.112664133,-12.0,0.000404646,0.0,-0.049651377,-5.0
2,2,8.11795139,0.17880579800000002,-1.16701245,-0.110986575,-12.0,0.002679165,0.0,-0.047723237,-5.0
1,1,8.14702702,0.259105027,-1.06747675,-0.113511391,-12.0,0.006598045,0.0,-0.047055457,-5.0
0,0,8.23609447,0.28859147399999996,-0.968029678,-0.11831607699999999,-12.0,0.008985171,0.0,-0.04616024,-5.0
