,Unnamed: 0,u,v,w,x,x bin,y,y bin,z,z bin
7,7,8.93376923,0.03982592,1.18364406,-0.111363642,-12.0,0.000140005,0.0,0.07083735599999999,7.0
8,28503,9.08211422,0.063819237,1.18131959,-0.11026869,-12.0,0.001053657,0.0,0.07660810700000001,7.0
6,6,9.01592445,0.07798719400000001,1.06619525,-0.11683736,-12.0,0.0017854910000000004,0.0,0.07353214200000001,7.0
5,5,8.96763992,0.097011551,1.10089815,-0.11494302699999999,-12.0,0.0030381440000000004,0.0,0.071921445,7.0
4,4,8.97778893,0.13194872400000002,1.15767241,-0.110658862,-12.0,0.006304837,0.0,0.07283991599999999,7.0
2,2,8.94575691,0.15369406300000002,1.11165929,-0.112846956,-12.0,0.008018637,0.0,0.071501702,7.0
1,1,8.92532825,0.162079707,1.05545795,-0.11589522699999999,-12.0,0.008650705,0.0,0.070435107,7.0
3,3,9.14978981,0.134989351,0.961669505,-0.119463623,-12.0,0.008685827,0.0,0.078163654,7.0
0,0,8.99788666,0.158926085,1.08244526,-0.113638647,-12.0,0.009025282,0.0,0.07345973,7.0
