,Unnamed: 0,u,v,w,x,x bin,y,y bin,z,z bin
1,36876,9.94629574,0.017296266,0.633725345,-0.111575916,-12.0,0.002373446,0.0,0.138992444,13.0
0,0,9.94903088,0.027920992999999998,0.6332424879999999,-0.11154420699999999,-12.0,0.005077891,0.0,0.139499068,13.0
