,Unnamed: 0,u,v,w,x,x bin,y,y bin,z,z bin
0,0,9.35437393,0.030073307999999997,-0.922627568,-0.122266322,-13.0,0.00355562,0.0,-0.085393228,-9.0
1,115347,9.44690037,0.082428753,-0.905243874,-0.121625856,-13.0,0.009876748,0.0,-0.089689381,-9.0
