,Unnamed: 0,u,v,w,x,x bin,y,y bin,z,z bin
1,119393,9.53662777,0.02955319,-0.684139431,-0.13661854,-14.0,0.003433129,0.0,-0.094456233,-10.0
0,0,9.52942657,0.06517832,-0.698883533,-0.136422306,-14.0,0.00799482,0.0,-0.09278073199999999,-10.0
