,Unnamed: 0,u,v,w,x,x bin,y,y bin,z,z bin
7,28487,9.09819126,0.015155282,0.757847369,-0.13320870699999998,-14.0,4.9e-05,0.0,0.068471395,6.0
5,5,8.99257183,0.012236606,0.764548302,-0.132670075,-14.0,0.00036933,0.0,0.063042782,6.0
6,6,9.11607456,0.024710871000000002,0.688143253,-0.136837706,-14.0,0.0018501070000000001,0.0,0.065700442,6.0
4,4,8.98268986,0.028172221,0.729100585,-0.13456633699999998,-14.0,0.002158334,0.0,0.060390044000000004,6.0
3,3,9.00440979,0.069010645,0.7889541390000001,-0.131878674,-14.0,0.003743001,0.0,0.063942343,6.0
2,2,8.99716473,0.086162269,0.765456021,-0.13318370300000001,-14.0,0.005383956999999999,0.0,0.062028445,6.0
1,1,8.983557699999997,0.102616563,0.75066328,-0.134032264,-14.0,0.006858966,0.0,0.060224135,6.0
0,0,9.16478157,0.10410294699999999,0.731251001,-0.134388104,-14.0,0.007710899,0.0,0.06929925099999999,6.0
