,Unnamed: 0,u,v,w,x,x bin,y,y bin,z,z bin
0,37181,9.64305019,0.022472344,0.633719563,-0.136068344,-14.0,0.002696569,0.0,0.110010684,11.0
