,Unnamed: 0,u,v,w,x,x bin,y,y bin,z,z bin
1,37232,9.63439178,0.011983838,0.5037919279999999,-0.150502726,-16.0,0.000791668,0.0,0.103183158,10.0
0,0,9.62195206,0.011303435,0.500033438,-0.151561081,-16.0,0.00120537,0.0,0.100725219,10.0
