,Unnamed: 0,u,v,w,x,x bin,y,y bin,z,z bin
5,39303,9.60162258,0.005488289,0.512897849,-0.151023567,-16.0,0.000343802,0.0,0.098871358,9.0
4,4,9.53903198,0.00263535,0.5355402229999999,-0.151522815,-16.0,0.001313664,0.0,0.090978719,9.0
3,3,9.53787804,0.008421473,0.534897566,-0.151717409,-16.0,0.002656481,0.0,0.09051317,9.0
2,2,9.53675175,0.015191386000000001,0.536285758,-0.15168158699999998,-16.0,0.004189526,0.0,0.09020935,9.0
1,1,9.53960896,0.028536201,0.545265496,-0.150616169,-16.0,0.006963161999999999,0.0,0.091032177,9.0
0,0,9.54574013,0.042155139,0.545630991,-0.150401145,-16.0,0.009822266999999999,0.0,0.091552839,9.0
