,Unnamed: 0,u,v,w,x,x bin,y,y bin,z,z bin
6,6,8.94974232,0.026597491,-0.162730351,-0.157874882,-16.0,0.000237974,0.0,-0.015035383000000001,-2.0
4,4,8.92058277,0.036687844,-0.128355935,-0.15669287699999998,-16.0,0.001065601,0.0,-0.01143164,-2.0
7,71204,8.85006142,0.049887594,-0.244639903,-0.152206555,-16.0,0.001559031,0.0,-0.019945568,-2.0
1,1,8.9115057,0.097267851,-0.121471927,-0.15498746900000002,-16.0,0.004850344,0.0,-0.010357024,-2.0
5,5,8.932063099999997,0.11445491,-0.226642057,-0.153818876,-16.0,0.005524076,0.0,-0.019351268,-2.0
3,3,8.80070496,0.13061358,-0.20311825,-0.15045473,-16.0,0.006575323,0.0,-0.016037999,-2.0
2,2,8.95660496,0.14146651300000002,-0.186278045,-0.155515984,-16.0,0.008020801999999999,0.0,-0.016682033,-2.0
0,0,9.05803204,0.11659550699999999,-0.16943523300000002,-0.159765884,-16.0,0.009865855,0.0,-0.016196005,-2.0
