,Unnamed: 0,u,v,w,x,x bin,y,y bin,z,z bin
3,3,9.16990757,0.038779955,0.257739842,-0.167540878,-17.0,0.002239375,0.0,0.037729938,3.0
4,35825,9.15855885,0.047105253,0.288003564,-0.165082246,-17.0,0.002617775,0.0,0.039554179,3.0
2,2,9.18094826,0.041789133,0.243081227,-0.168714657,-17.0,0.0035104740000000004,0.0,0.036602359,3.0
1,1,9.20567894,0.05851249,0.265445441,-0.168340579,-17.0,0.005450956,0.0,0.03879429,3.0
0,0,9.25080204,0.07739982,0.26932627,-0.169824928,-17.0,0.008668034,0.0,0.039855354,3.0
