,Unnamed: 0,u,v,w,x,x bin,y,y bin,z,z bin
3,30179,9.48333931,0.016752658,0.402664185,-0.164486945,-17.0,0.001375969,0.0,0.076269016,7.0
2,2,9.45954895,0.029928343,0.424915105,-0.162001699,-17.0,0.0032960479999999998,0.0,0.07565899200000001,7.0
1,1,9.50378799,0.028149972,0.364621222,-0.16823223199999998,-17.0,0.004348427,0.0,0.07314432400000001,7.0
0,0,9.47955036,0.04294788099999999,0.37698489399999996,-0.16644352699999998,-17.0,0.006140016,0.0,0.072489567,7.0
