,Unnamed: 0,u,v,w,x,x bin,y,y bin,z,z bin
6,69271,9.18229866,0.023496272,-0.133071005,-0.17077446,-18.0,0.000202357,0.0,-0.014824491,-2.0
5,5,9.18436623,0.031215284,-0.13113434599999998,-0.170825586,-18.0,0.0017463670000000002,0.0,-0.014658039,-2.0
3,3,9.29442978,0.0419476,-0.130150497,-0.179108143,-18.0,0.0053296540000000005,0.0,-0.018863425,-2.0
4,4,9.19624329,0.050613284,-0.157082736,-0.170564264,-18.0,0.005372436,0.0,-0.018996183,-2.0
2,2,9.26744556,0.057246633,-0.14624577800000002,-0.175926387,-18.0,0.007231207,0.0,-0.019925259,-2.0
1,1,9.22645569,0.063688353,-0.132416919,-0.173228472,-18.0,0.007819056999999999,0.0,-0.016371043000000002,-2.0
0,0,9.25741673,0.073892042,-0.122862279,-0.17550396899999998,-18.0,0.009701008,0.0,-0.015944574,-2.0
