,Unnamed: 0,u,v,w,x,x bin,y,y bin,z,z bin
8,77159,9.44107056,0.018343944,-0.154534325,-0.186776415,-19.0,7.509999999999998e-05,0.0,-0.027908362000000003,-3.0
7,7,9.39260769,0.021597268,-0.148434415,-0.184072614,-19.0,0.000695494,0.0,-0.025226235,-3.0
6,6,9.40183067,0.028486161,-0.151788965,-0.184517995,-19.0,0.002439794,0.0,-0.026048346,-3.0
5,5,9.35319138,0.032200106,-0.145610571,-0.18181227100000005,-19.0,0.003173098,0.0,-0.023346817000000002,-3.0
4,4,9.42002296,0.046013113,-0.140318289,-0.186597809,-19.0,0.006788278000000001,0.0,-0.024931498,-3.0
2,2,9.39776611,0.050112065,-0.129734233,-0.185881674,-19.0,0.007688632,0.0,-0.022519086,-3.0
3,3,9.434021000000001,0.054685625999999994,-0.143395305,-0.18727999899999997,-19.0,0.008632565,0.0,-0.025812457999999996,-3.0
1,1,9.42056179,0.059647575,-0.128382295,-0.18733577399999998,-19.0,0.009461853000000001,0.0,-0.022991581,-3.0
0,0,9.39248657,0.061739791,-0.118894018,-0.186090738,-19.0,0.009638195,0.0,-0.020498589,-3.0
