,Unnamed: 0,u,v,w,x,x bin,y,y bin,z,z bin
2,85346,9.54857445,0.027567107,-0.195605054,-0.197721615,-20.0,0.0027259690000000004,0.0,-0.044278285999999986,-5.0
1,1,9.52369308,0.038945422,-0.21575515,-0.193182141,-20.0,0.008131112,0.0,-0.045027804000000005,-5.0
0,0,9.51313496,0.043011077,-0.215106741,-0.191838682,-20.0,0.009619347,0.0,-0.043886188,-5.0
