,Unnamed: 0,u,v,w,x,x bin,y,y bin,z,z bin
2,75161,9.48814774,0.02428166,-0.116545342,-0.19370012,-20.0,0.0006720910000000001,0.0,-0.025091084,-3.0
1,1,9.47018528,0.031327091,-0.11574356300000001,-0.191428632,-20.0,0.003140638,0.0,-0.023213241000000003,-3.0
0,0,9.47951889,0.051304251,-0.136997551,-0.192357451,-20.0,0.008450491,0.0,-0.028187178,-3.0
