,Unnamed: 0,u,v,w,x,x bin,y,y bin,z,z bin
2,2,9.47199726,0.045825999000000006,-0.001058473,-0.197014123,-20.0,0.0055147040000000005,0.0,-0.000992102,-1.0
4,60797,9.49116802,0.045646362,-0.017692011,-0.19999142,-20.0,0.00616797,0.0,-0.0040686970000000005,-1.0
1,1,9.49482822,0.055346797999999996,-0.0058032330000000005,-0.19972631300000002,-20.0,0.008188385,0.0,-0.0017124520000000002,-1.0
3,3,9.48033428,0.053674083,-0.039291792,-0.197851405,-20.0,0.008366114000000001,0.0,-0.008833007,-1.0
0,0,9.4886961,0.057614427,0.003213705,-0.198583335,-20.0,0.00840329,0.0,-3.22e-06,-1.0
