,Unnamed: 0,u,v,w,x,x bin,y,y bin,z,z bin
4,28486,9.59376621,-0.024422152000000003,0.25712508,-0.19273138,-20.0,7.42e-05,0.0,0.065122135,6.0
2,2,9.59122562,-0.013581799999999998,0.241617769,-0.194377005,-20.0,0.00181138,0.0,0.062737614,6.0
3,3,9.58603001,-0.013601921999999999,0.25842675600000004,-0.19116278,-20.0,0.002249385,0.0,0.064584658,6.0
1,1,9.56849289,-0.004958625,0.24915531300000002,-0.19056426,-20.0,0.002973818,0.0,0.06178312,6.0
0,0,9.56894779,-0.002931052,0.240164429,-0.192053154,-20.0,0.00352661,0.0,0.060470171,6.0
