,Unnamed: 0,u,v,w,x,x bin,y,y bin,z,z bin
2,2,12.0245953,0.227868021,2.04462767,-0.015689172,-2.0,0.003002547,0.0,0.078945026,7.0
0,0,11.9977264,0.27595675,2.28503323,-0.018270545,-2.0,0.003824512,0.0,0.079432316,7.0
4,37765,12.0565548,0.352051914,2.31231308,-0.016375126,-2.0,0.006248716,0.0,0.074174322,7.0
1,1,12.0825195,0.347191304,2.0207994,-0.013698741,-2.0,0.007963609,0.0,0.075621173,7.0
3,3,12.056811300000001,0.423163146,2.44922495,-0.017335087,-2.0,0.008237646999999999,0.0,0.073480532,7.0
