,Unnamed: 0,u,v,w,x,x bin,y,y bin,z,z bin
3,3,11.7978945,0.145814121,-2.67890358,-0.026381966,-3.0,0.001434415,0.0,-0.083991952,-9.0
6,6,12.0260696,0.072979637,-2.17103839,-0.022247534,-3.0,0.001916865,0.0,-0.087827765,-9.0
1,1,11.8383999,0.235051692,-2.6952641,-0.024813529,-3.0,0.003785882,0.0,-0.082419045,-9.0
7,99165,11.935689,0.153559834,-2.15170336,-0.024425568,-3.0,0.003898753,0.0,-0.089611106,-9.0
0,0,12.0560827,0.358599335,-2.39643645,-0.021188431,-3.0,0.006244425,0.0,-0.08250384,-9.0
5,5,12.0568552,0.248549074,-2.11409783,-0.021534627,-3.0,0.006387571999999999,0.0,-0.087837376,-9.0
2,2,11.755006800000002,0.35060906399999997,-2.73790932,-0.026991122000000003,-3.0,0.0064432859999999995,0.0,-0.083622962,-9.0
4,4,11.8790379,0.400022,-2.34392548,-0.025310597999999997,-3.0,0.009994178000000001,0.0,-0.08765406199999999,-9.0
