,Unnamed: 0,u,v,w,x,x bin,y,y bin,z,z bin
6,37235,11.146759,0.064202786,0.952219903,-0.023523577,-3.0,0.0008918110000000002,0.0,0.116117202,11.0
5,5,11.2123203,0.079407163,0.93874681,-0.021764218999999998,-3.0,0.0014858389999999999,0.0,0.114162311,11.0
4,4,11.1315536,0.066855677,0.79184252,-0.021007977,-3.0,0.002269079,0.0,0.118063211,11.0
3,3,11.133441900000001,0.090978868,1.01063299,-0.024644431,-3.0,0.002568096,0.0,0.11577557,11.0
2,2,11.117135,0.100431338,0.928568602,-0.023402907,-3.0,0.003999765,0.0,0.116993174,11.0
1,1,11.042626400000001,0.15268111199999998,1.04752469,-0.027271494,-3.0,0.0066694219999999995,0.0,0.114889085,11.0
0,0,10.980016699999998,0.15834219800000002,1.01970434,-0.028398592,-3.0,0.008614085,0.0,0.115980454,11.0
