,Unnamed: 0,u,v,w,x,x bin,y,y bin,z,z bin
5,134519,10.72229,0.072224833,-0.957757831,-0.037082806,-4.0,0.000192637,0.0,-0.127567559,-13.0
1,1,10.8292656,0.15003553,-1.15858305,-0.035295129,-4.0,0.004920367,0.0,-0.120841309,-13.0
3,3,10.8037882,0.152775794,-1.1239121,-0.035548385,-4.0,0.006133267,0.0,-0.122767016,-13.0
4,4,10.8838367,0.157710135,-0.898747683,-0.031440396,-4.0,0.007124753,0.0,-0.12654607,-13.0
2,2,10.792969699999999,0.17498534899999998,-1.12097502,-0.036291711000000004,-4.0,0.008733427,0.0,-0.123352565,-13.0
0,0,10.7523184,0.17522116,-1.25735521,-0.039497927,-4.0,0.008825058,0.0,-0.12016428300000001,-13.0
