,Unnamed: 0,u,v,w,x,x bin,y,y bin,z,z bin
0,137205,10.6843433,0.065373942,-0.794732332,-0.03756436,-4.0,0.000951679,0.0,-0.131876692,-14.0
