,Unnamed: 0,u,v,w,x,x bin,y,y bin,z,z bin
5,5,10.8366356,0.191587389,2.87410522,-0.037451267,-4.0,0.0027771640000000004,0.0,0.08378578,8.0
7,28370,10.9737244,0.182556286,2.94997048,-0.034155257,-4.0,0.00297615,0.0,0.081202589,8.0
6,6,10.7628298,0.25791317199999997,2.76634741,-0.039011739,-4.0,0.004184796,0.0,0.086325109,8.0
1,1,10.7421541,0.325912952,2.91947126,-0.039151609,-4.0,0.007255754,0.0,0.08431869,8.0
4,4,11.259399400000001,0.326685727,2.68291306,-0.030335326,-4.0,0.007375208,0.0,0.082690939,8.0
2,2,10.9938536,0.310082436,2.51461053,-0.033719696,-4.0,0.008651912,0.0,0.088109344,8.0
3,3,10.950983,0.355419397,2.89964199,-0.035360418,-4.0,0.008850515,0.0,0.08265391700000001,8.0
0,0,10.8107691,0.345392734,2.73571897,-0.037308801,-4.0,0.009298433,0.0,0.08645539,8.0
