,Unnamed: 0,u,v,w,x,x bin,y,y bin,z,z bin
0,45325,10.6226463,0.066093788,0.81800884,-0.040935248,-5.0,0.003434857,0.0,0.131136969,13.0
