,Unnamed: 0,u,v,w,x,x bin,y,y bin,z,z bin
4,4,9.93832397,0.039479122,3.72587895,-0.047097959,-5.0,0.002518022,0.0,0.07421977099999999,7.0
6,35855,10.3225584,0.030300742,3.78567958,-0.040586941,-5.0,0.002712741,0.0,0.07231327900000001,7.0
1,1,10.024197599999999,0.07728377,3.62718177,-0.047204532,-5.0,0.0033831509999999996,0.0,0.075737797,7.0
5,5,9.59848022,0.144020274,3.89041328,-0.048046134000000004,-5.0,0.003734475,0.0,0.071778633,7.0
3,3,10.3646288,0.174613133,3.57431674,-0.042590663,-5.0,0.005570360999999999,0.0,0.07593649599999999,7.0
0,0,10.1196556,0.260532945,3.46975684,-0.047599144,-5.0,0.006906737,0.0,0.077703439,7.0
2,2,9.81505871,0.342296362,3.82850838,-0.044746418,-5.0,0.007866384,0.0,0.072324686,7.0
