,Unnamed: 0,u,v,w,x,x bin,y,y bin,z,z bin
4,37250,10.4598465,0.019601226,1.16430211,-0.051633481,-6.0,4.23e-05,0.0,0.1177762,11.0
3,3,10.260081300000001,0.015054237,1.41336179,-0.058255419,-6.0,0.0013343970000000002,0.0,0.110071987,11.0
2,2,10.306665400000002,0.022719795,1.14411306,-0.059782274,-6.0,0.002755746,0.0,0.119692676,11.0
1,1,10.4284725,0.083374836,1.17238307,-0.053224303,-6.0,0.007545935,0.0,0.117884338,11.0
0,0,10.3159103,0.12591429099999998,1.24049067,-0.057747632,-6.0,0.009931272,0.0,0.115178034,11.0
