,Unnamed: 0,u,v,w,x,x bin,y,y bin,z,z bin
4,32070,10.151166900000002,0.08175516099999999,2.09201622,-0.054310553,-6.0,0.001542785,0.0,0.094640344,9.0
2,2,9.89928532,0.03956762,2.39765787,-0.057863288,-6.0,0.001964698,0.0,0.090714715,9.0
0,0,10.25144,0.173977703,2.33223486,-0.051704269,-6.0,0.004334203,0.0,0.091593921,9.0
3,3,10.275300999999999,0.180083722,2.0771873,-0.05285218,-6.0,0.0043912809999999995,0.0,0.094549,9.0
1,1,10.2212343,0.20563083899999998,2.24732208,-0.053481832,-6.0,0.005834573000000001,0.0,0.092300706,9.0
