,Unnamed: 0,u,v,w,x,x bin,y,y bin,z,z bin
0,0,10.5470295,0.119311184,-1.53247488,-0.05256699,-6.0,0.00220334,0.0,-0.112307824,-12.0
2,126521,10.434532199999998,0.133080602,-1.47281957,-0.058177441,-6.0,0.003938835,0.0,-0.112910621,-12.0
1,1,10.518265699999999,0.137793079,-1.48196483,-0.05427238400000002,-6.0,0.006123214,0.0,-0.11432200699999999,-12.0
