,Unnamed: 0,u,v,w,x,x bin,y,y bin,z,z bin
3,3,10.234094599999999,0.10099018400000001,-1.83643293,-0.060827337,-7.0,0.000486657,0.0,-0.10052497699999999,-11.0
8,121299,10.3235798,0.119854048,-1.64468646,-0.061069049000000014,-7.0,0.000672031,0.0,-0.106200919,-11.0
2,2,10.2520237,0.13123890800000002,-1.80725157,-0.061112341,-7.0,0.002486136,0.0,-0.101142816,-11.0
6,6,10.0958109,0.146147728,-1.6579423,-0.06781210000000001,-7.0,0.004119166,0.0,-0.103236996,-11.0
1,1,10.2935934,0.165071324,-1.78696215,-0.060646042000000004,-7.0,0.004621439000000001,0.0,-0.10173599400000001,-11.0
7,7,10.178764300000001,0.175892651,-1.63601148,-0.066119745,-7.0,0.005680964,0.0,-0.104341559,-11.0
5,5,10.2959023,0.19268108899999997,-1.74529457,-0.061512113,-7.0,0.006490378000000001,0.0,-0.10254387599999999,-11.0
0,0,10.305682199999998,0.19986461100000005,-1.82104468,-0.06031537400000001,-7.0,0.007191761999999998,0.0,-0.100610539,-11.0
4,4,10.3026018,0.225866824,-1.74911511,-0.061719425,-7.0,0.008882345,0.0,-0.102162153,-11.0
