,Unnamed: 0,u,v,w,x,x bin,y,y bin,z,z bin
1,67341,4.13282585,0.05676847700000001,-1.75607526,-0.078013152,-8.0,0.000872609,0.0,-0.019135296,-2.0
0,0,3.99372435,0.790937543,-1.58679008,-0.075809047,-8.0,0.007032244,0.0,-0.016255632,-2.0
