,Unnamed: 0,u,v,w,x,x bin,y,y bin,z,z bin
7,28490,9.03866005,0.030018218,2.11790109,-0.08241849400000001,-9.0,0.000235129,0.0,0.07633902099999999,7.0
4,4,8.70365906,0.023775522,2.20831728,-0.084878415,-9.0,0.000537928,0.0,0.070870757,7.0
5,5,8.84083462,0.082701318,2.03485608,-0.086516917,-9.0,0.002244901,0.0,0.073069818,7.0
6,6,8.88481331,0.048392471,2.36540723,-0.080621176,-9.0,0.0022883929999999997,0.0,0.074535698,7.0
3,3,8.77427292,0.093543135,2.38478804,-0.081608981,-9.0,0.004306428,0.0,0.072606005,7.0
2,2,8.66549397,0.13939935,2.36414027,-0.083148584,-9.0,0.006153606999999999,0.0,0.070560366,7.0
1,1,9.00463963,0.197640434,1.88660288,-0.08865390699999999,-9.0,0.006704293,0.0,0.076599211,7.0
0,0,9.14480495,0.239352658,1.77502012,-0.089790568,-9.0,0.008408189,0.0,0.078815438,7.0
