,Unnamed: 0,u,v,w,x,x bin,y,y bin,z,z bin
3,71208,5.35732651,0.242061198,-1.93528092,-0.08735299099999999,-9.0,0.002724441,0.0,-0.027520658,-3.0
2,2,4.59321833,0.257760167,-2.01373482,-0.080619022,-9.0,0.003737275,0.0,-0.024015357999999997,-3.0
1,1,4.7621665,0.42805177,-2.14833641,-0.080754772,-9.0,0.005499385,0.0,-0.025792681,-3.0
0,0,4.67321491,0.906049013,-1.80226457,-0.080979168,-9.0,0.009830428,0.0,-0.022452725,-3.0
