,Unnamed: 0,u,v,w,x,x bin,y,y bin,z,z bin
1,1,9.972228999999999,0.181170836,1.62223554,0.101965308,10.0,0.004382868,0.0,-0.084526435,-9.0
2,106480,9.99751282,0.19001475,1.49465275,0.106233381,10.0,0.004397145999999999,0.0,-0.086495265,-9.0
0,0,10.0161171,0.08209452,1.52814651,0.101690128,10.0,0.009545862,0.0,-0.08716647300000001,-9.0
