,Unnamed: 0,u,v,w,x,x bin,y,y bin,z,z bin
6,41699,5.13184452,-0.037476696,-0.8002043959999999,0.104386948,10.0,0.000615739,0.0,0.060080055,6.0
4,4,5.49118948,-0.040415689,-0.8826400040000001,0.103562891,10.0,0.001573449,0.0,0.061029986,6.0
5,5,5.30801535,-0.031446512999999995,-0.884117603,0.10054685199999999,10.0,0.0033922709999999997,0.0,0.060757153,6.0
1,1,7.966466900000001,0.007758536,-1.28600299,0.100247234,10.0,0.004141702,0.0,0.068907648,6.0
2,2,8.27993774,0.030524533,-1.30462158,0.103104338,10.0,0.00471233,0.0,0.069403276,6.0
3,3,6.24610233,0.012358808999999998,-1.08729076,0.10461673099999999,10.0,0.008275997,0.0,0.061298501,6.0
0,0,8.03153133,0.01461022,-1.25769448,0.108576626,10.0,0.008877623000000001,0.0,0.067480207,6.0
