,Unnamed: 0,u,v,w,x,x bin,y,y bin,z,z bin
0,79170,6.45881939,-0.4620957670000001,2.68181515,0.109455541,10.0,0.007904785,0.0,-0.042243753,-5.0
