,Unnamed: 0,u,v,w,x,x bin,y,y bin,z,z bin
4,4,8.95361519,0.279317647,2.0151422,0.119241923,11.0,0.001082174,0.0,-0.06287783400000001,-7.0
5,5,9.08686447,0.27540803,1.97910714,0.11765986699999999,11.0,0.001298225,0.0,-0.064601705,-7.0
6,94485,9.43808365,0.17682415199999998,1.80288172,0.117022514,11.0,0.00462486,0.0,-0.06937021,-7.0
3,3,9.27683735,0.149880126,1.90998542,0.11580806199999999,11.0,0.004846563,0.0,-0.066576108,-7.0
2,2,9.18218613,0.046243679,2.0131669,0.111218095,11.0,0.006674441999999999,0.0,-0.065683968,-7.0
1,1,8.92225456,-0.0096213,2.06189585,0.114269644,11.0,0.008214358,0.0,-0.062265169,-7.0
0,0,8.85652733,-0.093538642,2.11139178,0.112196848,11.0,0.009903354,0.0,-0.061534666,-7.0
