,Unnamed: 0,u,v,w,x,x bin,y,y bin,z,z bin
2,85408,7.81600285,0.08443508300000001,2.35509539,0.114983134,11.0,0.004003723,0.0,-0.052373063,-6.0
1,1,8.15458679,-0.083215058,2.33683896,0.113846935,11.0,0.0071676959999999994,0.0,-0.053552441,-6.0
0,0,8.1713171,-0.168246552,2.33166218,0.113954365,11.0,0.008719577,0.0,-0.053104356,-6.0
