,Unnamed: 0,u,v,w,x,x bin,y,y bin,z,z bin
0,35109,10.0434961,0.015585908,-0.727172852,0.12358918,12.0,0.004421685,0.0,0.104172602,10.0
