,Unnamed: 0,u,v,w,x,x bin,y,y bin,z,z bin
2,34766,10.151969,0.019020665,-0.390265882,0.128379136,12.0,0.001735068,0.0,0.14259097,14.0
1,1,10.169437400000001,0.021366457000000002,-0.341589391,0.128502011,12.0,0.0017852089999999996,0.0,0.148977652,14.0
0,0,10.1684361,0.01867974,-0.344606638,0.128478721,12.0,0.00237669,0.0,0.147965029,14.0
