,Unnamed: 0,u,v,w,x,x bin,y,y bin,z,z bin
0,32824,10.1182995,0.026857242000000003,-0.346575499,0.139751539,13.0,0.002213128,0.0,0.144067898,14.0
