,Unnamed: 0,u,v,w,x,x bin,y,y bin,z,z bin
2,119431,9.98874283,0.224604011,0.989138365,0.13385334599999998,13.0,0.000687628,0.0,-0.09672372,-10.0
1,1,10.001522099999999,0.193982288,0.979364395,0.13338264800000002,13.0,0.002774467,0.0,-0.096865572,-10.0
0,0,9.99437141,0.097178802,0.949370027,0.138776556,13.0,0.009399625,0.0,-0.094416991,-10.0
