,Unnamed: 0,u,v,w,x,x bin,y,y bin,z,z bin
0,35090,10.016325,0.027055325,-0.552277327,0.14010404099999998,14.0,0.002752648,0.0,0.112556741,11.0
