,Unnamed: 0,u,v,w,x,x bin,y,y bin,z,z bin
6,38250,9.96020603,0.057608046,-0.6577897070000001,0.141929239,14.0,0.000535516,0.0,0.098790765,9.0
5,5,9.95388222,0.049963772000000004,-0.645602882,0.146626309,14.0,0.001450897,0.0,0.09584777800000001,9.0
2,2,9.89117432,0.06130505,-0.740381539,0.142222017,14.0,0.0027476040000000003,0.0,0.090520367,9.0
4,4,9.93246365,0.045907997,-0.7067637440000001,0.140164822,14.0,0.003416951,0.0,0.095343769,9.0
1,1,9.90517426,0.038642522,-0.729326487,0.142747566,14.0,0.005412951,0.0,0.09099669,9.0
0,0,9.89094257,0.038744111,-0.756868839,0.140496075,14.0,0.005562779,0.0,0.090448014,9.0
3,3,9.96709251,0.019648996999999998,-0.64200592,0.14460563699999998,14.0,0.005990781999999999,0.0,0.09830831699999999,9.0
