,Unnamed: 0,u,v,w,x,x bin,y,y bin,z,z bin
2,79173,6.61025763,-0.710161209,1.64641631,0.155794635,15.0,0.003669217,0.0,-0.02631921,-3.0
1,1,6.52304602,-0.750542045,1.51726413,0.154714629,15.0,0.006461674000000001,0.0,-0.02210751,-3.0
0,0,6.87936258,-0.605911493,1.63848531,0.159728706,15.0,0.00893097,0.0,-0.023321977,-3.0
