,Unnamed: 0,u,v,w,x,x bin,y,y bin,z,z bin
4,4,9.93984127,0.053358812,-0.615189612,0.155376375,15.0,0.000619881,0.0,0.091315404,9.0
5,36151,9.94913387,0.045885317,-0.609171152,0.15437261800000002,15.0,0.001209332,0.0,0.093294926,9.0
3,3,9.93969631,0.047777928,-0.646787047,0.15139553,15.0,0.001859391,0.0,0.090934493,9.0
2,2,9.94342041,0.030987896,-0.619182169,0.154678136,15.0,0.004160303,0.0,0.09186880300000001,9.0
1,1,9.93381691,0.025700497000000003,-0.595732272,0.157966375,15.0,0.005935141999999999,0.0,0.092542894,9.0
0,0,9.93312645,0.012240926000000001,-0.599075854,0.15787944199999998,15.0,0.00830176,0.0,0.092449755,9.0
