,Unnamed: 0,u,v,w,x,x bin,y,y bin,z,z bin
5,5,8.20388985,0.053738412,-0.518029571,0.162807465,16.0,0.000152011,0.0,0.066621915,6.0
2,2,8.52301407,0.052986465,-0.553413212,0.16043365,16.0,0.00035507199999999995,0.0,0.069239363,6.0
6,6,8.07763577,0.06650592400000001,-0.500778377,0.168175921,16.0,0.003490717,0.0,0.064974405,6.0
7,7,7.473248,0.048860180999999996,-0.500838935,0.163514137,16.0,0.004491354,0.0,0.061780907,6.0
3,3,8.45561981,0.058195385999999995,-0.5995186570000001,0.16249740099999999,16.0,0.004523353,0.0,0.06717085099999999,6.0
8,33861,7.65345621,0.056688529,-0.4882665570000001,0.167644739,16.0,0.00506033,0.0,0.06233836,6.0
1,1,8.59713459,0.052561261,-0.665056705,0.160139799,16.0,0.0070325890000000005,0.0,0.067603491,6.0
0,0,8.8195715,0.065528646,-0.66925633,0.162973702,16.0,0.00815919,0.0,0.06862203,6.0
4,4,7.88655472,0.01322125,-0.619579136,0.166430309,16.0,0.008969509,0.0,0.06081682400000001,6.0
