,Unnamed: 0,u,v,w,x,x bin,y,y bin,z,z bin
2,41702,5.9574194,-0.015395783,-0.301080406,0.160126343,16.0,0.000486311,0.0,0.054878317,5.0
0,0,7.02001572,0.032277662,-0.430951804,0.169301167,16.0,0.005946779,0.0,0.05822282700000001,5.0
1,1,6.15213299,-0.037885957000000005,-0.416581184,0.16047109699999998,16.0,0.006351698,0.0,0.053896789,5.0
