,Unnamed: 0,u,v,w,x,x bin,y,y bin,z,z bin
2,34747,10.059516,0.017204678,-0.274495363,0.174220562,17.0,0.005628630999999999,0.0,0.14076072,14.0
1,1,10.0616474,0.017486633999999997,-0.270281851,0.174262732,17.0,0.005792778,0.0,0.141909525,14.0
0,0,10.0616827,0.014710132,-0.279524326,0.17066563699999998,17.0,0.008480972,0.0,0.141119361,14.0
