,Unnamed: 0,u,v,w,x,x bin,y,y bin,z,z bin
0,128231,10.0254135,0.049304515,0.518217027,0.173782557,17.0,0.009842249,0.0,-0.110394709,-12.0
