,Unnamed: 0,u,v,w,x,x bin,y,y bin,z,z bin
6,106511,9.86286545,0.21270141,0.933026195,0.171184063,17.0,0.002685461,0.0,-0.077479668,-8.0
5,5,9.86933517,0.18510651600000005,0.916501641,0.171108872,17.0,0.004422550999999999,0.0,-0.078201883,-8.0
4,4,9.82767582,0.152875945,0.940008521,0.172149152,17.0,0.005591279,0.0,-0.075397432,-8.0
3,3,9.84813118,0.12876454,0.902049482,0.17257207600000002,17.0,0.007125048,0.0,-0.076872766,-8.0
2,2,9.80419445,0.104779445,0.934032857,0.173352197,17.0,0.00783729,0.0,-0.073922053,-8.0
1,1,9.81603241,0.079188809,0.9159325359999999,0.172192261,17.0,0.009495391,0.0,-0.075443067,-8.0
0,0,9.78200436,0.052342847000000005,0.894654155,0.178962946,17.0,0.009947957,0.0,-0.07118134200000001,-8.0
