,Unnamed: 0,u,v,w,x,x bin,y,y bin,z,z bin
1,1,9.995574000000001,0.040585734,-0.362946272,0.17274338,17.0,0.000439366,0.0,0.12044438699999999,12.0
2,41222,10.0036621,0.033968519,-0.362292677,0.170883775,17.0,0.0020591,0.0,0.121798873,12.0
0,0,10.0117931,0.017121272,-0.345411539,0.17499347,17.0,0.006952717,0.0,0.121607572,12.0
