,Unnamed: 0,u,v,w,x,x bin,y,y bin,z,z bin
0,0,9.44705391,0.059376944,-0.542940199,0.171749651,17.0,0.007111779,0.0,0.080159247,8.0
1,28435,9.86316299,0.0464736,-0.482721746,0.178463027,17.0,0.007333666999999999,0.0,0.08842215699999999,8.0
