,Unnamed: 0,u,v,w,x,x bin,y,y bin,z,z bin
3,39263,10.0044584,0.018456746,-0.371864408,0.171683654,17.0,0.0054644080000000005,0.0,0.119291127,11.0
0,0,9.99674606,0.013282858,-0.397069395,0.170299187,17.0,0.00589668,0.0,0.115599751,11.0
2,2,10.0012188,0.01480946,-0.375606805,0.172885984,17.0,0.0064774559999999995,0.0,0.11762318,11.0
1,1,10.0109367,0.004215723,-0.366702974,0.17327699100000002,17.0,0.009016125,0.0,0.118913144,11.0
