,Unnamed: 0,u,v,w,x,x bin,y,y bin,z,z bin
4,4,8.39657307,0.005795483000000001,1.56124282,0.17164075399999998,17.0,0.001025134,0.0,-0.040948156,-5.0
6,89893,8.66868114,0.000122072,1.47128487,0.17637389899999995,17.0,0.002070144,0.0,-0.042992812000000005,-5.0
3,3,8.43762875,-0.060811579000000004,1.55979633,0.17053093,17.0,0.0033359390000000004,0.0,-0.041505598,-5.0
5,5,9.01271057,0.021891712999999997,1.39776027,0.17436336,17.0,0.0040417579999999995,0.0,-0.048219159000000004,-5.0
2,2,8.69817734,-0.058318827,1.49975049,0.171074778,17.0,0.004903745,0.0,-0.044164784000000006,-5.0
1,1,8.68722439,-0.145754233,1.45571625,0.17651087,17.0,0.006382553000000001,0.0,-0.042195752,-5.0
0,0,8.80200577,-0.198529765,1.42713022,0.172762424,17.0,0.008937838,0.0,-0.044728983,-5.0
