,Unnamed: 0,u,v,w,x,x bin,y,y bin,z,z bin
4,4,6.56329012,0.002477983,-0.282959759,0.170798555,17.0,0.000271609,0.0,0.056914896,5.0
2,2,6.75151396,-4.6399999999999996e-05,-0.27765584,0.17468354100000005,17.0,0.000564053,0.0,0.057179485,5.0
5,39756,6.25168657,-0.051029999000000006,-0.2249275,0.17195975800000002,17.0,0.001258164,0.0,0.054608475,5.0
1,1,6.63890553,-0.078816354,-0.347463071,0.175973728,17.0,0.00796938,0.0,0.053351335,5.0
3,3,6.360219,-0.123418897,-0.3222,0.173942983,17.0,0.008137451,0.0,0.051682267,5.0
0,0,7.17977238,0.027927812000000003,-0.467692822,0.172668099,17.0,0.008744087,0.0,0.057612177,5.0
