,Unnamed: 0,u,v,w,x,x bin,y,y bin,z,z bin
4,121323,9.95851898,0.176847145,0.611665308,0.187128305,18.0,0.000809313,0.0,-0.09580373,-10.0
2,2,9.94997787,0.180410728,0.676144958,0.181734979,18.0,0.001663469,0.0,-0.092709303,-10.0
1,1,9.95896244,0.158712804,0.673460066,0.18126341699999998,18.0,0.0036241470000000003,0.0,-0.092885926,-10.0
3,3,9.992304800000001,0.112400524,0.57953316,0.186130822,18.0,0.0061889169999999995,0.0,-0.098349199,-10.0
0,0,9.98030663,0.096440554,0.675363123,0.181211919,18.0,0.009815423,0.0,-0.090953045,-10.0
