,Unnamed: 0,u,v,w,x,x bin,y,y bin,z,z bin
4,41703,6.42411613,-0.058682233,-0.142071635,0.184496999,18.0,0.000331376,0.0,0.054012969,5.0
3,3,6.4820137,-0.065672614,-0.186524883,0.183016956,18.0,0.003048633,0.0,0.053443827,5.0
0,0,7.09390163,0.0072215080000000015,-0.279870749,0.18539688,18.0,0.005100448,0.0,0.056569882,5.0
1,1,6.62438536,-0.09525851199999999,-0.257018209,0.18265169899999997,18.0,0.006102003000000001,0.0,0.052713666,5.0
2,2,6.44557571,-0.12924903599999998,-0.233639836,0.182831138,18.0,0.006350144,0.0,0.05131733,5.0
