,Unnamed: 0,u,v,w,x,x bin,y,y bin,z,z bin
6,6,9.78177357,0.07621105,-0.448616505,0.185361445,18.0,0.000473548,0.0,0.08368919,8.0
5,5,9.655212400000002,0.075490721,-0.42739766799999995,0.18839651300000002,18.0,0.0009713339999999999,0.0,0.080928996,8.0
7,7,9.81012058,0.073815852,-0.442610383,0.18604706199999999,18.0,0.0011671239999999999,0.0,0.085688964,8.0
8,32077,9.82231808,0.072845466,-0.447756886,0.185132295,18.0,0.003041133,0.0,0.08793205800000001,8.0
1,1,9.55347157,0.078043066,-0.448994577,0.184084356,18.0,0.003137503,0.0,0.081160948,8.0
2,2,9.82301331,0.06915731,-0.466759175,0.182399526,18.0,0.004366307,0.0,0.08660717300000001,8.0
4,4,9.83512592,0.055822507,-0.437936693,0.185656458,18.0,0.005622781,0.0,0.08845520800000001,8.0
0,0,9.65359592,0.069865078,-0.447194397,0.186939299,18.0,0.005632123,0.0,0.081529312,8.0
3,3,9.83680344,0.05691929900000001,-0.45326247799999997,0.183429763,18.0,0.00577568,0.0,0.087809421,8.0
