,Unnamed: 0,u,v,w,x,x bin,y,y bin,z,z bin
0,0,9.97769451,0.143299356,0.503343761,0.198946714,19.0,0.00193792,0.0,-0.10013947599999999,-11.0
1,124874,10.00072,0.098189697,0.478158534,0.197973847,19.0,0.005293305999999999,0.0,-0.103060476,-11.0
