,Unnamed: 0,u,v,w,x,x bin,y,y bin,z,z bin
3,39354,11.1279383,0.061217576,-0.540033281,0.027763082,2.0,0.000151319,0.0,0.111283295,11.0
2,2,11.1186419,0.05661176900000001,-0.488139957,0.027152102,2.0,0.001295215,0.0,0.112981148,11.0
0,0,11.056261099999999,0.040479969,-0.34914621700000004,0.025737144,2.0,0.002481593,0.0,0.11905603099999999,11.0
1,1,11.2501554,0.065328747,-0.32678771,0.021347255,2.0,0.004126262,0.0,0.110885367,11.0
