,Unnamed: 0,u,v,w,x,x bin,y,y bin,z,z bin
0,39273,10.8371906,0.029053073,-0.4449341,0.036985409,3.0,0.000426596,0.0,0.123383038,12.0
