,Unnamed: 0,u,v,w,x,x bin,y,y bin,z,z bin
8,39363,10.9899092,0.050966911,-0.796408653,0.038377523,3.0,0.000388942,0.0,0.109835438,10.0
6,6,11.0948181,0.047722455,-0.786872983,0.034770086,3.0,0.002255768,0.0,0.107422657,10.0
7,7,11.014453900000001,0.04160298,-0.789950371,0.037492991,3.0,0.002371722,0.0,0.109436534,10.0
5,5,11.0409184,0.017946949,-0.773078203,0.037383132,3.0,0.0056944940000000005,0.0,0.108813651,10.0
2,2,11.1747217,0.019139731,-0.8064625259999999,0.034217328,3.0,0.006000618,0.0,0.104188941,10.0
4,4,11.154272099999998,0.017741201,-0.75777781,0.033901602,3.0,0.006823231999999999,0.0,0.105755076,10.0
1,1,11.1929331,0.006610601999999999,-0.726254225,0.032644163999999996,3.0,0.008399611999999999,0.0,0.105199225,10.0
0,0,11.2773314,0.002996274,-0.7050850390000001,0.030009521,3.0,0.008426142,0.0,0.103152692,10.0
3,3,11.1889629,0.010855472,-0.611119866,0.030355316,3.0,0.008896241,0.0,0.10766132199999999,10.0
