,Unnamed: 0,u,v,w,x,x bin,y,y bin,z,z bin
1,1,11.2315788,0.113618933,1.80680692,0.042713177000000005,4.0,0.00680571,0.0,-0.095316604,-10.0
2,106450,11.2652769,0.08135879,1.68408132,0.042295348,4.0,0.007313945,0.0,-0.097821102,-10.0
0,0,11.1146708,0.047685307,1.96139264,0.044177882,4.0,0.009323656,0.0,-0.091902033,-10.0
