,Unnamed: 0,u,v,w,x,x bin,y,y bin,z,z bin
2,2,10.6856003,0.293012798,2.05170536,0.05727653200000001,5.0,0.000857966,0.0,-0.092058055,-10.0
0,0,10.834419300000002,0.288508594,2.13326716,0.050925687000000004,5.0,0.001461817,0.0,-0.09069052300000001,-10.0
3,106493,10.6667376,0.245053545,1.92993486,0.059193775,5.0,0.002020599,0.0,-0.094136037,-10.0
1,1,10.7073755,0.15731284,1.93198919,0.05842055400000001,5.0,0.0054543230000000005,0.0,-0.093191899,-10.0
