,Unnamed: 0,u,v,w,x,x bin,y,y bin,z,z bin
1,37185,10.6096354,0.006422374000000001,-0.6883934740000001,0.058193814,5.0,0.003472239,0.0,0.120451361,12.0
0,0,10.695062599999998,-0.020292408999999997,-0.604044259,0.050232802,5.0,0.008002852,0.0,0.12092478599999999,12.0
