,Unnamed: 0,u,v,w,x,x bin,y,y bin,z,z bin
3,3,10.6981888,0.048132818,-0.9941596979999999,0.054504283,5.0,8e-05,0.0,0.10626432300000001,10.0
2,2,10.6383095,0.040939212,-1.07933974,0.056744386,5.0,0.001023788,0.0,0.103783175,10.0
4,38259,10.7616634,0.039403107,-0.918458164,0.051705279000000014,5.0,0.001302591,0.0,0.108247027,10.0
1,1,10.7471132,0.028239017,-1.05230105,0.051612437000000004,5.0,0.003100153,0.0,0.103448048,10.0
0,0,10.6705837,0.003805632,-1.00311875,0.054723755,5.0,0.005905025,0.0,0.105939142,10.0
