,Unnamed: 0,u,v,w,x,x bin,y,y bin,z,z bin
1,128244,10.821353,0.12420705,0.967523277,0.050558742,5.0,0.004586588,0.0,-0.118854575,-12.0
0,0,10.8439159,0.092330404,1.06704831,0.052855067,5.0,0.006046902,0.0,-0.113989122,-12.0
