,Unnamed: 0,u,v,w,x,x bin,y,y bin,z,z bin
2,2,10.5846872,0.045988012,0.58620733,0.058829904,5.0,0.004493295,0.0,-0.134113073,-14.0
1,1,10.6418705,0.039206412,0.546468139,0.052191510999999996,5.0,0.0061704690000000005,0.0,-0.134125948,-14.0
4,138409,10.622782699999998,0.029183207000000006,0.525949359,0.05331637,5.0,0.007537419,0.0,-0.135140657,-14.0
3,3,10.6108398,0.021828586,0.529974401,0.054668061,5.0,0.009087655,0.0,-0.13500800699999999,-14.0
0,0,10.6219883,0.020624321,0.544822574,0.05421783,5.0,0.009961805,0.0,-0.13400451800000002,-14.0
