,Unnamed: 0,u,v,w,x,x bin,y,y bin,z,z bin
0,138419,10.5079346,0.048108771,0.605761707,0.066560537,6.0,0.002758828,0.0,-0.135031775,-14.0
