,Unnamed: 0,u,v,w,x,x bin,y,y bin,z,z bin
1,81234,6.23335314,0.246979296,2.51537418,0.06938770400000001,6.0,0.002755466,0.0,-0.059952311,-6.0
0,0,5.80394077,0.154635713,2.4760673,0.068632193,6.0,0.004734292,0.0,-0.058672550999999996,-6.0
