,Unnamed: 0,u,v,w,x,x bin,y,y bin,z,z bin
1,37229,10.582319300000002,0.027526146,-0.833188534,0.062241666,6.0,0.001878027,0.0,0.113608658,11.0
0,0,10.5927162,0.018665129,-0.791851878,0.060878090999999995,6.0,0.0029381140000000004,0.0,0.115682334,11.0
