,Unnamed: 0,u,v,w,x,x bin,y,y bin,z,z bin
5,85429,7.93821716,0.364418894,2.75657201,0.067180604,6.0,0.0005015369999999999,0.0,-0.066101544,-7.0
4,4,8.48481274,0.261609137,2.81909561,0.062320322000000004,6.0,0.003010744,0.0,-0.069615513,-7.0
1,1,6.52363491,0.148598641,2.80411005,0.062149134,6.0,0.004575517,0.0,-0.061452113,-7.0
3,3,7.91995287,0.08576606199999999,3.10022688,0.061116595,6.0,0.005581018,0.0,-0.065904878,-7.0
2,2,7.46061325,-0.035895772,3.09113169,0.064911597,6.0,0.007703695999999999,0.0,-0.062874734,-7.0
0,0,6.38585663,-0.05058649900000002,2.94298315,0.063125789,6.0,0.008244149000000001,0.0,-0.060052302,-7.0
