,Unnamed: 0,u,v,w,x,x bin,y,y bin,z,z bin
2,104063,10.2176762,0.133776918,1.8772049,0.07848069099999999,7.0,0.007232558,0.0,-0.089212559,-9.0
0,0,10.1408596,0.003889352,2.07736874,0.07271044,7.0,0.009446476,0.0,-0.084657595,-9.0
1,1,10.120472900000001,0.028241462999999998,1.9821490000000002,0.076904789,7.0,0.009457648,0.0,-0.085842736,-9.0
