,Unnamed: 0,u,v,w,x,x bin,y,y bin,z,z bin
0,119420,10.2881556,0.17862156,1.33247519,0.08637958800000001,8.0,0.001898742,0.0,-0.102240421,-11.0
