,Unnamed: 0,u,v,w,x,x bin,y,y bin,z,z bin
0,35089,10.3338194,0.017916655,-0.752408504,0.0862763,8.0,0.00263527,0.0,0.116003908,11.0
