,Unnamed: 0,u,v,w,x,x bin,y,y bin,z,z bin
2,2,10.1646681,0.247693986,1.57468116,0.090223596,9.0,0.00041163,0.0,-0.092794269,-10.0
7,7,10.165869699999998,0.22298441800000002,1.38218594,0.096213713,9.0,0.0011497,0.0,-0.097184569,-10.0
3,3,10.1489983,0.234508932,1.51927781,0.09363347300000001,9.0,0.001155551,0.0,-0.093362048,-10.0
5,5,10.173442800000002,0.20173052,1.48763025,0.09305830300000001,9.0,0.0026580429999999997,0.0,-0.094457336,-10.0
4,4,10.2119522,0.161700845,1.46928239,0.090870753,9.0,0.004437661,0.0,-0.095622152,-10.0
6,6,10.1993122,0.13774815199999998,1.38568819,0.095362917,9.0,0.00576684,0.0,-0.09675739,-10.0
1,1,10.1869869,0.135389134,1.4939456,0.093339473,9.0,0.006434166999999999,0.0,-0.093562536,-10.0
8,117422,10.2507343,0.069126479,1.30705512,0.093873814,9.0,0.009024379,0.0,-0.099445671,-10.0
0,0,10.1882763,0.07874606599999999,1.43614328,0.095102638,9.0,0.0095613,0.0,-0.093989104,-10.0
