,Unnamed: 0,u,v,w,x,x bin,y,y bin,z,z bin
3,85430,7.59172916,0.24004723100000006,2.66592908,0.094245009,9.0,0.00151464,0.0,-0.056641351,-6.0
1,1,5.89846849,-0.050643582,2.69370818,0.091432646,9.0,0.003042283,0.0,-0.050587282,-6.0
2,2,7.05058146,-0.137750536,2.76011157,0.096507505,9.0,0.005552935,0.0,-0.052255197999999996,-6.0
0,0,6.881338599999999,-0.317854643,2.87170863,0.093825884,9.0,0.00705786,0.0,-0.051098384000000004,-6.0
