,Unnamed: 0,u,v,w,x,x bin,y,y bin,z,z bin
1,121294,10.2465601,0.123242952,1.11295152,0.097565793,9.0,0.005055875,0.0,-0.105770178,-11.0
0,0,10.2712717,0.042025692999999996,1.15966129,0.093128368,9.0,0.009930247,0.0,-0.105410635,-11.0
