,Unnamed: 0,Unnamed: 0.1,u,v,w,x,x bin,y,y bin,z,z bin
0,8,34051,9.35670948,0.031165408,1.33531177,-0.099184334,-10.0,0,0.0,0.08787571599999999,8.0
1,4,4,9.217673300000001,0.086536869,1.41963243,-0.09864210300000001,-10.0,0,0.0,0.082369417,8.0
2,3,3,9.14849377,0.088316619,1.56392872,-0.095723152,-10.0,0,0.0,0.08113686,8.0
3,7,7,9.39824677,0.067319982,1.35450244,-0.097209863,-10.0,0,0.0,0.089197971,8.0
4,5,5,9.37692642,0.101448871,1.43859029,-0.095179558,-10.0,0,0.0,0.087908082,8.0
5,2,2,9.22954559,0.134352729,1.47163868,-0.096998178,-10.0,0,0.0,0.081901267,8.0
6,6,6,9.42294788,0.09364885099999999,1.36347663,-0.096220501,-10.0,0,0.0,0.089970775,8.0
7,0,0,9.35604477,0.16734769900000002,1.46248186,-0.096200459,-10.0,0,0.0,0.08671546,8.0
8,1,1,9.36088657,0.175691724,1.42735553,-0.09760952,-10.0,0,0.0,0.086993665,8.0
