,Unnamed: 0,Unnamed: 0.1,u,v,w,x,x bin,y,y bin,z,z bin
0,5,124858,9.81053925,0.144169718,-1.23157132,-0.092117861,-10.0,0,0.0,-0.10600951300000001,-11.0
1,4,4,9.80746841,0.158567905,-1.21777606,-0.092873029,-10.0,0,0.0,-0.106569104,-11.0
2,2,2,9.75954342,0.172896907,-1.2625432,-0.094922893,-10.0,0,0.0,-0.10313946,-11.0
3,0,0,9.67965031,0.15741545,-1.24231279,-0.098686867,-10.0,0,0.0,-0.100018971,-11.0
4,3,3,9.81880188,0.18139029999999998,-1.2341521999999998,-0.09197211300000001,-10.0,0,0.0,-0.10648907,-11.0
5,1,1,9.78218555,0.19333148,-1.23773539,-0.094430275,-10.0,0,0.0,-0.103928044,-11.0
