,Unnamed: 0,Unnamed: 0.1,u,v,w,x,x bin,y,y bin,z,z bin
0,2,2,5.98461056,0.260072649,-1.46166039,-0.095175147,-10.0,0,0.0,-0.025161002,-3.0
1,3,73149,6.17374802,0.253095895,-1.62410891,-0.095486932,-10.0,0,0.0,-0.029061429,-3.0
2,1,1,5.91280603,0.444924384,-1.64718521,-0.093380824,-10.0,0,0.0,-0.027633192,-3.0
3,0,0,5.65243196,0.481179237,-1.51125002,-0.092359722,-10.0,0,0.0,-0.023609679,-3.0
