,Unnamed: 0,Unnamed: 0.1,u,v,w,x,x bin,y,y bin,z,z bin
0,7,7,5.68783617,0.146551937,-0.33160457,-0.098928876,-10.0,0,0.0,-0.005000886,-1.0
1,8,65253,5.36453867,0.20689749699999999,-0.5942081810000001,-0.095312312,-10.0,0,0.0,-0.008573353,-1.0
2,6,6,5.54018021,0.39263773,-0.398650825,-0.096935459,-10.0,0,0.0,-0.00587778,-1.0
3,5,5,5.6135273,0.413004398,-0.245145231,-0.097422369,-10.0,0,0.0,-0.003503266,-1.0
4,1,1,5.62950706,0.5372279879999999,-0.100693837,-0.097093433,-10.0,0,0.0,-0.001199649,-1.0
5,3,3,5.56702614,0.5981315970000001,-0.246985629,-0.096501835,-10.0,0,0.0,-0.003437627,-1.0
6,4,4,5.06839895,0.686496019,-0.6340793370000001,-0.09034434,-10.0,0,0.0,-0.008526836,-1.0
7,2,2,5.79986668,0.578875601,-0.30921036,-0.09891060000000004,-10.0,0,0.0,-0.004594513,-1.0
8,0,0,5.15159416,0.937795341,-0.185608566,-0.091589838,-10.0,0,0.0,-0.0019488720000000001,-1.0
