,Unnamed: 0,Unnamed: 0.1,u,v,w,x,x bin,y,y bin,z,z bin
0,3,28272,8.78978348,0.106039971,1.34687185,-0.10685753099999999,-11.0,0,0.0,0.06830839799999999,6.0
1,2,2,8.90378094,0.17718753199999998,1.23935676,-0.108159609,-11.0,0,0.0,0.06937608099999999,6.0
2,0,0,8.73521233,0.230726495,1.56492519,-0.100114048,-11.0,0,0.0,0.067546383,6.0
3,1,1,8.92655563,0.23202784399999998,1.26015925,-0.106942743,-11.0,0,0.0,0.069794171,6.0
