,Unnamed: 0,Unnamed: 0.1,u,v,w,x,x bin,y,y bin,z,z bin
0,1,35031,9.72087097,0.041975293,0.9520110490000001,-0.10713493800000001,-11.0,0,0.0,0.11011418,11.0
1,0,0,9.76772499,0.073176071,1.00011253,-0.102038279,-11.0,0,0.0,0.110011473,11.0
