,Unnamed: 0,Unnamed: 0.1,u,v,w,x,x bin,y,y bin,z,z bin
0,4,4,9.69812298,0.06526456,-1.11342263,-0.102740601,-11.0,0,0.0,-0.10363019999999999,-11.0
1,1,1,9.64353561,0.043786004,-1.11248374,-0.103774898,-11.0,0,0.0,-0.100231469,-11.0
2,6,126528,9.78127098,0.10594750900000001,-1.07948661,-0.103080973,-11.0,0,0.0,-0.108633757,-11.0
3,5,5,9.75418663,0.107770182,-1.13941419,-0.100485153,-11.0,0,0.0,-0.105909705,-11.0
4,3,3,9.72585678,0.096652553,-1.11526489,-0.102566957,-11.0,0,0.0,-0.104733519,-11.0
5,0,0,9.65248489,0.06450831900000001,-1.08690262,-0.105426714,-11.0,0,0.0,-0.100599483,-11.0
6,2,2,9.6893549,0.101116166,-1.09635067,-0.104691252,-11.0,0,0.0,-0.1021308,-11.0
