,Unnamed: 0,Unnamed: 0.1,u,v,w,x,x bin,y,y bin,z,z bin
0,3,3,9.45368958,-0.021961406,-0.971997499,-0.115920477,-12.0,0,0.0,-0.090143211,-10.0
1,2,2,9.45154572,0.003612985,-0.9778094890000001,-0.115691744,-12.0,0,0.0,-0.090265632,-10.0
2,5,5,9.51594925,0.013547421,-0.901468515,-0.119500436,-12.0,0,0.0,-0.09324199,-10.0
3,1,1,9.46650887,0.0206456,-0.959260762,-0.116801098,-12.0,0,0.0,-0.090830192,-10.0
4,4,4,9.49663353,0.033840597,-0.923682392,-0.118781112,-12.0,0,0.0,-0.09186136,-10.0
5,0,0,9.43159962,0.058279812,-1.05197954,-0.113438845,-12.0,0,0.0,-0.0900096,-10.0
6,8,121268,9.57958508,0.050904280999999996,-0.8988002540000001,-0.117776707,-12.0,0,0.0,-0.097891517,-10.0
7,6,6,9.557542800000002,0.069578245,-1.02009726,-0.112113357,-12.0,0,0.0,-0.094982259,-10.0
8,7,7,9.60282516,0.082070634,-0.9005792140000001,-0.117672801,-12.0,0,0.0,-0.098716773,-10.0
