,Unnamed: 0,Unnamed: 0.1,u,v,w,x,x bin,y,y bin,z,z bin
0,3,87569,8.23587036,0.12024132900000001,-1.12065184,-0.11266413300000001,-12.0,0,0.0,-0.049651377000000003,-5.0
1,2,2,8.11795139,0.17880579800000002,-1.16701245,-0.110986575,-12.0,0,0.0,-0.047723237,-5.0
2,1,1,8.14702702,0.259105027,-1.06747675,-0.113511391,-12.0,0,0.0,-0.047055457,-5.0
3,0,0,8.23609447,0.288591474,-0.968029678,-0.118316077,-12.0,0,0.0,-0.04616024,-5.0
