,Unnamed: 0,Unnamed: 0.1,u,v,w,x,x bin,y,y bin,z,z bin
0,1,104055,9.14893055,0.063164078,-1.1037066,-0.11402975,-12.0,0,0.0,-0.07838532299999999,-8.0
1,0,0,8.99403667,0.18417474600000008,-1.3389523,-0.110242747,-12.0,0,0.0,-0.072797097,-8.0
