,Unnamed: 0,Unnamed: 0.1,u,v,w,x,x bin,y,y bin,z,z bin
0,5,36165,9.42560387,0.014031418,1.04923308,-0.11308886900000001,-12.0,0,0.0,0.09205702699999999,9.0
1,4,4,9.42591953,0.02900766,1.00046718,-0.115668073,-12.0,0,0.0,0.091269784,9.0
2,3,3,9.43059826,0.04876931,0.951770902,-0.118026353,-12.0,0,0.0,0.09071295,9.0
3,2,2,9.43710709,0.06755732,0.943915427,-0.118010476,-12.0,0,0.0,0.090700664,9.0
4,1,1,9.45765305,0.097951241,1.03128231,-0.11193601800000001,-12.0,0,0.0,0.09239529099999999,9.0
5,0,0,9.45388699,0.118983969,0.931280255,-0.11750184,-12.0,0,0.0,0.090666145,9.0
