,Unnamed: 0,Unnamed: 0.1,u,v,w,x,x bin,y,y bin,z,z bin
0,3,26776,8.96899605,0.093798675,0.977612734,-0.121844232,-13.0,0,0.0,0.071121588,7.0
1,2,2,9.19673157,0.093047455,0.8706058259999999,-0.125878155,-13.0,0,0.0,0.078156449,7.0
2,0,0,9.05639076,0.136436999,0.914600313,-0.124178678,-13.0,0,0.0,0.07229300599999999,7.0
3,1,1,9.19903469,0.120782241,0.804279208,-0.12954880300000002,-13.0,0,0.0,0.074798629,7.0
