,Unnamed: 0,Unnamed: 0.1,u,v,w,x,x bin,y,y bin,z,z bin
0,1,39270,9.67871952,0.00549064,0.702123761,-0.12781521699999998,-13.0,0,0.0,0.112045899,11.0
1,0,0,9.70909309,0.012561569,0.735506177,-0.123356164,-13.0,0,0.0,0.113550112,11.0
