,Unnamed: 0,Unnamed: 0.1,u,v,w,x,x bin,y,y bin,z,z bin
0,0,106471,9.21013832,0.032286458,-0.868589878,-0.129749507,-13.0,0,0.0,-0.078261033,-8.0
