,Unnamed: 0,Unnamed: 0.1,u,v,w,x,x bin,y,y bin,z,z bin
0,0,0,9.35437393,0.030073308,-0.922627568,-0.122266322,-13.0,0,0.0,-0.085393228,-9.0
1,1,115347,9.44690037,0.082428753,-0.9052438740000001,-0.12162585599999999,-13.0,0,0.0,-0.089689381,-9.0
