,Unnamed: 0,Unnamed: 0.1,u,v,w,x,x bin,y,y bin,z,z bin
0,1,133008,9.78447247,0.033101719,-0.639303625,-0.129206568,-13.0,0,0.0,-0.11672622,-12.0
1,0,0,9.76133442,0.04883538900000002,-0.657848835,-0.129412979,-13.0,0,0.0,-0.113933057,-12.0
