,Unnamed: 0,Unnamed: 0.1,u,v,w,x,x bin,y,y bin,z,z bin
0,5,5,9.18298626,0.02624557,-0.785542607,-0.135482118,-14.0,0,0.0,-0.07379229400000001,-8.0
1,2,2,9.07067299,0.054928646,-0.881923676,-0.130640551,-14.0,0,0.0,-0.071518675,-8.0
2,4,4,9.25142384,0.024902601,-0.72075963,-0.13859646,-14.0,0,0.0,-0.074603207,-8.0
3,8,106457,9.304104800000001,0.0249877,-0.736997426,-0.136522561,-14.0,0,0.0,-0.07861064400000001,-8.0
4,1,1,9.14048004,0.05638697,-0.8166401390000001,-0.134217516,-14.0,0,0.0,-0.072197869,-8.0
5,3,3,9.16653347,0.071780615,-0.882374942,-0.130003288,-14.0,0,0.0,-0.076651037,-8.0
6,7,7,9.31427383,0.042198032,-0.7470576170000001,-0.13566035,-14.0,0,0.0,-0.07938353,-8.0
7,0,0,9.22552681,0.06691087,-0.743452907,-0.137618005,-14.0,0,0.0,-0.073323816,-8.0
8,6,6,9.33880997,0.058256537000000004,-0.69999522,-0.13812460000000001,-14.0,0,0.0,-0.07817205,-8.0
