,Unnamed: 0,Unnamed: 0.1,u,v,w,x,x bin,y,y bin,z,z bin
0,3,113295,9.4398613,-0.011745829,-0.570737779,-0.148262054,-15.0,0,0.0,-0.08543965199999999,-9.0
1,0,0,9.39316559,-0.013149345,-0.641936421,-0.141778544,-15.0,0,0.0,-0.08154211900000001,-9.0
2,2,2,9.44947338,0.004146384,-0.572362006,-0.147945434,-15.0,0,0.0,-0.08577976400000001,-9.0
3,1,1,9.42891788,0.017205339,-0.612924695,-0.144086778,-15.0,0,0.0,-0.08360327,-9.0
