,Unnamed: 0,Unnamed: 0.1,u,v,w,x,x bin,y,y bin,z,z bin
0,0,119403,9.52322483,0.008533077,-0.6508390310000001,-0.140689492,-15.0,0,0.0,-0.093793899,-10.0
