,Unnamed: 0,Unnamed: 0.1,u,v,w,x,x bin,y,y bin,z,z bin
0,6,79207,8.71782589,0.032911092,-0.456239134,-0.140909284,-15.0,0,0.0,-0.033308338,-4.0
1,5,5,8.89249611,0.06424553,-0.454279572,-0.145481899,-15.0,0,0.0,-0.03870219,-4.0
2,1,1,8.92815399,0.08823406,-0.402260959,-0.147910848,-15.0,0,0.0,-0.03575201,-4.0
3,4,4,8.87259865,0.088947557,-0.465436995,-0.143936515,-15.0,0,0.0,-0.039646521000000004,-4.0
4,2,2,8.98398018,0.089942336,-0.410771668,-0.14924062800000001,-15.0,0,0.0,-0.038987997999999996,-4.0
5,3,3,8.81845188,0.119384825,-0.477425724,-0.14120660699999998,-15.0,0,0.0,-0.039389055,-4.0
6,0,0,8.84993553,0.145911485,-0.387786239,-0.144818485,-15.0,0,0.0,-0.032632493,-4.0
