,Unnamed: 0,Unnamed: 0.1,u,v,w,x,x bin,y,y bin,z,z bin
0,5,5,9.402422900000001,-0.0041333179999999995,-0.541204572,-0.151341423,-16.0,0,0.0,-0.076616913,-8.0
1,1,1,9.42006111,0.001636777,-0.487604111,-0.157027647,-16.0,0,0.0,-0.072311632,-8.0
2,4,4,9.45871544,0.01783268,-0.470581591,-0.158166915,-16.0,0,0.0,-0.07720998700000001,-8.0
3,0,0,9.39719772,0.018031973,-0.495528817,-0.155737296,-16.0,0,0.0,-0.070667967,-8.0
4,3,3,9.4552021,0.030790828,-0.474530935,-0.157320023,-16.0,0,0.0,-0.077966526,-8.0
5,2,2,9.4576025,0.05454538,-0.45401004,-0.158812717,-16.0,0,0.0,-0.076896191,-8.0
6,7,108788,9.45443916,0.057870701,-0.470004171,-0.15693742,-16.0,0,0.0,-0.07882652400000001,-8.0
7,6,6,9.42628098,0.07222446099999999,-0.484809399,-0.154977724,-16.0,0,0.0,-0.077161968,-8.0
