,Unnamed: 0,Unnamed: 0.1,u,v,w,x,x bin,y,y bin,z,z bin
0,0,0,9.35136032,0.078327164,0.4693421720000001,-0.15576306,-16.0,0,0.0,0.069893241,6.0
1,1,24970,9.27952671,0.09641875300000001,0.483197182,-0.15327574300000002,-16.0,0,0.0,0.06515178099999999,6.0
