,Unnamed: 0,Unnamed: 0.1,u,v,w,x,x bin,y,y bin,z,z bin
0,0,0,9.67321873,0.024082353,-0.388020903,-0.165916055,-17.0,0,0.0,-0.101059102,-11.0
1,1,126519,9.65237999,0.033122188999999996,-0.423314422,-0.161802962,-17.0,0,0.0,-0.10315381,-11.0
