,Unnamed: 0,Unnamed: 0.1,u,v,w,x,x bin,y,y bin,z,z bin
0,6,6,9.20970917,0.06707149,0.076734766,-0.173534438,-18.0,0,0.0,0.012725913,1.0
1,4,4,9.1819067,0.064709142,0.093634114,-0.172142908,-18.0,0,0.0,0.014603547,1.0
2,7,52308,9.301677699999999,0.08424428099999999,0.047771710999999994,-0.17770946,-18.0,0,0.0,0.010491016,1.0
3,5,5,9.28556633,0.082969643,0.057715155,-0.17689822600000002,-18.0,0,0.0,0.01160201,1.0
4,3,3,9.28784657,0.08571263400000001,0.063636735,-0.176895633,-18.0,0,0.0,0.012526812,1.0
5,1,1,9.23112583,0.077388741,0.086925343,-0.174212664,-18.0,0,0.0,0.014712732,1.0
6,2,2,9.32629395,0.096158318,0.06077165900000001,-0.178490967,-18.0,0,0.0,0.01295776,1.0
7,0,0,9.29109478,0.092034392,0.07718889400000001,-0.176774263,-18.0,0,0.0,0.014610608999999997,1.0
