,Unnamed: 0,Unnamed: 0.1,u,v,w,x,x bin,y,y bin,z,z bin
0,2,124856,9.69530106,0.032752767,-0.354760766,-0.171470225,-18.0,0,0.0,-0.099831499,-10.0
1,1,1,9.7036705,0.031975221,-0.319215715,-0.17960746600000002,-18.0,0,0.0,-0.096578583,-10.0
2,0,0,9.65899849,0.037223127,-0.33782804,-0.17433026399999998,-18.0,0,0.0,-0.09084927300000001,-10.0
