,Unnamed: 0,Unnamed: 0.1,u,v,w,x,x bin,y,y bin,z,z bin
0,6,69264,9.41232204,0.027377827,-0.075992748,-0.189209551,-19.0,0,0.0,-0.014453025,-2.0
1,5,5,9.30025291,0.032613412,-0.111993462,-0.180210531,-19.0,0,0.0,-0.016133918,-2.0
2,4,4,9.37577343,0.035782196,-0.10223990699999999,-0.18609634,-19.0,0,0.0,-0.017606946000000002,-2.0
3,3,3,9.34715939,0.045834139,-0.096495837,-0.18437919,-19.0,0,0.0,-0.01547129,-2.0
4,2,2,9.35960293,0.048717342000000004,-0.12090513900000001,-0.183973432,-19.0,0,0.0,-0.019809816,-2.0
5,1,1,9.32171631,0.052567806,-0.1066259,-0.182265475,-19.0,0,0.0,-0.016254557,-2.0
6,0,0,9.341362,0.06370589900000001,-0.099921525,-0.18349635600000005,-19.0,0,0.0,-0.015848825,-2.0
