,Unnamed: 0,Unnamed: 0.1,u,v,w,x,x bin,y,y bin,z,z bin
0,3,28362,9.46463585,0.020030972,0.240064114,-0.18081863199999998,-19.0,0,0.0,0.051916249000000005,5.0
1,2,2,9.49321938,0.034248155,0.222228095,-0.185696542,-19.0,0,0.0,0.051309928,5.0
2,1,1,9.55033112,0.031237877999999997,0.244313449,-0.18708306600000002,-19.0,0,0.0,0.059884768,5.0
3,0,0,9.54574776,0.038703505,0.234242663,-0.187900066,-19.0,0,0.0,0.05803863,5.0
