,Unnamed: 0,Unnamed: 0.1,u,v,w,x,x bin,y,y bin,z,z bin
0,2,30216,9.62032318,0.002106991,0.31379294399999996,-0.182003647,-19.0,0,0.0,0.080534436,8.0
1,1,1,9.62456799,0.012735928999999998,0.315473437,-0.181371152,-19.0,0,0.0,0.081037492,8.0
2,0,0,9.62827587,0.023697704,0.31989914199999997,-0.180170909,-19.0,0,0.0,0.08193931,8.0
