,Unnamed: 0,Unnamed: 0.1,u,v,w,x,x bin,y,y bin,z,z bin
0,1,99189,9.55694962,0.037605926,-0.29936412,-0.180447608,-19.0,0,0.0,-0.068180122,-7.0
1,0,0,9.5603857,0.043891996,-0.293724418,-0.181738764,-19.0,0,0.0,-0.067233183,-7.0
