,Unnamed: 0,Unnamed: 0.1,u,v,w,x,x bin,y,y bin,z,z bin
0,2,2,10.679254499999999,0.019610925,0.291350961,-0.009878412,-1.0,0,0.0,0.147630334,14.0
1,3,3,10.7137289,0.021813035,0.285065114,-0.007485554,-1.0,0,0.0,0.145118654,14.0
2,1,1,10.6992617,0.022596022,0.280394137,-0.007494061999999998,-1.0,0,0.0,0.146723792,14.0
3,4,36877,10.741661099999998,0.025718186,0.292217076,-0.00746949,-1.0,0,0.0,0.143823624,14.0
4,0,0,10.677469300000002,0.025213696,0.287524551,-0.009886533000000001,-1.0,0,0.0,0.14841105,14.0
