,Unnamed: 0,Unnamed: 0.1,u,v,w,x,x bin,y,y bin,z,z bin
0,6,37251,11.1063251,0.048848092999999995,0.475383788,-0.009555515,-1.0,0,0.0,0.12101806699999999,12.0
1,5,5,11.0517216,0.051009569000000005,0.446747273,-0.009105787,-1.0,0,0.0,0.124948718,12.0
2,4,4,11.1001415,0.050863280999999996,0.355513036,-0.004972033,-1.0,0,0.0,0.123628512,12.0
3,1,1,11.1713543,0.0670458,0.357066303,-0.00386554,-1.0,0,0.0,0.121447794,12.0
4,2,2,11.123550400000001,0.066025555,0.370616913,-0.005010977,-1.0,0,0.0,0.123860061,12.0
5,3,3,11.1075077,0.06499856,0.329404354,-0.003544658,-1.0,0,0.0,0.125427142,12.0
6,0,0,11.1402302,0.07451865099999999,0.47840455200000004,-0.008824587,-1.0,0,0.0,0.12190896300000001,12.0
