,Unnamed: 0,Unnamed: 0.1,u,v,w,x,x bin,y,y bin,z,z bin
0,5,5,10.909067199999999,0.07111899599999999,-0.170183718,-0.006119451999999999,-1.0,0,0.0,-0.137386203,-14.0
1,7,140575,10.874107400000002,0.06707026099999999,-0.17067562,-0.006175563,-1.0,0,0.0,-0.13947323,-14.0
2,4,4,10.8977089,0.07385768,-0.17791599,-0.006150678000000001,-1.0,0,0.0,-0.137885094,-14.0
3,6,6,10.8665743,0.069871806,-0.177650005,-0.00620015,-1.0,0,0.0,-0.139760375,-14.0
4,1,1,10.889369,0.07970985,-0.250096202,-0.009611212,-1.0,0,0.0,-0.136891559,-14.0
5,3,3,10.891101800000001,0.077210732,-0.18572458600000002,-0.006177157,-1.0,0,0.0,-0.138097093,-14.0
6,0,0,11.0348816,0.108313136,-0.270483971,-0.006374586,-1.0,0,0.0,-0.130740136,-14.0
7,2,2,10.8919926,0.08110199900000001,-0.192842603,-0.00619407,-1.0,0,0.0,-0.137875691,-14.0
