,Unnamed: 0,Unnamed: 0.1,u,v,w,x,x bin,y,y bin,z,z bin
0,0,75092,9.49149609,0.047128767,-0.145577341,-0.19338746399999998,-20.0,0,0.0,-0.030726757,-4.0
