,Unnamed: 0,Unnamed: 0.1,u,v,w,x,x bin,y,y bin,z,z bin
0,6,37235,11.146759,0.064202786,0.9522199029999999,-0.023523577,-3.0,0,0.0,0.11611720199999999,11.0
1,5,5,11.2123203,0.079407163,0.93874681,-0.021764219,-3.0,0,0.0,0.114162311,11.0
2,4,4,11.1315536,0.066855677,0.79184252,-0.021007977,-3.0,0,0.0,0.118063211,11.0
3,3,3,11.1334419,0.090978868,1.01063299,-0.024644431,-3.0,0,0.0,0.11577557,11.0
4,2,2,11.117135000000001,0.10043133800000001,0.928568602,-0.023402907,-3.0,0,0.0,0.116993174,11.0
5,1,1,11.0426264,0.15268111199999998,1.04752469,-0.027271494,-3.0,0,0.0,0.114889085,11.0
6,0,0,10.980016699999998,0.15834219800000002,1.01970434,-0.028398592,-3.0,0,0.0,0.11598045400000001,11.0
