,Unnamed: 0,Unnamed: 0.1,u,v,w,x,x bin,y,y bin,z,z bin
0,3,3,11.5710135,0.186667979,-1.30254674,-0.023236848,-3.0,0,0.0,-0.102872074,-11.0
1,2,2,11.6730633,0.19420006899999998,-1.34152544,-0.022189796,-3.0,0,0.0,-0.101589151,-11.0
2,5,5,11.304154400000002,0.213933587,-1.45709276,-0.029822741,-3.0,0,0.0,-0.10375084,-11.0
3,0,0,11.6915045,0.21307553399999998,-1.44510996,-0.023447447000000003,-3.0,0,0.0,-0.100422032,-11.0
4,6,119396,11.279497099999999,0.238008544,-1.13349664,-0.025871038,-3.0,0,0.0,-0.10878749199999999,-11.0
5,1,1,11.652359,0.215948403,-1.36870897,-0.022919379,-3.0,0,0.0,-0.101870418,-11.0
6,4,4,11.3921194,0.237674579,-1.37366486,-0.027514864,-3.0,0,0.0,-0.104541846,-11.0
