,Unnamed: 0,Unnamed: 0.1,u,v,w,x,x bin,y,y bin,z,z bin
0,7,7,11.4329433,0.070113674,1.23596025,-0.02054105,-3.0,0,0.0,0.105604544,10.0
1,8,37260,11.0798101,0.097042516,1.31462574,-0.029036477,-3.0,0,0.0,0.108002335,10.0
2,6,6,11.4037895,0.10719274,1.42506802,-0.023547914,-3.0,0,0.0,0.103056945,10.0
3,5,5,11.2347002,0.149875954,1.27184641,-0.025322549,-3.0,0,0.0,0.107662268,10.0
4,3,3,11.2451534,0.162717476,1.50710487,-0.027627045,-3.0,0,0.0,0.101236209,10.0
5,4,4,11.398076099999999,0.157455072,1.41480017,-0.023522812999999997,-3.0,0,0.0,0.10284551199999999,10.0
6,1,1,11.322087300000002,0.203548282,1.47402751,-0.025678577,-3.0,0,0.0,0.101244852,10.0
7,2,2,11.3231468,0.188893586,1.10433376,-0.020164803000000002,-3.0,0,0.0,0.109053545,10.0
8,0,0,11.325723599999998,0.23387818,1.47836637,-0.025772182,-3.0,0,0.0,0.10085815199999999,10.0
