,Unnamed: 0,Unnamed: 0.1,u,v,w,x,x bin,y,y bin,z,z bin
0,8,119407,10.9885969,0.185249448,-1.43862081,-0.034753665,-4.0,0,0.0,-0.10784482199999999,-11.0
1,2,2,11.232023199999999,0.189853102,-1.59209943,-0.032562066,-4.0,0,0.0,-0.102125965,-11.0
2,6,6,10.9812584,0.20020379100000002,-1.55080867,-0.036123604,-4.0,0,0.0,-0.105126902,-11.0
3,5,5,10.9603033,0.218339622,-1.57300639,-0.036950879,-4.0,0,0.0,-0.105508909,-11.0
4,1,1,11.1192513,0.220958591,-1.70748997,-0.036190901,-4.0,0,0.0,-0.102220356,-11.0
5,7,7,10.9624414,0.236168504,-1.54966235,-0.036825582,-4.0,0,0.0,-0.106399924,-11.0
6,4,4,11.0889845,0.24225378,-1.57830977,-0.035145111,-4.0,0,0.0,-0.10463015699999999,-11.0
7,3,3,11.1326981,0.243134081,-1.67749822,-0.035776086,-4.0,0,0.0,-0.102938108,-11.0
8,0,0,11.341022500000001,0.247553915,-1.7117784,-0.032934964,-4.0,0,0.0,-0.10070355199999999,-11.0
