,Unnamed: 0,Unnamed: 0.1,u,v,w,x,x bin,y,y bin,z,z bin
0,4,41693,10.155138,-0.002001271,4.14823771,-0.03907983,-4.0,0,0.0,0.065627947,6.0
1,3,3,10.440057800000002,0.120001495,3.90826178,-0.036683962,-4.0,0,0.0,0.067352951,6.0
2,1,1,10.2732315,0.29823181,3.96400213,-0.038926963,-4.0,0,0.0,0.067710884,6.0
3,2,2,10.520057699999999,0.332179815,3.83534575,-0.035768304,-4.0,0,0.0,0.067311049,6.0
4,0,0,10.235923800000002,0.450754344,3.98668718,-0.039064214,-4.0,0,0.0,0.06708225599999999,6.0
