,Unnamed: 0,Unnamed: 0.1,u,v,w,x,x bin,y,y bin,z,z bin
0,0,38939,10.6150293,0.052870013,0.607815325,-0.036238879,-4.0,0,0.0,0.14096972300000002,14.0
