,Unnamed: 0,Unnamed: 0.1,u,v,w,x,x bin,y,y bin,z,z bin
0,4,4,10.3396683,0.269325882,-4.14415312,-0.038123093999999996,-4.0,0,0.0,-0.070598707,-8.0
1,8,89806,11.002828599999999,0.243432552,-3.62204695,-0.037354838,-4.0,0,0.0,-0.078134053,-8.0
2,2,2,10.743805900000002,0.264704227,-3.94991732,-0.033333004,-4.0,0,0.0,-0.070046499,-8.0
3,6,6,11.0094032,0.458612621,-3.66125989,-0.038005053999999996,-4.0,0,0.0,-0.078080595,-8.0
4,5,5,10.7124443,0.485360831,-3.90720272,-0.038083099,-4.0,0,0.0,-0.07448794,-8.0
5,7,7,10.9888039,0.487835318,-3.59239006,-0.039136048,-4.0,0,0.0,-0.07930140200000001,-8.0
6,3,3,10.6942177,0.58161211,-3.94113874,-0.038399365,-4.0,0,0.0,-0.074226297,-8.0
7,1,1,10.7235537,0.6712929609999999,-3.93629527,-0.036271043,-4.0,0,0.0,-0.072483644,-8.0
8,0,0,10.9131765,0.7478538159999999,-3.74997854,-0.032099697999999996,-4.0,0,0.0,-0.070664749,-8.0
