,Unnamed: 0,Unnamed: 0.1,u,v,w,x,x bin,y,y bin,z,z bin
0,4,4,9.93832397,0.039479122,3.72587895,-0.047097959,-5.0,0,0.0,0.07421977099999999,7.0
1,6,35855,10.3225584,0.030300742000000002,3.78567958,-0.040586941,-5.0,0,0.0,0.07231327900000001,7.0
2,1,1,10.0241976,0.07728377,3.62718177,-0.047204532,-5.0,0,0.0,0.075737797,7.0
3,5,5,9.59848022,0.144020274,3.89041328,-0.048046134,-5.0,0,0.0,0.071778633,7.0
4,3,3,10.3646288,0.174613133,3.57431674,-0.042590663,-5.0,0,0.0,0.07593649599999999,7.0
5,0,0,10.1196556,0.260532945,3.46975684,-0.047599144,-5.0,0,0.0,0.077703439,7.0
6,2,2,9.81505871,0.342296362,3.82850838,-0.044746417999999996,-5.0,0,0.0,0.072324686,7.0
