,Unnamed: 0,Unnamed: 0.1,u,v,w,x,x bin,y,y bin,z,z bin
0,1,45969,6.85741282,0.16634962,5.10576868,-0.057413895,-6.0,0,0.0,0.049088232,4.0
1,0,0,6.39367628,0.7557471990000001,4.99551821,-0.058507241,-6.0,0,0.0,0.046866465,4.0
