,Unnamed: 0,Unnamed: 0.1,u,v,w,x,x bin,y,y bin,z,z bin
0,1,1,8.99153709,0.296217054,-3.70914602,-0.061221615,-7.0,0,0.0,-0.071352057,-8.0
1,2,2,8.86522007,0.30419206600000004,-3.51959395,-0.063585997,-7.0,0,0.0,-0.07162758,-8.0
2,7,99162,9.49422455,0.430047125,-3.29523468,-0.060839437,-7.0,0,0.0,-0.079448931,-8.0
3,0,0,8.97190666,0.507914364,-3.62115717,-0.062083665,-7.0,0,0.0,-0.071675889,-8.0
4,6,6,9.07151127,0.436737865,-3.16618085,-0.066011503,-7.0,0,0.0,-0.075469077,-8.0
5,3,3,9.27336693,0.529090166,-3.3050971,-0.06386701,-7.0,0,0.0,-0.075979888,-8.0
6,5,5,9.38153839,0.465783149,-3.03974128,-0.066064552,-7.0,0,0.0,-0.07849469,-8.0
7,4,4,9.2656517,0.5123875139999999,-3.14451385,-0.066268757,-7.0,0,0.0,-0.076353379,-8.0
