,Unnamed: 0,Unnamed: 0.1,u,v,w,x,x bin,y,y bin,z,z bin
0,5,28491,9.39347935,-0.080128804,2.94890594,-0.064652927,-7.0,0,0.0,0.081270345,8.0
1,4,4,9.49301624,-0.000329547,2.68459749,-0.06567603400000001,-7.0,0,0.0,0.083879963,8.0
2,2,2,9.40766716,0.027946018,2.71668553,-0.067485668,-7.0,0,0.0,0.081757277,8.0
3,3,3,9.50230503,0.073175818,2.46192789,-0.068536148,-7.0,0,0.0,0.08468277,8.0
4,1,1,9.59747982,0.119889736,2.74990225,-0.061874189,-7.0,0,0.0,0.08442177599999999,8.0
5,0,0,9.79061699,0.14795602900000002,2.39443254,-0.061681487,-7.0,0,0.0,0.089223988,8.0
