,Unnamed: 0,Unnamed: 0.1,u,v,w,x,x bin,y,y bin,z,z bin
0,5,5,6.80786657,0.067621425,4.70516539,-0.06311152099999999,-7.0,0,0.0,0.049929526,4.0
1,8,43920,6.04939175,0.056237102000000004,4.24925566,-0.06879742400000001,-7.0,0,0.0,0.043982007000000004,4.0
2,4,4,6.63422489,0.202069998,4.40079832,-0.067048274,-7.0,0,0.0,0.048584065999999995,4.0
3,1,1,6.80853224,0.30855456,4.34475374,-0.067861311,-7.0,0,0.0,0.049974423,4.0
4,3,3,6.46667147,0.339386523,4.32155323,-0.068000987,-7.0,0,0.0,0.047011014,4.0
5,6,6,5.44785452,0.6521618370000001,4.17655277,-0.068692453,-7.0,0,0.0,0.040941119,4.0
6,7,7,6.167027,0.706267834,4.65967798,-0.062869437,-7.0,0,0.0,0.04537113,4.0
7,0,0,6.69796896,0.5882679820000001,4.47400475,-0.066056497,-7.0,0,0.0,0.048399463,4.0
8,2,2,5.97393942,0.710232675,4.20664644,-0.06881815200000001,-7.0,0,0.0,0.044120148,4.0
