,Unnamed: 0,Unnamed: 0.1,u,v,w,x,x bin,y,y bin,z,z bin
0,2,77155,6.4970355,0.465383649,-3.8180182,-0.06885913,-7.0,0,0.0,-0.047212798,-5.0
1,0,0,6.38615036,0.609417081,-3.97140789,-0.06688477799999999,-7.0,0,0.0,-0.045881733,-5.0
2,1,1,6.64193249,0.7742096190000001,-3.76622915,-0.069744974,-7.0,0,0.0,-0.04833214,-5.0
