,Unnamed: 0,Unnamed: 0.1,u,v,w,x,x bin,y,y bin,z,z bin
0,2,58886,4.03775311,0.654109478,1.33762693,-0.079449534,-8.0,0,0.0,0.013994982,1.0
1,1,1,3.76078272,0.850235939,1.20536983,-0.07681495,-8.0,0,0.0,0.012105703999999998,1.0
2,0,0,3.6529398,0.989965975,1.05741405,-0.075919122,-8.0,0,0.0,0.010637831,1.0
