,Unnamed: 0,Unnamed: 0.1,u,v,w,x,x bin,y,y bin,z,z bin
0,2,69277,4.51528168,0.036027342000000004,-2.22728467,-0.078991145,-8.0,0,0.0,-0.02515503,-3.0
1,1,1,4.2009263,0.343140483,-2.02076674,-0.07656116,-8.0,0,0.0,-0.021232668,-3.0
2,0,0,4.46164989,0.844659805,-2.42427111,-0.073256403,-8.0,0,0.0,-0.024094816,-3.0
