,Unnamed: 0,Unnamed: 0.1,u,v,w,x,x bin,y,y bin,z,z bin
0,3,135819,10.194397,0.073584698,-0.936562061,-0.071668364,-8.0,0,0.0,-0.127534419,-13.0
1,2,2,10.1966724,0.092339709,-0.927124798,-0.071820155,-8.0,0,0.0,-0.127674744,-13.0
2,1,1,10.170373,0.10231482199999999,-0.927066803,-0.074053496,-8.0,0,0.0,-0.126851529,-13.0
3,0,0,10.1308107,0.116773605,-0.956415713,-0.076761045,-8.0,0,0.0,-0.124844506,-13.0
