,Unnamed: 0,Unnamed: 0.1,u,v,w,x,x bin,y,y bin,z,z bin
0,6,6,9.51036835,0.12103883900000001,-2.05172729,-0.07731296900000001,-8.0,0,0.0,-0.086598143,-9.0
1,1,1,9.30247593,0.158997282,-2.40354109,-0.07236778,-8.0,0,0.0,-0.082304135,-9.0
2,4,4,9.41302872,0.151699916,-2.07106829,-0.079440795,-8.0,0,0.0,-0.083851285,-9.0
3,8,108867,9.56757259,0.165794432,-1.9896574,-0.078525275,-8.0,0,0.0,-0.08969178800000001,-9.0
4,3,3,9.53713894,0.201032966,-2.25656581,-0.07192865,-8.0,0,0.0,-0.086103469,-9.0
5,7,7,9.5690403,0.212568998,-2.0179193,-0.078299694,-8.0,0,0.0,-0.089981765,-9.0
6,0,0,9.38235188,0.25320604399999996,-2.20776868,-0.078034282,-8.0,0,0.0,-0.083017752,-9.0
7,5,5,9.54077339,0.259083301,-2.13912106,-0.07553508099999999,-8.0,0,0.0,-0.08784975099999999,-9.0
8,2,2,9.39042282,0.283317029,-2.15308237,-0.07987973799999999,-8.0,0,0.0,-0.08429311199999999,-9.0
