,Unnamed: 0,Unnamed: 0.1,u,v,w,x,x bin,y,y bin,z,z bin
0,3,131454,10.1235924,0.096879214,-1.11566579,-0.07324507799999999,-8.0,0,0.0,-0.11902776400000001,-12.0
1,0,0,10.1031189,0.12519002,-1.18558216,-0.073537119,-8.0,0,0.0,-0.116188012,-12.0
2,2,2,10.0665703,0.147472546,-1.09280145,-0.079132937,-8.0,0,0.0,-0.118765257,-12.0
3,1,1,10.096440300000001,0.157092154,-1.09073877,-0.076760829,-8.0,0,0.0,-0.119464561,-12.0
