,Unnamed: 0,Unnamed: 0.1,u,v,w,x,x bin,y,y bin,z,z bin
0,2,2,4.23459005,0.183425322,-0.911039829,-0.083149135,-9.0,0,0.0,-0.010512517,-2.0
1,1,1,4.64085293,0.513344884,-0.79709965,-0.086355746,-9.0,0,0.0,-0.010284944,-2.0
2,3,67322,5.18252563,0.46413022299999995,-1.25052488,-0.08972440699999999,-9.0,0,0.0,-0.01777136,-2.0
3,0,0,4.39648962,0.905853152,-1.33543372,-0.080620922,-9.0,0,0.0,-0.016457263,-2.0
