,Unnamed: 0,Unnamed: 0.1,u,v,w,x,x bin,y,y bin,z,z bin
0,7,35852,7.18454456,0.20472063100000001,3.00814939,-0.083774939,-9.0,0,0.0,0.052251618,5.0
1,4,4,7.4444561,0.20396772,3.26535225,-0.080849901,-9.0,0,0.0,0.055216037,5.0
2,5,5,7.60626459,0.188239276,3.25209546,-0.08023446099999999,-9.0,0,0.0,0.05724901,5.0
3,6,6,7.03998852,0.323684126,2.97086167,-0.084253348,-9.0,0,0.0,0.050729528,5.0
4,2,2,7.82577038,0.300513983,2.51341486,-0.08876971199999999,-9.0,0,0.0,0.05769736,5.0
5,3,3,7.24223185,0.465786487,3.12751222,-0.082486987,-9.0,0,0.0,0.052918217999999996,5.0
6,0,0,7.80170631,0.375227749,2.54502749,-0.088502601,-9.0,0,0.0,0.057304833,5.0
7,1,1,7.32183552,0.6465864179999999,2.94235969,-0.08476159,-9.0,0,0.0,0.052280522999999995,5.0
