,Unnamed: 0,Unnamed: 0.1,u,v,w,x,x bin,y,y bin,z,z bin
0,5,5,8.13432121,0.130262211,2.44365454,-0.087141544,-9.0,0,0.0,0.062392067,6.0
1,3,3,8.54915428,0.077505395,2.14719224,-0.087512434,-9.0,0,0.0,0.067870945,6.0
2,7,30148,7.9578352,0.209230974,2.51518512,-0.087408833,-9.0,0,0.0,0.060105125999999995,6.0
3,2,2,8.45231056,0.109804988,2.0956502,-0.08973030800000001,-9.0,0,0.0,0.065617748,6.0
4,1,1,8.23800278,0.276196897,2.35199785,-0.08704887300000001,-9.0,0,0.0,0.063830428,6.0
5,4,4,8.10572815,0.36304754,2.42590833,-0.08724463,-9.0,0,0.0,0.06180276,6.0
6,0,0,8.5387001,0.261429191,2.34282351,-0.084264882,-9.0,0,0.0,0.068667747,6.0
7,6,6,7.86163425,0.504808307,2.76422739,-0.083452255,-9.0,0,0.0,0.060274433,6.0
