,Unnamed: 0,Unnamed: 0.1,u,v,w,x,x bin,y,y bin,z,z bin
0,5,77165,6.33479738,0.119061247,-2.04610586,-0.08995678300000001,-9.0,0,0.0,-0.036578476,-4.0
1,4,4,6.31749821,0.275095642,-2.17135835,-0.08791849,-9.0,0,0.0,-0.038343564,-4.0
2,3,3,6.05124283,0.351103961,-2.63478684,-0.081482545,-9.0,0,0.0,-0.038102633999999996,-4.0
3,1,1,5.38678503,0.49662441,-2.33444357,-0.082095131,-9.0,0,0.0,-0.031662657999999996,-4.0
4,2,2,6.06160069,0.6003469229999999,-2.18735313,-0.086757839,-9.0,0,0.0,-0.036260393,-4.0
5,0,0,5.49708271,0.756953001,-2.32172322,-0.083184674,-9.0,0,0.0,-0.031654857,-4.0
