,Unnamed: 0,Unnamed: 0.1,u,v,w,x,x bin,y,y bin,z,z bin
0,1,1,11.0408039,0.06728968,0.054725662,0.007616431,0.0,0,0.0,-0.131597996,-14.0
1,2,135885,11.0266161,0.066190802,-0.013388968999999999,0.005168982,0.0,0,0.0,-0.131565362,-14.0
2,0,0,11.015111,0.064165317,-0.036600959,0.00464977,0.0,0,0.0,-0.13188798699999998,-14.0
