,Unnamed: 0,Unnamed: 0.1,u,v,w,x,x bin,y,y bin,z,z bin
0,6,6,11.2011795,0.049776811,0.047819089,0.009318266,0.0,0,0.0,0.11844521,11.0
1,7,7,11.4018269,0.070201308,0.251119971,0.002373125,0.0,0,0.0,0.1125172,11.0
2,8,35062,11.3495693,0.068513639,0.186026424,0.0039354229999999995,0.0,0,0.0,0.1138575,11.0
3,4,4,11.3737106,0.07294408200000001,0.089912616,0.007373497,0.0,0,0.0,0.112148285,11.0
4,3,3,11.2954464,0.069582515,0.254137188,0.001095075,0.0,0,0.0,0.116543308,11.0
5,5,5,11.3511629,0.073064178,0.166994005,0.004586067,0.0,0,0.0,0.113708347,11.0
6,2,2,11.2359524,0.06695991,0.10836906,0.006889332,0.0,0,0.0,0.11780607,11.0
7,0,0,11.4243164,0.08192057900000001,0.24219296899999998,0.002932422,0.0,0,0.0,0.11180810599999999,11.0
8,1,1,11.3980007,0.082460925,0.27909970300000003,0.001426637,0.0,0,0.0,0.113149174,11.0
