,Unnamed: 0,Unnamed: 0.1,u,v,w,x,x bin,y,y bin,z,z bin
0,4,87603,8.21928406,0.139406905,2.46449971,0.10339063400000001,10.0,0,0.0,-0.057847895,-6.0
1,2,2,6.757670399999999,0.07962501799999999,2.57373762,0.10230373599999999,10.0,0,0.0,-0.050771280999999994,-6.0
2,3,3,8.42605114,-0.096929774,2.40850973,0.104943261,10.0,0,0.0,-0.05827222,-6.0
3,1,1,7.56576967,-0.198671669,2.5398531,0.108637407,10.0,0,0.0,-0.05033572,-6.0
4,0,0,7.62427044,-0.327601552,2.60374689,0.104889035,10.0,0,0.0,-0.05096174,-6.0
