,Unnamed: 0,Unnamed: 0.1,u,v,w,x,x bin,y,y bin,z,z bin
0,0,33098,10.1710472,-0.019541442,-0.786755025,0.10406733300000001,10.0,0,0.0,0.108461633,10.0
