,Unnamed: 0,Unnamed: 0.1,u,v,w,x,x bin,y,y bin,z,z bin
0,2,2,10.1701202,0.168909222,1.00525689,0.106836125,10.0,0,0.0,-0.107064195,-11.0
1,3,124863,10.224321400000001,0.09914666400000001,0.9914746879999999,0.102992333,10.0,0,0.0,-0.109091356,-11.0
2,1,1,10.2037926,0.100152276,1.00524545,0.10593643,10.0,0,0.0,-0.106903598,-11.0
3,0,0,10.2411261,0.062450718,1.00609064,0.100842237,10.0,0,0.0,-0.107663997,-11.0
