,Unnamed: 0,Unnamed: 0.1,u,v,w,x,x bin,y,y bin,z,z bin
0,2,77137,5.35730696,-0.7952679990000001,2.81896353,0.105848096,10.0,0,0.0,-0.036314149,-4.0
1,1,1,5.87269068,-0.852851987,2.84524322,0.10563428,10.0,0,0.0,-0.037964292,-4.0
2,0,0,5.47883034,-1.12438142,2.97678161,0.10124910599999999,10.0,0,0.0,-0.035848159,-4.0
