,Unnamed: 0,Unnamed: 0.1,u,v,w,x,x bin,y,y bin,z,z bin
0,5,101611,9.71064758,0.25013107100000004,1.87311459,0.101873264,10.0,0,0.0,-0.07510167400000001,-8.0
1,3,3,9.5774765,0.189321369,1.85858381,0.108324766,10.0,0,0.0,-0.07312292599999999,-8.0
2,4,4,9.76405525,0.158691436,1.83726144,0.101632863,10.0,0,0.0,-0.077604927,-8.0
3,0,0,9.53247452,0.029440271,1.93315494,0.105673149,10.0,0,0.0,-0.070976414,-8.0
4,2,2,9.70933628,0.057310559,1.74257684,0.106478848,10.0,0,0.0,-0.076711923,-8.0
5,1,1,9.77731228,0.02975508,1.70397794,0.10510741900000001,10.0,0,0.0,-0.07848841,-8.0
