,Unnamed: 0,Unnamed: 0.1,u,v,w,x,x bin,y,y bin,z,z bin
0,3,28395,9.48172188,0.045901872,-1.24856544,0.106071375,10.0,0,0.0,0.076724045,7.0
1,1,1,9.6428566,0.048148345,-1.21006441,0.106230892,10.0,0,0.0,0.079733215,7.0
2,2,2,9.43904305,0.015877025,-1.26669133,0.105863571,10.0,0,0.0,0.075901046,7.0
3,0,0,9.38594151,-0.019326601,-1.24497533,0.107807845,10.0,0,0.0,0.075958207,7.0
