,Unnamed: 0,Unnamed: 0.1,u,v,w,x,x bin,y,y bin,z,z bin
0,0,0,10.1328745,0.019377217,-0.72438699,0.110842064,11.0,0,0.0,0.112027459,11.0
1,1,37186,10.155552900000002,0.015407387,-0.6731174590000001,0.11006140699999999,11.0,0,0.0,0.117054634,11.0
