,Unnamed: 0,Unnamed: 0.1,u,v,w,x,x bin,y,y bin,z,z bin
0,0,35109,10.043496099999999,0.015585908,-0.727172852,0.12358918,12.0,0,0.0,0.10417260199999999,10.0
