,Unnamed: 0,Unnamed: 0.1,u,v,w,x,x bin,y,y bin,z,z bin
0,3,3,10.0746393,0.149422035,0.812668741,0.125149816,12.0,0,0.0,-0.113752663,-12.0
1,4,131473,10.096674,0.131144658,0.786909759,0.121969655,12.0,0,0.0,-0.116704904,-12.0
2,2,2,10.0756969,0.152731329,0.848574817,0.12327481800000001,12.0,0,0.0,-0.111386709,-12.0
3,0,0,10.0664997,0.08572422699999999,0.779298067,0.12971708199999998,12.0,0,0.0,-0.110651895,-12.0
4,1,1,10.0961123,0.065015867,0.7657955879999999,0.124322817,12.0,0,0.0,-0.113557413,-12.0
