,Unnamed: 0,Unnamed: 0.1,u,v,w,x,x bin,y,y bin,z,z bin
0,0,35747,6.61795235,0.03201462,-0.793714404,0.127007559,12.0,0,0.0,0.061075690999999994,6.0
