,Unnamed: 0,Unnamed: 0.1,u,v,w,x,x bin,y,y bin,z,z bin
0,2,2,9.43942642,0.246442318,1.56586432,0.135881171,13.0,0,0.0,-0.06662695099999999,-7.0
1,3,101612,9.54848862,0.23591224800000002,1.46888328,0.138285488,13.0,0,0.0,-0.068757743,-7.0
2,1,1,9.29157543,0.19704645899999998,1.60632765,0.137612104,13.0,0,0.0,-0.063188896,-7.0
3,0,0,9.36249828,0.06039122900000001,1.56433332,0.136864334,13.0,0,0.0,-0.065179534,-7.0
