,Unnamed: 0,Unnamed: 0.1,u,v,w,x,x bin,y,y bin,z,z bin
0,1,1,10.1163549,0.055683449,0.46251142,0.13721469,13.0,0,0.0,-0.141443521,-15.0
1,0,0,10.1105709,0.050441999,0.45565021,0.13941507,13.0,0,0.0,-0.141402975,-15.0
2,2,143814,10.1146393,0.050116692000000004,0.444405615,0.139493242,13.0,0,0.0,-0.14310795099999998,-15.0
