,Unnamed: 0,Unnamed: 0.1,u,v,w,x,x bin,y,y bin,z,z bin
0,1,43218,10.0599785,0.021926504,-0.47017607100000003,0.138557047,13.0,0,0.0,0.12541253900000002,12.0
1,0,0,10.0617285,0.017271133,-0.470920265,0.138564348,13.0,0,0.0,0.12493185,12.0
