,Unnamed: 0,Unnamed: 0.1,u,v,w,x,x bin,y,y bin,z,z bin
0,4,36182,9.95964813,0.044944525,-0.684101999,0.13805620400000002,13.0,0,0.0,0.09893859199999999,9.0
1,3,3,9.90871525,0.054938398,-0.7408216,0.138246268,13.0,0,0.0,0.093937449,9.0
2,2,2,9.94711781,0.03072861,-0.703970671,0.137951821,13.0,0,0.0,0.096985236,9.0
3,0,0,9.88490868,0.02462559,-0.791672587,0.135538191,13.0,0,0.0,0.09120262400000001,9.0
4,1,1,9.99257565,-0.008445447,-0.6949611309999999,0.13355577,13.0,0,0.0,0.099744462,9.0
