,Unnamed: 0,Unnamed: 0.1,u,v,w,x,x bin,y,y bin,z,z bin
0,6,6,10.0459538,0.124813847,0.6997256279999999,0.135460734,13.0,0,0.0,-0.117293663,-12.0
1,2,2,10.0574503,0.13379398,0.787927747,0.131128341,13.0,0,0.0,-0.112393573,-12.0
2,0,0,10.039979,0.133960575,0.776720583,0.13649109,13.0,0,0.0,-0.110403635,-12.0
3,5,5,10.072336199999999,0.09450165199999999,0.722282767,0.131079271,13.0,0,0.0,-0.11706631599999999,-12.0
4,7,132999,10.0576277,0.085873134,0.670285583,0.137987226,13.0,0,0.0,-0.118183032,-12.0
5,4,4,10.066925,0.08937823,0.7285052540000001,0.13228321099999998,13.0,0,0.0,-0.115221694,-12.0
6,1,1,10.0574703,0.08234854,0.727452755,0.135004029,13.0,0,0.0,-0.113142312,-12.0
7,3,3,10.0695124,0.070463792,0.706328154,0.13300204300000001,13.0,0,0.0,-0.115924679,-12.0
