,Unnamed: 0,Unnamed: 0.1,u,v,w,x,x bin,y,y bin,z,z bin
0,2,2,9.93737602,0.21008580899999998,1.00676477,0.14330171,14.0,0,0.0,-0.09156650300000001,-10.0
1,4,117447,9.964416499999999,0.154332474,0.935771227,0.144413188,14.0,0,0.0,-0.09400515300000001,-10.0
2,1,1,9.94732571,0.14658165,0.999584556,0.14240694,14.0,0,0.0,-0.091169946,-10.0
3,3,3,9.97777462,0.129923195,0.862807095,0.149740681,14.0,0,0.0,-0.094146907,-10.0
4,0,0,9.96369934,0.120829076,0.9651024340000001,0.14222104800000002,14.0,0,0.0,-0.092609666,-10.0
