,Unnamed: 0,Unnamed: 0.1,u,v,w,x,x bin,y,y bin,z,z bin
0,6,6,9.84016323,0.090420313,-0.7556982640000001,0.145459175,14.0,0,0.0,0.08613676599999999,8.0
1,4,4,9.75040245,0.098463699,-0.7435837390000001,0.148571283,14.0,0,0.0,0.083329395,8.0
2,5,5,9.47093487,0.092763685,-0.8062055709999999,0.142021388,14.0,0,0.0,0.081096605,8.0
3,7,32051,9.86773777,0.081464648,-0.756704807,0.143120274,14.0,0,0.0,0.08830829,8.0
4,3,3,9.75742054,0.079936735,-0.802922606,0.143673688,14.0,0,0.0,0.083776079,8.0
5,1,1,9.65099716,0.07850765400000001,-0.7830545309999999,0.147971094,14.0,0,0.0,0.080384627,8.0
6,2,2,9.773839,0.059053917,-0.769596398,0.146342754,14.0,0,0.0,0.084068775,8.0
7,0,0,9.91127968,0.009446986,-0.705890775,0.14831689,14.0,0,0.0,0.088170901,8.0
