,Unnamed: 0,Unnamed: 0.1,u,v,w,x,x bin,y,y bin,z,z bin
0,5,83332,6.74678946,-0.272974581,1.91466153,0.147100493,14.0,0,0.0,-0.033653792,-4.0
1,4,4,7.08927202,-0.223157763,1.98559618,0.145556301,14.0,0,0.0,-0.036218226,-4.0
2,3,3,6.83533239,-0.48835027200000003,1.91248262,0.14990703800000002,14.0,0,0.0,-0.030805357000000002,-4.0
3,2,2,7.28758717,-0.459457815,1.977965,0.148351446,14.0,0,0.0,-0.034337286,-4.0
4,0,0,6.90033484,-0.6142140629999999,2.05468678,0.145085692,14.0,0,0.0,-0.030545007,-4.0
5,1,1,7.45323086,-0.4673370120000001,2.06130385,0.142625928,14.0,0,0.0,-0.037248623,-4.0
