,Unnamed: 0,Unnamed: 0.1,u,v,w,x,x bin,y,y bin,z,z bin
0,5,5,9.243212699999999,0.246297687,1.49639988,0.148574293,14.0,0,0.0,-0.060553704000000014,-7.0
1,7,99187,9.52177238,0.197146207,1.40894437,0.144584909,14.0,0,0.0,-0.066879898,-7.0
2,1,1,9.38179207,0.130257398,1.41924798,0.14815174,14.0,0,0.0,-0.064017952,-7.0
3,0,0,9.22566795,0.114327617,1.50105619,0.146900892,14.0,0,0.0,-0.060817495,-7.0
4,4,4,9.45361328,0.116540425,1.41523385,0.145484328,14.0,0,0.0,-0.065854311,-7.0
5,6,6,9.58762169,0.114317998,1.29597497,0.149640203,14.0,0,0.0,-0.068443216,-7.0
6,3,3,9.46010208,0.040748242000000004,1.40928531,0.144409016,14.0,0,0.0,-0.065612249,-7.0
7,2,2,9.51947403,0.025818858,1.34411645,0.14568446599999998,14.0,0,0.0,-0.067492046,-7.0
