,Unnamed: 0,Unnamed: 0.1,u,v,w,x,x bin,y,y bin,z,z bin
0,6,138474,10.066800099999998,0.073262937,0.517402053,0.14351511,14.0,0,0.0,-0.129929945,-13.0
1,2,2,10.0193005,0.11085653300000001,0.595918655,0.146021068,14.0,0,0.0,-0.120220341,-13.0
2,4,4,10.033367199999999,0.084487625,0.5750036239999999,0.149430588,14.0,0,0.0,-0.121396005,-13.0
3,5,5,10.0420752,0.080656931,0.5870165820000001,0.145954862,14.0,0,0.0,-0.12179888,-13.0
4,3,3,10.052597,0.077852085,0.607103109,0.14125111699999998,14.0,0,0.0,-0.122020431,-13.0
5,1,1,10.0596848,0.059776124000000014,0.60293752,0.142384037,14.0,0,0.0,-0.121109165,-13.0
6,0,0,10.063117,0.032683283,0.549189687,0.147610247,14.0,0,0.0,-0.12145151900000001,-13.0
