,Unnamed: 0,Unnamed: 0.1,u,v,w,x,x bin,y,y bin,z,z bin
0,2,39782,5.87938833,-0.03462252,-0.369463176,0.15357726800000002,15.0,0,0.0,0.054795950999999996,5.0
1,0,0,6.72611761,0.028252697,-0.510853171,0.155717283,15.0,0,0.0,0.058271486,5.0
2,1,1,5.88973522,-0.070556812,-0.432973206,0.155975014,15.0,0,0.0,0.052790195,5.0
