,Unnamed: 0,Unnamed: 0.1,u,v,w,x,x bin,y,y bin,z,z bin
0,2,108903,9.88245487,0.21113637100000002,1.05469859,0.152940512,15.0,0,0.0,-0.082115278,-9.0
1,0,0,9.86042213,0.10915285300000001,1.01747274,0.153580248,15.0,0,0.0,-0.081934147,-9.0
2,1,1,9.90843773,0.114324272,0.973123074,0.152629539,15.0,0,0.0,-0.08468644300000001,-9.0
