,Unnamed: 0,Unnamed: 0.1,u,v,w,x,x bin,y,y bin,z,z bin
0,0,33743,4.59815311,-0.508641005,-0.077496573,0.158176214,15.0,0,0.0,0.038550969,3.0
