,Unnamed: 0,Unnamed: 0.1,u,v,w,x,x bin,y,y bin,z,z bin
0,0,129864,10.0114422,0.083441652,0.590225518,0.159792945,15.0,0,0.0,-0.112402879,-12.0
