,Unnamed: 0,Unnamed: 0.1,u,v,w,x,x bin,y,y bin,z,z bin
0,3,75141,5.9693265,-1.34596348,1.10829294,0.156516761,15.0,0,0.0,-0.019888077,-2.0
1,2,2,5.7030592,-1.40238976,0.8413457870000001,0.155619964,15.0,0,0.0,-0.017403818999999997,-2.0
2,1,1,6.33198929,-0.640986025,1.13049221,0.158196598,15.0,0,0.0,-0.018682063,-2.0
3,0,0,6.31023216,-0.410868436,1.23748112,0.15633601,15.0,0,0.0,-0.018386625,-2.0
