,Unnamed: 0,Unnamed: 0.1,u,v,w,x,x bin,y,y bin,z,z bin
0,5,37193,10.000453,0.015351113999999999,-0.42247811,0.162597895,16.0,0,0.0,0.11699523,11.0
1,4,4,9.98949623,0.018667523,-0.41957444,0.167062253,16.0,0,0.0,0.113958277,11.0
2,2,2,9.98312187,0.012281663,-0.444951475,0.165744066,16.0,0,0.0,0.110030696,11.0
3,3,3,9.99462128,0.000582987,-0.457637101,0.160177425,16.0,0,0.0,0.11222048800000001,11.0
4,0,0,9.99261379,-0.001255061,-0.436860889,0.16644805699999998,16.0,0,0.0,0.110986002,11.0
5,1,1,10.003340699999999,-0.005189878,-0.431065917,0.16384986,16.0,0,0.0,0.11428473900000001,11.0
