,Unnamed: 0,Unnamed: 0.1,u,v,w,x,x bin,y,y bin,z,z bin
0,2,124881,9.97335243,0.137178302,0.593321741,0.166412234,16.0,0,0.0,-0.105052754,-11.0
1,0,0,9.97062206,0.138712049,0.606891036,0.168050408,16.0,0,0.0,-0.10276319800000001,-11.0
2,1,1,10.0078201,0.074213058,0.5688328739999999,0.169585302,16.0,0,0.0,-0.105372153,-11.0
