,Unnamed: 0,Unnamed: 0.1,u,v,w,x,x bin,y,y bin,z,z bin
0,1,87528,8.8555212,-0.049156400999999995,1.5229615,0.162360847,16.0,0,0.0,-0.049352199000000006,-5.0
1,0,0,8.31219673,-0.28420499,1.66387427,0.16198073300000002,16.0,0,0.0,-0.041141145,-5.0
