,Unnamed: 0,Unnamed: 0.1,u,v,w,x,x bin,y,y bin,z,z bin
0,3,47378,10.0331898,0.035667136,-0.35156998,0.162754565,16.0,0,0.0,0.12980181,12.0
1,0,0,10.0060282,0.025844382000000003,-0.369910926,0.16995444899999998,16.0,0,0.0,0.121062361,12.0
2,2,2,10.0357132,0.011915108,-0.376475513,0.16012302,16.0,0,0.0,0.126202822,12.0
3,1,1,10.0424843,-0.000489075,-0.370014012,0.16096243300000002,16.0,0,0.0,0.126250416,12.0
