,Unnamed: 0,Unnamed: 0.1,u,v,w,x,x bin,y,y bin,z,z bin
0,3,28313,9.26429176,0.08205302099999999,-0.579220831,0.16714479,16.0,0,0.0,0.076767229,7.0
1,2,2,9.05211258,0.069595054,-0.620317459,0.16046923400000002,16.0,0,0.0,0.07256598,7.0
2,1,1,8.99274254,0.075220898,-0.6310852770000001,0.162466466,16.0,0,0.0,0.07133047299999999,7.0
3,0,0,9.30098534,0.069928102,-0.650873959,0.163738489,16.0,0,0.0,0.073356323,7.0
