,Unnamed: 0,Unnamed: 0.1,u,v,w,x,x bin,y,y bin,z,z bin
0,0,129871,9.99657345,0.097654313,0.549144804,0.16697546800000002,16.0,0,0.0,-0.11228583,-12.0
