,Unnamed: 0,Unnamed: 0.1,u,v,w,x,x bin,y,y bin,z,z bin
0,3,75115,6.32600069,-1.27171075,0.760802031,0.17412383899999995,17.0,0,0.0,-0.017871384,-2.0
1,2,2,6.77295256,-0.856214464,0.778222263,0.177997187,17.0,0,0.0,-0.01820104,-2.0
2,1,1,6.32076597,-0.613542199,0.658984721,0.177765951,17.0,0,0.0,-0.016046943,-2.0
3,0,0,6.21668386,-0.278529972,0.744462848,0.177675635,17.0,0,0.0,-0.015164994,-2.0
