,Unnamed: 0,Unnamed: 0.1,u,v,w,x,x bin,y,y bin,z,z bin
0,2,35110,9.95192719,0.028629374,-0.458174974,0.172275499,17.0,0,0.0,0.10128069699999999,10.0
1,1,1,9.9644289,0.014273401000000003,-0.447053581,0.173306853,17.0,0,0.0,0.101729997,10.0
2,0,0,9.97165966,0.00537819,-0.434872091,0.175641805,17.0,0,0.0,0.10130888199999999,10.0
