,Unnamed: 0,Unnamed: 0.1,u,v,w,x,x bin,y,y bin,z,z bin
0,0,128231,10.025413499999999,0.049304515,0.518217027,0.173782557,17.0,0,0.0,-0.11039470900000001,-12.0
