,Unnamed: 0,Unnamed: 0.1,u,v,w,x,x bin,y,y bin,z,z bin
0,3,33983,7.84649277,0.030253084,-0.30392298100000004,0.182531759,18.0,0,0.0,0.064325765,6.0
1,2,2,8.49032593,0.049676508,-0.338355929,0.187886491,18.0,0,0.0,0.067806043,6.0
2,0,0,8.52308846,0.063061386,-0.3767187,0.188833505,18.0,0,0.0,0.066883951,6.0
3,1,1,8.15333366,0.050738535999999994,-0.41243079299999996,0.187685296,18.0,0,0.0,0.06226483400000001,6.0
