,Unnamed: 0,Unnamed: 0.1,u,v,w,x,x bin,y,y bin,z,z bin
0,0,145430,10.0518961,0.050486714,0.311659813,0.18742834,18.0,0,0.0,-0.148951203,-15.0
