,Unnamed: 0,Unnamed: 0.1,u,v,w,x,x bin,y,y bin,z,z bin
0,1,37247,9.97050667,0.045308244000000004,-0.371185958,0.182025135,18.0,0,0.0,0.111442477,11.0
1,0,0,9.97349834,0.036838651,-0.35665473299999995,0.18659009,18.0,0,0.0,0.110439435,11.0
