,Unnamed: 0,Unnamed: 0.1,u,v,w,x,x bin,y,y bin,z,z bin
0,1,1,9.91090584,0.056977086,-0.389700204,0.1904587,19.0,0,0.0,0.09622886,9.0
1,2,39366,9.94174004,0.050589018,-0.381928444,0.19034179999999998,19.0,0,0.0,0.09915460699999999,9.0
2,0,0,9.88875008,0.056938699999999995,-0.3728468720000001,0.19512099,19.0,0,0.0,0.09335549900000001,9.0
