,Unnamed: 0,Unnamed: 0.1,u,v,w,x,x bin,y,y bin,z,z bin
0,4,94453,9.38586998,0.066660129,1.12580931,0.19719490399999998,19.0,0,0.0,-0.051725499,-6.0
1,2,2,9.36734676,-0.008840576,1.117607,0.194232255,19.0,0,0.0,-0.052032616,-6.0
2,3,3,9.51695919,0.013296869,1.03636146,0.19138138,19.0,0,0.0,-0.057829052,-6.0
3,0,0,9.36822319,-0.07286725200000001,1.08409929,0.195399553,19.0,0,0.0,-0.051800760999999994,-6.0
4,1,1,9.44985962,-0.05204843,1.04288387,0.194279552,19.0,0,0.0,-0.054752588,-6.0
