,Unnamed: 0,Unnamed: 0.1,u,v,w,x,x bin,y,y bin,z,z bin
0,6,104018,9.76621437,0.16307503,0.907696545,0.19856523,19.0,0,0.0,-0.064515546,-7.0
1,5,5,9.79928684,0.12606252699999998,0.873894095,0.192120522,19.0,0,0.0,-0.068935074,-7.0
2,4,4,9.76603508,0.08136573400000001,0.877909064,0.19552165300000002,19.0,0,0.0,-0.066287145,-7.0
3,2,2,9.68757915,0.04612122900000002,0.942705035,0.19026139399999997,19.0,0,0.0,-0.063376524,-7.0
4,3,3,9.82563877,0.07543183099999999,0.8147397040000001,0.198042989,19.0,0,0.0,-0.069452927,-7.0
5,1,1,9.72602463,0.032802127,0.8977063890000001,0.191867411,19.0,0,0.0,-0.065334633,-7.0
6,0,0,9.77567673,0.030189997000000007,0.8367341759999999,0.197910845,19.0,0,0.0,-0.06670633,-7.0
