,Unnamed: 0,Unnamed: 0.1,u,v,w,x,x bin,y,y bin,z,z bin
0,0,35817,5.463623999999999,-0.343158036,0.07112439,0.19176316300000001,19.0,0,0.0,0.041875437,4.0
