,Unnamed: 0,Unnamed: 0.1,u,v,w,x,x bin,y,y bin,z,z bin
0,1,39357,9.95381546,0.048744574000000006,-0.377303183,0.190330356,19.0,0,0.0,0.100732036,10.0
1,0,0,9.97572708,0.014521826000000003,-0.364897728,0.190143421,19.0,0,0.0,0.102959655,10.0
