,Unnamed: 0,Unnamed: 0.1,u,v,w,x,x bin,y,y bin,z,z bin
0,0,0,9.98170376,0.039641067,-0.293945372,0.199626058,19.0,0,0.0,0.112879597,11.0
1,1,39276,9.98868465,0.036001496,-0.301631689,0.194500029,19.0,0,0.0,0.11558988699999999,11.0
