,Unnamed: 0,Unnamed: 0.1,u,v,w,x,x bin,y,y bin,z,z bin
0,3,3,10.6031828,-0.01181011,-1.09754634,0.020389248000000002,2.0,0,0.0,0.077520773,7.0
1,7,39748,9.99736977,-0.011485395,-1.48709583,0.026163977,2.0,0,0.0,0.074491225,7.0
2,2,2,10.2406445,-0.018574679,-1.41969776,0.027222829,2.0,0,0.0,0.0779045,7.0
3,4,4,10.2429543,-0.017219003,-1.42181385,0.028327918,2.0,0,0.0,0.078512766,7.0
4,6,6,10.0452471,-0.047498886,-1.48456526,0.025867483,2.0,0,0.0,0.075083412,7.0
5,1,1,9.88623619,-0.04380117,-1.56549037,0.029605245,2.0,0,0.0,0.075317174,7.0
6,0,0,10.4535933,-0.059198383,-1.18740654,0.020915031,2.0,0,0.0,0.07649326299999999,7.0
7,5,5,10.1508436,-0.077202767,-1.43252563,0.023693876000000003,2.0,0,0.0,0.074903734,7.0
