,Unnamed: 0,Unnamed: 0.1,u,v,w,x,x bin,y,y bin,z,z bin
0,2,2,11.4668493,0.15486878199999998,1.02805042,0.027799052999999997,2.0,0,0.0,-0.10598681900000001,-11.0
1,4,119409,11.3636036,0.12837474,0.9453134540000001,0.02890286,2.0,0,0.0,-0.10950644300000001,-11.0
2,0,0,11.7933607,0.142451808,0.85549742,0.020274956,2.0,0,0.0,-0.10148342,-11.0
3,1,1,11.6207991,0.117862642,0.688785195,0.02083274,2.0,0,0.0,-0.107933521,-11.0
4,3,3,11.5027313,0.0823645,0.8046996,0.024437415,2.0,0,0.0,-0.108606428,-11.0
