,Unnamed: 0,Unnamed: 0.1,u,v,w,x,x bin,y,y bin,z,z bin
0,4,4,11.1592941,0.200478956,2.13419485,0.030762507,3.0,0,0.0,-0.084309176,-9.0
1,2,2,11.1407194,0.107526809,2.22362471,0.030930864,3.0,0,0.0,-0.08314590200000001,-9.0
2,7,99150,11.0756397,0.091097549,2.10208464,0.037846286,3.0,0,0.0,-0.089263253,-9.0
3,0,0,11.160162,0.018190876,2.25033712,0.030192278,3.0,0,0.0,-0.082188271,-9.0
4,6,6,10.7881775,0.034378208,2.3541913,0.03973639,3.0,0,0.0,-0.08590667699999999,-9.0
5,3,3,11.0454693,0.014321625,2.26608753,0.033588465,3.0,0,0.0,-0.083970338,-9.0
6,5,5,11.4052868,0.035402685,1.95457017,0.030049922000000007,3.0,0,0.0,-0.08682355300000001,-9.0
7,1,1,11.060229300000001,-0.015049197,2.28527856,0.032697842000000005,3.0,0,0.0,-0.083085507,-9.0
