,Unnamed: 0,Unnamed: 0.1,u,v,w,x,x bin,y,y bin,z,z bin
0,0,39273,10.8371906,0.029053073,-0.44493409999999994,0.036985409,3.0,0,0.0,0.12338303800000001,12.0
