,Unnamed: 0,Unnamed: 0.1,u,v,w,x,x bin,y,y bin,z,z bin
0,6,6,10.781229,0.063092731,-1.16207528,0.035028212,3.0,0,0.0,0.093443058,9.0
1,7,30311,10.9121246,0.059646014000000004,-1.08288479,0.034909613,3.0,0,0.0,0.095984109,9.0
2,3,3,10.695088400000001,0.059512775,-1.20356011,0.035683714,3.0,0,0.0,0.092584893,9.0
3,4,4,11.1045055,0.033279248,-1.02568316,0.033294588,3.0,0,0.0,0.095716499,9.0
4,5,5,11.0231094,0.02687915,-1.07015765,0.035839539,3.0,0,0.0,0.09662256400000001,9.0
5,2,2,10.7588472,-0.002658053,-1.23917699,0.039560974,3.0,0,0.0,0.093870819,9.0
6,0,0,11.2423439,-0.035331179,-1.00354218,0.034390245,3.0,0,0.0,0.096096255,9.0
7,1,1,11.3524647,-0.046881255,-1.02205467,0.031399149,3.0,0,0.0,0.092079334,9.0
