,Unnamed: 0,Unnamed: 0.1,u,v,w,x,x bin,y,y bin,z,z bin
0,1,126532,11.0267935,0.112264104,0.772643745,0.038164299,3.0,0,0.0,-0.118624516,-12.0
1,0,0,11.0479345,0.112339623,0.863710403,0.03996972,3.0,0,0.0,-0.115292124,-12.0
