,Unnamed: 0,Unnamed: 0.1,u,v,w,x,x bin,y,y bin,z,z bin
0,3,3,10.5855532,0.296462089,2.52608871,0.047325782999999996,4.0,0,0.0,-0.083467864,-9.0
1,1,1,10.537027400000001,0.17913207399999995,2.58382988,0.043737266,4.0,0,0.0,-0.082335614,-9.0
2,2,2,10.5147619,0.159529209,2.58752346,0.046896905,4.0,0,0.0,-0.083130628,-9.0
3,7,99266,10.9470177,0.220674664,2.14271593,0.048164159000000005,4.0,0,0.0,-0.089484245,-9.0
4,4,4,10.7538404,0.16075258,2.37153554,0.045636835999999986,4.0,0,0.0,-0.08634592599999999,-9.0
5,6,6,10.954907400000002,0.190756127,2.09974694,0.048751935,4.0,0,0.0,-0.089989811,-9.0
6,0,0,10.3345966,0.052223407,2.71432543,0.048568934,4.0,0,0.0,-0.081612356,-9.0
7,5,5,10.9851131,0.059733234,2.14887762,0.042625181,4.0,0,0.0,-0.089576192,-9.0
