,Unnamed: 0,Unnamed: 0.1,u,v,w,x,x bin,y,y bin,z,z bin
0,1,1,10.1107101,0.075186893,-1.51662374,0.040165301,4.0,0,0.0,0.086290725,8.0
1,0,0,10.278633099999999,0.027413871,-1.44729781,0.043131143,4.0,0,0.0,0.08923240800000001,8.0
2,2,31961,9.65982056,0.035404101,-1.73794854,0.043617785,4.0,0,0.0,0.080548279,8.0
