,Unnamed: 0,Unnamed: 0.1,u,v,w,x,x bin,y,y bin,z,z bin
0,1,128244,10.821353,0.12420705,0.9675232770000001,0.050558742000000004,5.0,0,0.0,-0.118854575,-12.0
1,0,0,10.8439159,0.092330404,1.06704831,0.052855067,5.0,0,0.0,-0.113989122,-12.0
