,Unnamed: 0,Unnamed: 0.1,u,v,w,x,x bin,y,y bin,z,z bin
0,1,81234,6.23335314,0.24697929600000001,2.51537418,0.06938770400000001,6.0,0,0.0,-0.059952310999999994,-6.0
1,0,0,5.80394077,0.154635713,2.4760673,0.068632193,6.0,0,0.0,-0.058672551,-6.0
