,Unnamed: 0,Unnamed: 0.1,u,v,w,x,x bin,y,y bin,z,z bin
0,6,30285,10.3505602,0.050123647,-1.38950825,0.068683446,6.0,0,0.0,0.08939597,8.0
1,3,3,10.3791714,0.027936833,-1.44733095,0.064557776,6.0,0,0.0,0.08785218800000001,8.0
2,4,4,9.98384571,0.013884833999999999,-1.52666998,0.068488866,6.0,0,0.0,0.08127182,8.0
3,2,2,10.338477099999999,0.018327344,-1.45351052,0.066046551,6.0,0,0.0,0.087297335,8.0
4,5,5,9.60930443,-0.035641789,-1.5270586000000002,0.06198096700000001,6.0,0,0.0,0.08028809,8.0
5,0,0,10.4113483,-0.015667575,-1.38861084,0.066147551,6.0,0,0.0,0.089918599,8.0
6,1,1,10.3612337,-0.021728821,-1.41879869,0.066697761,6.0,0,0.0,0.088147536,8.0
