,Unnamed: 0,Unnamed: 0.1,u,v,w,x,x bin,y,y bin,z,z bin
0,5,108901,10.4991722,0.240608558,1.84077215,0.067955442,6.0,0,0.0,-0.094133757,-10.0
1,2,2,10.61759,0.219237357,2.00586939,0.061739359,6.0,0,0.0,-0.091616005,-10.0
2,3,3,10.5442905,0.206196889,1.90748417,0.06576395,6.0,0,0.0,-0.093208477,-10.0
3,4,4,10.6907902,0.114934236,1.74231958,0.060335707,6.0,0,0.0,-0.096968338,-10.0
4,0,0,10.5728235,0.086958461,1.95157599,0.063458979,6.0,0,0.0,-0.091060266,-10.0
5,1,1,10.554192500000001,0.082372904,1.82721794,0.066718087,6.0,0,0.0,-0.092871353,-10.0
