,Unnamed: 0,Unnamed: 0.1,u,v,w,x,x bin,y,y bin,z,z bin
0,6,6,10.3648176,0.052109167000000005,-1.32585013,0.07152180400000001,7.0,0,0.0,0.09186209,9.0
1,4,4,10.3434334,0.039660323,-1.33554721,0.07246947299999999,7.0,0,0.0,0.091434419,9.0
2,7,32087,10.423831,0.02389095,-1.16455591,0.07447055,7.0,0,0.0,0.098948985,9.0
3,1,1,10.445459399999999,0.010519995,-1.27963781,0.070111424,7.0,0,0.0,0.09472286,9.0
4,5,5,10.3891954,0.0018752270000000001,-1.12214768,0.07767645299999999,7.0,0,0.0,0.09932229699999999,9.0
5,2,2,10.4186163,-0.014652316,-1.15819728,0.074908719,7.0,0,0.0,0.098276213,9.0
6,3,3,10.3912067,-0.022915377999999997,-1.11298668,0.077599093,7.0,0,0.0,0.099230945,9.0
7,0,0,10.4779968,-0.039480828,-1.2249378,0.070771448,7.0,0,0.0,0.095666736,9.0
