,Unnamed: 0,Unnamed: 0.1,u,v,w,x,x bin,y,y bin,z,z bin
0,0,0,10.4362602,0.177271172,1.07086492,0.076585159,7.0,0,0.0,-0.114499584,-12.0
1,1,129855,10.4818707,0.09131739300000001,0.9357542990000001,0.074311175,7.0,0,0.0,-0.11991908400000001,-12.0
