,Unnamed: 0,Unnamed: 0.1,u,v,w,x,x bin,y,y bin,z,z bin
0,2,87602,8.06135273,0.256560296,2.6133275,0.077566519,7.0,0,0.0,-0.065940008,-7.0
1,0,0,7.13642454,0.065543175,2.72070599,0.074055992,7.0,0,0.0,-0.060900733,-7.0
2,1,1,8.84898186,0.032288916,2.8137641,0.070390791,7.0,0,0.0,-0.068743341,-7.0
