,Unnamed: 0,Unnamed: 0.1,u,v,w,x,x bin,y,y bin,z,z bin
0,0,0,9.49061775,-0.016582202,-1.47017765,0.078796506,7.0,0,0.0,0.07812975400000001,7.0
1,2,2,8.7246685,-0.036872514,-1.45764375,0.070240632,7.0,0,0.0,0.074735262,7.0
2,3,35840,7.73019123,-0.022803575,-1.38059986,0.071142405,7.0,0,0.0,0.071033053,7.0
3,1,1,7.53870487,0.0057404809999999995,-1.3636266000000001,0.071969032,7.0,0,0.0,0.071135759,7.0
