,Unnamed: 0,Unnamed: 0.1,u,v,w,x,x bin,y,y bin,z,z bin
0,0,137207,10.3591709,0.062578023,0.698971033,0.08294116,8.0,0,0.0,-0.130511895,-14.0
