,Unnamed: 0,Unnamed: 0.1,u,v,w,x,x bin,y,y bin,z,z bin
0,4,4,5.39103794,-0.027124707,-0.91426158,0.081799857,8.0,0,0.0,0.064624555,6.0
1,5,39778,4.87620735,-0.011088467,-0.839725018,0.08362276099999999,8.0,0,0.0,0.063626766,6.0
2,1,1,7.30556536,-0.050564252000000004,-1.2708925,0.084724732,8.0,0,0.0,0.068637356,6.0
3,3,3,4.89846706,-0.012644447,-0.918407738,0.08364293,8.0,0,0.0,0.06285850700000001,6.0
4,0,0,5.755119799999999,-0.019328702,-1.05109143,0.083667353,8.0,0,0.0,0.06503398,6.0
5,2,2,5.42702579,-0.021923047,-1.07157302,0.08190940299999999,8.0,0,0.0,0.063893758,6.0
