,Unnamed: 0,Unnamed: 0.1,u,v,w,x,x bin,y,y bin,z,z bin
0,3,3,10.3608084,0.153420627,1.00170064,0.081854552,8.0,0,0.0,-0.116716646,-12.0
1,2,2,10.3015776,0.128408834,0.9823747279999999,0.089825869,8.0,0,0.0,-0.11444450199999999,-12.0
2,0,0,10.2958593,0.11845959699999999,1.07155752,0.089963675,8.0,0,0.0,-0.110830002,-12.0
3,1,1,10.431531,0.066522203,0.983700931,0.08057194200000001,8.0,0,0.0,-0.114882395,-12.0
4,4,129848,10.3804998,0.054026157000000005,0.880905032,0.083688103,8.0,0,0.0,-0.119755276,-12.0
