,Unnamed: 0,Unnamed: 0.1,u,v,w,x,x bin,y,y bin,z,z bin
0,0,35089,10.3338194,0.017916655,-0.752408504,0.0862763,8.0,0,0.0,0.116003908,11.0
