,Unnamed: 0,Unnamed: 0.1,u,v,w,x,x bin,y,y bin,z,z bin
0,0,119420,10.2881556,0.17862156,1.33247519,0.08637958800000001,8.0,0,0.0,-0.102240421,-11.0
